utility,rule,player_uid,primary_value,primary_rank,sign,source,seed_std_population,seed_std_sample,utility_condition_id,rule_id,estimator_id,is_exact,budget,seed_mean,seed_std,seed_sign_agreement,status,value_artifact_sha256
U0,StandaloneUtility,rq4pl_0532a4cb6907f03e27619a0515bb2e6743c95c10734472fdf9b78259d4b7de0d,0.65353122222222226,62,1,EXACT_ANALYTICAL,,,RQ4_U0_MEAN_CONTROL_v1.0,StandaloneUtility,ExactAnalyticalReference,True,,,,,COMPLETE,2a93d7b6a937ad9de8d0ac9298f66317fb5515d2152fa9795b8e78528239a2c8
U0,StandaloneUtility,rq4pl_09be7cd9da11fbfb20ba616d65fb61ae0935d8c47abad11a95638192b4ab78a0,0.75663244732064416,42,1,EXACT_ANALYTICAL,,,RQ4_U0_MEAN_CONTROL_v1.0,StandaloneUtility,ExactAnalyticalReference,True,,,,,COMPLETE,2a93d7b6a937ad9de8d0ac9298f66317fb5515d2152fa9795b8e78528239a2c8
U0,StandaloneUtility,rq4pl_1a5ade7ebe21d184c51a0987dde4ae0f770fe7723ce0cbcc92a96f9caa08b59c,0.95178707189110168,2,1,EXACT_ANALYTICAL,,,RQ4_U0_MEAN_CONTROL_v1.0,StandaloneUtility,ExactAnalyticalReference,True,,,,,COMPLETE,2a93d7b6a937ad9de8d0ac9298f66317fb5515d2152fa9795b8e78528239a2c8
U0,StandaloneUtility,rq4pl_1c77b9285da3e18e2c9d13b01da8a49b4cbd86cce0d8c763e1f8a0ca9cef0d5e,0.757386,41,1,EXACT_ANALYTICAL,,,RQ4_U0_MEAN_CONTROL_v1.0,StandaloneUtility,ExactAnalyticalReference,True,,,,,COMPLETE,2a93d7b6a937ad9de8d0ac9298f66317fb5515d2152fa9795b8e78528239a2c8
U0,StandaloneUtility,rq4pl_1d855e88db60ee7025904aa8a525479548a77e0d19058f0c53427d2ec1bb6f3c,0.49869655375424299,78,1,EXACT_ANALYTICAL,,,RQ4_U0_MEAN_CONTROL_v1.0,StandaloneUtility,ExactAnalyticalReference,True,,,,,COMPLETE,2a93d7b6a937ad9de8d0ac9298f66317fb5515d2152fa9795b8e78528239a2c8
U0,StandaloneUtility,rq4pl_1f2b5330032d1122ed72a49f4c7e06d2316e19613ae92835c3fe7ce66f84ab95,0.77093326666666673,35,1,EXACT_ANALYTICAL,,,RQ4_U0_MEAN_CONTROL_v1.0,StandaloneUtility,ExactAnalyticalReference,True,,,,,COMPLETE,2a93d7b6a937ad9de8d0ac9298f66317fb5515d2152fa9795b8e78528239a2c8
U0,StandaloneUtility,rq4pl_1f86fa31dfb5e650fec3539a3b633361c0ebda9e1dc7bd7e87c23b6f17736f50,0.7916304117391304,30,1,EXACT_ANALYTICAL,,,RQ4_U0_MEAN_CONTROL_v1.0,StandaloneUtility,ExactAnalyticalReference,True,,,,,COMPLETE,2a93d7b6a937ad9de8d0ac9298f66317fb5515d2152fa9795b8e78528239a2c8
U0,StandaloneUtility,rq4pl_22b714056fe11fe49d00762cbf5773eb347e2123ce6d7c7d1d4ca39a52741230,0.68597345557522116,56,1,EXACT_ANALYTICAL,,,RQ4_U0_MEAN_CONTROL_v1.0,StandaloneUtility,ExactAnalyticalReference,True,,,,,COMPLETE,2a93d7b6a937ad9de8d0ac9298f66317fb5515d2152fa9795b8e78528239a2c8
U0,StandaloneUtility,rq4pl_23ffb5c653f6ba9ac74f29404ba77e8845182799e69694089a03d53c723437af,0.82435485766233763,23,1,EXACT_ANALYTICAL,,,RQ4_U0_MEAN_CONTROL_v1.0,StandaloneUtility,ExactAnalyticalReference,True,,,,,COMPLETE,2a93d7b6a937ad9de8d0ac9298f66317fb5515d2152fa9795b8e78528239a2c8
U0,StandaloneUtility,rq4pl_27dcd03e1448e916a58694d8ccf2c59e967462e922b5a9649173125124677da2,0.8747597678895892,16,1,EXACT_ANALYTICAL,,,RQ4_U0_MEAN_CONTROL_v1.0,StandaloneUtility,ExactAnalyticalReference,True,,,,,COMPLETE,2a93d7b6a937ad9de8d0ac9298f66317fb5515d2152fa9795b8e78528239a2c8
U0,StandaloneUtility,rq4pl_28057b23871b792d5ccae17cf7598818485d47433583896088c62b56a9e852b7,0.64900999999999998,63,1,EXACT_ANALYTICAL,,,RQ4_U0_MEAN_CONTROL_v1.0,StandaloneUtility,ExactAnalyticalReference,True,,,,,COMPLETE,2a93d7b6a937ad9de8d0ac9298f66317fb5515d2152fa9795b8e78528239a2c8
U0,StandaloneUtility,rq4pl_288ab04cc797e99e073777b2a2124b8734f384c4794cf8e4f20a68d6326a2997,0.67833330222222232,57,1,EXACT_ANALYTICAL,,,RQ4_U0_MEAN_CONTROL_v1.0,StandaloneUtility,ExactAnalyticalReference,True,,,,,COMPLETE,2a93d7b6a937ad9de8d0ac9298f66317fb5515d2152fa9795b8e78528239a2c8
U0,StandaloneUtility,rq4pl_2a3723e60ab1bcdd4b2d572f38d5508552f6451ef1c1856cddf4cd922cba0cfe,0.80632257322580647,26,1,EXACT_ANALYTICAL,,,RQ4_U0_MEAN_CONTROL_v1.0,StandaloneUtility,ExactAnalyticalReference,True,,,,,COMPLETE,2a93d7b6a937ad9de8d0ac9298f66317fb5515d2152fa9795b8e78528239a2c8
U0,StandaloneUtility,rq4pl_2cb5c1217ab2b40aff5a474651095e3574ed7d53da1422b5ca6bc3a002543c50,0.65512970000000004,61,1,EXACT_ANALYTICAL,,,RQ4_U0_MEAN_CONTROL_v1.0,StandaloneUtility,ExactAnalyticalReference,True,,,,,COMPLETE,2a93d7b6a937ad9de8d0ac9298f66317fb5515d2152fa9795b8e78528239a2c8
U0,StandaloneUtility,rq4pl_2d8a206efdf69f46f6c09e1ca360dd0d276a4994d838e7c8089a6d654b88ffcb,0.63527471698113203,66,1,EXACT_ANALYTICAL,,,RQ4_U0_MEAN_CONTROL_v1.0,StandaloneUtility,ExactAnalyticalReference,True,,,,,COMPLETE,2a93d7b6a937ad9de8d0ac9298f66317fb5515d2152fa9795b8e78528239a2c8
U0,StandaloneUtility,rq4pl_2e80f039f040a45eb52235ab80a0277dbfffc4ed7ccbe651ee5041205d6d9761,0.81834945000000003,24,1,EXACT_ANALYTICAL,,,RQ4_U0_MEAN_CONTROL_v1.0,StandaloneUtility,ExactAnalyticalReference,True,,,,,COMPLETE,2a93d7b6a937ad9de8d0ac9298f66317fb5515d2152fa9795b8e78528239a2c8
U0,StandaloneUtility,rq4pl_3dd18371f820e26ab096783ac0736dc77d4623cbe21c9f5f82fee13254f040ca,0.74573499999999993,43,1,EXACT_ANALYTICAL,,,RQ4_U0_MEAN_CONTROL_v1.0,StandaloneUtility,ExactAnalyticalReference,True,,,,,COMPLETE,2a93d7b6a937ad9de8d0ac9298f66317fb5515d2152fa9795b8e78528239a2c8
U0,StandaloneUtility,rq4pl_3f9e12a328d8b46d330804866e951e97191cfa133ea3142d9ea9e5f8caf78255,0.60413011111111115,70,1,EXACT_ANALYTICAL,,,RQ4_U0_MEAN_CONTROL_v1.0,StandaloneUtility,ExactAnalyticalReference,True,,,,,COMPLETE,2a93d7b6a937ad9de8d0ac9298f66317fb5515d2152fa9795b8e78528239a2c8
U0,StandaloneUtility,rq4pl_4526181cef1978791c1b852517c9f484a85dc65e3d1a0ebcee60be0c6fcb4daa,0.71328673811188803,50,1,EXACT_ANALYTICAL,,,RQ4_U0_MEAN_CONTROL_v1.0,StandaloneUtility,ExactAnalyticalReference,True,,,,,COMPLETE,2a93d7b6a937ad9de8d0ac9298f66317fb5515d2152fa9795b8e78528239a2c8
U0,StandaloneUtility,rq4pl_49a0fe00384016bb5def3279c2c707dca67b361547be80fc15389ac9c17f494d,0.40000000000000002,81,1,EXACT_ANALYTICAL,,,RQ4_U0_MEAN_CONTROL_v1.0,StandaloneUtility,ExactAnalyticalReference,True,,,,,COMPLETE,2a93d7b6a937ad9de8d0ac9298f66317fb5515d2152fa9795b8e78528239a2c8
U0,StandaloneUtility,rq4pl_4e692c97ba95b2144be502eed69d3407185830e46bbcd157da519620b01d828a,0.50741717013245025,77,1,EXACT_ANALYTICAL,,,RQ4_U0_MEAN_CONTROL_v1.0,StandaloneUtility,ExactAnalyticalReference,True,,,,,COMPLETE,2a93d7b6a937ad9de8d0ac9298f66317fb5515d2152fa9795b8e78528239a2c8
U0,StandaloneUtility,rq4pl_5037fd384d5294abdbe4ffce392704458d08fb0bae3ab918a40d9910c7afaf76,0.76744045095238089,36,1,EXACT_ANALYTICAL,,,RQ4_U0_MEAN_CONTROL_v1.0,StandaloneUtility,ExactAnalyticalReference,True,,,,,COMPLETE,2a93d7b6a937ad9de8d0ac9298f66317fb5515d2152fa9795b8e78528239a2c8
U0,StandaloneUtility,rq4pl_50b52f48539311562de5f2c4511a487f16b741151bdafdf9aea7e9ce3acd2edf,0.80260050000000005,27,1,EXACT_ANALYTICAL,,,RQ4_U0_MEAN_CONTROL_v1.0,StandaloneUtility,ExactAnalyticalReference,True,,,,,COMPLETE,2a93d7b6a937ad9de8d0ac9298f66317fb5515d2152fa9795b8e78528239a2c8
U0,StandaloneUtility,rq4pl_5184388a6f4710019ba3de190fa81206bc33d73d5cf9bdb1fb5ff0ab7aa78ce3,0.93487839399141637,4,1,EXACT_ANALYTICAL,,,RQ4_U0_MEAN_CONTROL_v1.0,StandaloneUtility,ExactAnalyticalReference,True,,,,,COMPLETE,2a93d7b6a937ad9de8d0ac9298f66317fb5515d2152fa9795b8e78528239a2c8
U0,StandaloneUtility,rq4pl_528faab818aea81377a588b69617c8879424b2b7442ec09bcb9ed017ec4d6d3f,0.73902190000000001,44,1,EXACT_ANALYTICAL,,,RQ4_U0_MEAN_CONTROL_v1.0,StandaloneUtility,ExactAnalyticalReference,True,,,,,COMPLETE,2a93d7b6a937ad9de8d0ac9298f66317fb5515d2152fa9795b8e78528239a2c8
U0,StandaloneUtility,rq4pl_531b9c0c619e4db6be919435fa31a4d082f65428f9aad61ca94aa5ea33f9e56d,0.59917192592592583,71,1,EXACT_ANALYTICAL,,,RQ4_U0_MEAN_CONTROL_v1.0,StandaloneUtility,ExactAnalyticalReference,True,,,,,COMPLETE,2a93d7b6a937ad9de8d0ac9298f66317fb5515d2152fa9795b8e78528239a2c8
U0,StandaloneUtility,rq4pl_53e992688a427d676f535b232d898de29ce10d56c38aa1dee766e4ae5bddcaa9,0.87824419047619051,13,1,EXACT_ANALYTICAL,,,RQ4_U0_MEAN_CONTROL_v1.0,StandaloneUtility,ExactAnalyticalReference,True,,,,,COMPLETE,2a93d7b6a937ad9de8d0ac9298f66317fb5515d2152fa9795b8e78528239a2c8
U0,StandaloneUtility,rq4pl_57ceee7a7bef5403fac868dcc505d822058df3cc9480a2a7d1878aed23af10b0,0.71444000000000007,49,1,EXACT_ANALYTICAL,,,RQ4_U0_MEAN_CONTROL_v1.0,StandaloneUtility,ExactAnalyticalReference,True,,,,,COMPLETE,2a93d7b6a937ad9de8d0ac9298f66317fb5515d2152fa9795b8e78528239a2c8
U0,StandaloneUtility,rq4pl_5a2258b978ff34e7af144229f99d6c44cb7181831e348fc5629dcc0d2355dedf,0.79642860734693888,28,1,EXACT_ANALYTICAL,,,RQ4_U0_MEAN_CONTROL_v1.0,StandaloneUtility,ExactAnalyticalReference,True,,,,,COMPLETE,2a93d7b6a937ad9de8d0ac9298f66317fb5515d2152fa9795b8e78528239a2c8
U0,StandaloneUtility,rq4pl_5ce73c4684c24f08ee44c4a4b831aa3856cf226ede09c76a2fa3b1f295805d90,0.83743875827586212,20,1,EXACT_ANALYTICAL,,,RQ4_U0_MEAN_CONTROL_v1.0,StandaloneUtility,ExactAnalyticalReference,True,,,,,COMPLETE,2a93d7b6a937ad9de8d0ac9298f66317fb5515d2152fa9795b8e78528239a2c8
U0,StandaloneUtility,rq4pl_5e6791ad491883687a106c94a0b9e41c52aabc86cfcfa05a9493431e840b60d0,0.77349521999999993,34,1,EXACT_ANALYTICAL,,,RQ4_U0_MEAN_CONTROL_v1.0,StandaloneUtility,ExactAnalyticalReference,True,,,,,COMPLETE,2a93d7b6a937ad9de8d0ac9298f66317fb5515d2152fa9795b8e78528239a2c8
U0,StandaloneUtility,rq4pl_5ed0bb4c8d3c870a714d77e2173f6576e6fdb37d1b4aeb30a571a4f3358d0209,0.31830633333333336,84,1,EXACT_ANALYTICAL,,,RQ4_U0_MEAN_CONTROL_v1.0,StandaloneUtility,ExactAnalyticalReference,True,,,,,COMPLETE,2a93d7b6a937ad9de8d0ac9298f66317fb5515d2152fa9795b8e78528239a2c8
U0,StandaloneUtility,rq4pl_6214d02fd058209dcc56d1ae78ebd1fbb4e4cece516947fc2f4e8a164ee7ca01,0.71115388769230758,51,1,EXACT_ANALYTICAL,,,RQ4_U0_MEAN_CONTROL_v1.0,StandaloneUtility,ExactAnalyticalReference,True,,,,,COMPLETE,2a93d7b6a937ad9de8d0ac9298f66317fb5515d2152fa9795b8e78528239a2c8
U0,StandaloneUtility,rq4pl_66bed34f45b4b3060987b79b022e3235a654f463837eee2d7269ac7e4626729b,0.79357918306010933,29,1,EXACT_ANALYTICAL,,,RQ4_U0_MEAN_CONTROL_v1.0,StandaloneUtility,ExactAnalyticalReference,True,,,,,COMPLETE,2a93d7b6a937ad9de8d0ac9298f66317fb5515d2152fa9795b8e78528239a2c8
U0,StandaloneUtility,rq4pl_6885d49a65f7468a688cb02159a3cd7b0b97e7bd82fdbd711c96b370284cd669,0.52395333333333338,76,1,EXACT_ANALYTICAL,,,RQ4_U0_MEAN_CONTROL_v1.0,StandaloneUtility,ExactAnalyticalReference,True,,,,,COMPLETE,2a93d7b6a937ad9de8d0ac9298f66317fb5515d2152fa9795b8e78528239a2c8
U0,StandaloneUtility,rq4pl_6d050112c2bb5784fe247e301c0e63d0f5b9d3b1b8fd618851ca9e9c2b78b867,0.96974647000000003,1,1,EXACT_ANALYTICAL,,,RQ4_U0_MEAN_CONTROL_v1.0,StandaloneUtility,ExactAnalyticalReference,True,,,,,COMPLETE,2a93d7b6a937ad9de8d0ac9298f66317fb5515d2152fa9795b8e78528239a2c8
U0,StandaloneUtility,rq4pl_6e3dc67c674d01023007eb26f49f8c58bff8b7e8b7bea62d5909611192d8e970,0.63849140000000004,64,1,EXACT_ANALYTICAL,,,RQ4_U0_MEAN_CONTROL_v1.0,StandaloneUtility,ExactAnalyticalReference,True,,,,,COMPLETE,2a93d7b6a937ad9de8d0ac9298f66317fb5515d2152fa9795b8e78528239a2c8
U0,StandaloneUtility,rq4pl_704732b7282cac1f404ca502930d30fda9625a2af72f54afdac7dae6d25c7c54,0.93433599999999994,5,1,EXACT_ANALYTICAL,,,RQ4_U0_MEAN_CONTROL_v1.0,StandaloneUtility,ExactAnalyticalReference,True,,,,,COMPLETE,2a93d7b6a937ad9de8d0ac9298f66317fb5515d2152fa9795b8e78528239a2c8
U0,StandaloneUtility,rq4pl_72dbce4ede6a34ce4cea21bd1569cc93f5bc5ec1ebf84e08d809d24bd83d3fb9,0.75835200000000003,40,1,EXACT_ANALYTICAL,,,RQ4_U0_MEAN_CONTROL_v1.0,StandaloneUtility,ExactAnalyticalReference,True,,,,,COMPLETE,2a93d7b6a937ad9de8d0ac9298f66317fb5515d2152fa9795b8e78528239a2c8
U0,StandaloneUtility,rq4pl_737f80c3dfd06ade34ad2149c1577883c219fbfba517f469b0a93f44cece88a5,0.73464853500000005,45,1,EXACT_ANALYTICAL,,,RQ4_U0_MEAN_CONTROL_v1.0,StandaloneUtility,ExactAnalyticalReference,True,,,,,COMPLETE,2a93d7b6a937ad9de8d0ac9298f66317fb5515d2152fa9795b8e78528239a2c8
U0,StandaloneUtility,rq4pl_74622e5219312fc5296f8223c2d0d0885f85bd2a8d8ba7ec66a80fa237016b97,0.49822022222222223,79,1,EXACT_ANALYTICAL,,,RQ4_U0_MEAN_CONTROL_v1.0,StandaloneUtility,ExactAnalyticalReference,True,,,,,COMPLETE,2a93d7b6a937ad9de8d0ac9298f66317fb5515d2152fa9795b8e78528239a2c8
U0,StandaloneUtility,rq4pl_751c80984b9439db6d959a253ef28d8ac8887109b64117f9e8ea128454eb21a9,0.78093423000000006,33,1,EXACT_ANALYTICAL,,,RQ4_U0_MEAN_CONTROL_v1.0,StandaloneUtility,ExactAnalyticalReference,True,,,,,COMPLETE,2a93d7b6a937ad9de8d0ac9298f66317fb5515d2152fa9795b8e78528239a2c8
U0,StandaloneUtility,rq4pl_75cc85bb6c5b8925d272e917cc4dff9931194d33bba9d181181b84422284945c,0.86216971428571432,17,1,EXACT_ANALYTICAL,,,RQ4_U0_MEAN_CONTROL_v1.0,StandaloneUtility,ExactAnalyticalReference,True,,,,,COMPLETE,2a93d7b6a937ad9de8d0ac9298f66317fb5515d2152fa9795b8e78528239a2c8
U0,StandaloneUtility,rq4pl_7f11a95cb3c782a07423244f0559dc07990186de3f2c3433ca7c031a299e1ed6,0.65849178260869567,59,1,EXACT_ANALYTICAL,,,RQ4_U0_MEAN_CONTROL_v1.0,StandaloneUtility,ExactAnalyticalReference,True,,,,,COMPLETE,2a93d7b6a937ad9de8d0ac9298f66317fb5515d2152fa9795b8e78528239a2c8
U0,StandaloneUtility,rq4pl_81944e8b070b792bee63c694afa6df24ae334bcec84fb750323b7010e5b89f0c,0.33610672222222221,83,1,EXACT_ANALYTICAL,,,RQ4_U0_MEAN_CONTROL_v1.0,StandaloneUtility,ExactAnalyticalReference,True,,,,,COMPLETE,2a93d7b6a937ad9de8d0ac9298f66317fb5515d2152fa9795b8e78528239a2c8
U0,StandaloneUtility,rq4pl_8418af3a52c899314f8cee1f68ef67042c14e244ec96f1651d6cf90adaf976e9,0.90331248111477813,11,1,EXACT_ANALYTICAL,,,RQ4_U0_MEAN_CONTROL_v1.0,StandaloneUtility,ExactAnalyticalReference,True,,,,,COMPLETE,2a93d7b6a937ad9de8d0ac9298f66317fb5515d2152fa9795b8e78528239a2c8
U0,StandaloneUtility,rq4pl_873015599e1a61eaf581849d8f379b6279fe67f30b567aa06cb5672f7d93bb5b,0.60952716796690309,69,1,EXACT_ANALYTICAL,,,RQ4_U0_MEAN_CONTROL_v1.0,StandaloneUtility,ExactAnalyticalReference,True,,,,,COMPLETE,2a93d7b6a937ad9de8d0ac9298f66317fb5515d2152fa9795b8e78528239a2c8
U0,StandaloneUtility,rq4pl_8856b5958742c42b6b8b3285816039d964d4aa58cfbb750974ed3865743975d2,0.78591873538622126,31,1,EXACT_ANALYTICAL,,,RQ4_U0_MEAN_CONTROL_v1.0,StandaloneUtility,ExactAnalyticalReference,True,,,,,COMPLETE,2a93d7b6a937ad9de8d0ac9298f66317fb5515d2152fa9795b8e78528239a2c8
U0,StandaloneUtility,rq4pl_8bfd3ead1ec4a765b15f2943774d78b22d2b5775e679545109e954a7ee722859,0.5305972105263157,74,1,EXACT_ANALYTICAL,,,RQ4_U0_MEAN_CONTROL_v1.0,StandaloneUtility,ExactAnalyticalReference,True,,,,,COMPLETE,2a93d7b6a937ad9de8d0ac9298f66317fb5515d2152fa9795b8e78528239a2c8
U0,StandaloneUtility,rq4pl_8f9e3c929255cb478c6971057add1a066e4d207215ff914c925dbac0a0764b2e,0.70011433592677352,53,1,EXACT_ANALYTICAL,,,RQ4_U0_MEAN_CONTROL_v1.0,StandaloneUtility,ExactAnalyticalReference,True,,,,,COMPLETE,2a93d7b6a937ad9de8d0ac9298f66317fb5515d2152fa9795b8e78528239a2c8
U0,StandaloneUtility,rq4pl_91b95ed1e9b13d6acbb09a43677fd72ded41f866d90394cda2a5ddb957e36d36,0.52541181818181826,75,1,EXACT_ANALYTICAL,,,RQ4_U0_MEAN_CONTROL_v1.0,StandaloneUtility,ExactAnalyticalReference,True,,,,,COMPLETE,2a93d7b6a937ad9de8d0ac9298f66317fb5515d2152fa9795b8e78528239a2c8
U0,StandaloneUtility,rq4pl_9716a8135adaa7ff5e78cd7aecee78cc286787b70d5f21f713826ded4b790aaa,0.63619511585365851,65,1,EXACT_ANALYTICAL,,,RQ4_U0_MEAN_CONTROL_v1.0,StandaloneUtility,ExactAnalyticalReference,True,,,,,COMPLETE,2a93d7b6a937ad9de8d0ac9298f66317fb5515d2152fa9795b8e78528239a2c8
U0,StandaloneUtility,rq4pl_9768f8f32c61c8a69c5c8756077724eeeef5d2cf4841e2d12e6d8181c2910438,0.84594176190476189,19,1,EXACT_ANALYTICAL,,,RQ4_U0_MEAN_CONTROL_v1.0,StandaloneUtility,ExactAnalyticalReference,True,,,,,COMPLETE,2a93d7b6a937ad9de8d0ac9298f66317fb5515d2152fa9795b8e78528239a2c8
U0,StandaloneUtility,rq4pl_99654ddaf213d54232ef4d4124775aa57c181595de1c34c3e29845e83aa37d49,0.88036369760025812,12,1,EXACT_ANALYTICAL,,,RQ4_U0_MEAN_CONTROL_v1.0,StandaloneUtility,ExactAnalyticalReference,True,,,,,COMPLETE,2a93d7b6a937ad9de8d0ac9298f66317fb5515d2152fa9795b8e78528239a2c8
U0,StandaloneUtility,rq4pl_9d8d55b7ecd42bdf2bc5a4fa61d1e462b8d284af7c42aba26406dd2ddf39d05c,0.56255385714285722,73,1,EXACT_ANALYTICAL,,,RQ4_U0_MEAN_CONTROL_v1.0,StandaloneUtility,ExactAnalyticalReference,True,,,,,COMPLETE,2a93d7b6a937ad9de8d0ac9298f66317fb5515d2152fa9795b8e78528239a2c8
U0,StandaloneUtility,rq4pl_a1074f330e6553f0cefe25f45b2c70ebcbbea3786546914da7ddefc7e5e39d49,0.69584999999999997,54,1,EXACT_ANALYTICAL,,,RQ4_U0_MEAN_CONTROL_v1.0,StandaloneUtility,ExactAnalyticalReference,True,,,,,COMPLETE,2a93d7b6a937ad9de8d0ac9298f66317fb5515d2152fa9795b8e78528239a2c8
U0,StandaloneUtility,rq4pl_a9793baa644855553e8015d6a1b3d02070efe245762ffae94df09bd769cdcba2,0.92735433333333328,6,1,EXACT_ANALYTICAL,,,RQ4_U0_MEAN_CONTROL_v1.0,StandaloneUtility,ExactAnalyticalReference,True,,,,,COMPLETE,2a93d7b6a937ad9de8d0ac9298f66317fb5515d2152fa9795b8e78528239a2c8
U0,StandaloneUtility,rq4pl_a9a9f8752e77fd422a9e11996f9c6ef7383c98dbd9fbbdefdd9ee2826a145f87,0.48973665,80,1,EXACT_ANALYTICAL,,,RQ4_U0_MEAN_CONTROL_v1.0,StandaloneUtility,ExactAnalyticalReference,True,,,,,COMPLETE,2a93d7b6a937ad9de8d0ac9298f66317fb5515d2152fa9795b8e78528239a2c8
U0,StandaloneUtility,rq4pl_aafeaa0e17d1a236ab3d2a50b7c6ae0b1fad2ca480ec38ae3abc02cf28f07e57,0.76716221243243243,37,1,EXACT_ANALYTICAL,,,RQ4_U0_MEAN_CONTROL_v1.0,StandaloneUtility,ExactAnalyticalReference,True,,,,,COMPLETE,2a93d7b6a937ad9de8d0ac9298f66317fb5515d2152fa9795b8e78528239a2c8
U0,StandaloneUtility,rq4pl_abccb2a01a9363ea2b127868d79a3d4d232a900f8b9c11f011fb7d0f3e58f6f5,0.85478646863247865,18,1,EXACT_ANALYTICAL,,,RQ4_U0_MEAN_CONTROL_v1.0,StandaloneUtility,ExactAnalyticalReference,True,,,,,COMPLETE,2a93d7b6a937ad9de8d0ac9298f66317fb5515d2152fa9795b8e78528239a2c8
U0,StandaloneUtility,rq4pl_b453f91fa98c6b4bc6d049117656e8fe296ede0f009a6abfb6bf826a10c7b69f,0.72307178235294112,46,1,EXACT_ANALYTICAL,,,RQ4_U0_MEAN_CONTROL_v1.0,StandaloneUtility,ExactAnalyticalReference,True,,,,,COMPLETE,2a93d7b6a937ad9de8d0ac9298f66317fb5515d2152fa9795b8e78528239a2c8
U0,StandaloneUtility,rq4pl_b594945677d01537de1189aa78917fab2bd6dabba146cd05a66184ddbd4b6d69,0.61833499999999997,67,1,EXACT_ANALYTICAL,,,RQ4_U0_MEAN_CONTROL_v1.0,StandaloneUtility,ExactAnalyticalReference,True,,,,,COMPLETE,2a93d7b6a937ad9de8d0ac9298f66317fb5515d2152fa9795b8e78528239a2c8
U0,StandaloneUtility,rq4pl_b65281ddda280d90e9154f2cd65dc9f053001b6c6ee2440b3874b357418202a7,0.87638495999999999,15,1,EXACT_ANALYTICAL,,,RQ4_U0_MEAN_CONTROL_v1.0,StandaloneUtility,ExactAnalyticalReference,True,,,,,COMPLETE,2a93d7b6a937ad9de8d0ac9298f66317fb5515d2152fa9795b8e78528239a2c8
U0,StandaloneUtility,rq4pl_bcfb0a9fdadc4fe473ea2d864a7d932ae5a2336b39487c0be1a3b3d5694bbe35,0.76145218996699671,39,1,EXACT_ANALYTICAL,,,RQ4_U0_MEAN_CONTROL_v1.0,StandaloneUtility,ExactAnalyticalReference,True,,,,,COMPLETE,2a93d7b6a937ad9de8d0ac9298f66317fb5515d2152fa9795b8e78528239a2c8
U0,StandaloneUtility,rq4pl_bf99a403b1c9dfee592b4f101a1cc64d37e474df5c0ef6e34633edb95dace400,0.70334068973451325,52,1,EXACT_ANALYTICAL,,,RQ4_U0_MEAN_CONTROL_v1.0,StandaloneUtility,ExactAnalyticalReference,True,,,,,COMPLETE,2a93d7b6a937ad9de8d0ac9298f66317fb5515d2152fa9795b8e78528239a2c8
U0,StandaloneUtility,rq4pl_c1d8a9bfead19c50780def1c687d02f094e1ba4b78f034cf5f3af37ad6c6aa83,0.93504262872206811,3,1,EXACT_ANALYTICAL,,,RQ4_U0_MEAN_CONTROL_v1.0,StandaloneUtility,ExactAnalyticalReference,True,,,,,COMPLETE,2a93d7b6a937ad9de8d0ac9298f66317fb5515d2152fa9795b8e78528239a2c8
U0,StandaloneUtility,rq4pl_c44c57063c4095d7c5cba9f266f89308c3187577332638e14a2ac9352a3bcedc,0.87677904761904757,14,1,EXACT_ANALYTICAL,,,RQ4_U0_MEAN_CONTROL_v1.0,StandaloneUtility,ExactAnalyticalReference,True,,,,,COMPLETE,2a93d7b6a937ad9de8d0ac9298f66317fb5515d2152fa9795b8e78528239a2c8
U0,StandaloneUtility,rq4pl_c50df2d0f34dccd5c6fd4c04df2554296de0951cfae153caf66c3d1b28edf2a5,0.72155400000000003,47,1,EXACT_ANALYTICAL,,,RQ4_U0_MEAN_CONTROL_v1.0,StandaloneUtility,ExactAnalyticalReference,True,,,,,COMPLETE,2a93d7b6a937ad9de8d0ac9298f66317fb5515d2152fa9795b8e78528239a2c8
U0,StandaloneUtility,rq4pl_cd34281667eacd7ba152507c2c178706fcec3377ca5e4e7a03e57d0afe4039cf,0.91635100000000003,7,1,EXACT_ANALYTICAL,,,RQ4_U0_MEAN_CONTROL_v1.0,StandaloneUtility,ExactAnalyticalReference,True,,,,,COMPLETE,2a93d7b6a937ad9de8d0ac9298f66317fb5515d2152fa9795b8e78528239a2c8
U0,StandaloneUtility,rq4pl_d187d2566ae800dc511414b0bf0029f8d2abefaf8094e2056437ec93373a1302,0.57948,72,1,EXACT_ANALYTICAL,,,RQ4_U0_MEAN_CONTROL_v1.0,StandaloneUtility,ExactAnalyticalReference,True,,,,,COMPLETE,2a93d7b6a937ad9de8d0ac9298f66317fb5515d2152fa9795b8e78528239a2c8
U0,StandaloneUtility,rq4pl_d1f9fd6e3cdcde1fa8756288e24a1963811e664635bfe1c22e95c370eed88648,0.691245,55,1,EXACT_ANALYTICAL,,,RQ4_U0_MEAN_CONTROL_v1.0,StandaloneUtility,ExactAnalyticalReference,True,,,,,COMPLETE,2a93d7b6a937ad9de8d0ac9298f66317fb5515d2152fa9795b8e78528239a2c8
U0,StandaloneUtility,rq4pl_d4000a9d56e3e14c3e7e40a365bd148cb599b417a3a3cf16b73585515a81e23b,0.91062064609195403,9,1,EXACT_ANALYTICAL,,,RQ4_U0_MEAN_CONTROL_v1.0,StandaloneUtility,ExactAnalyticalReference,True,,,,,COMPLETE,2a93d7b6a937ad9de8d0ac9298f66317fb5515d2152fa9795b8e78528239a2c8
U0,StandaloneUtility,rq4pl_d66b087b0e4957bdf0aafee5f81fa592b12fa633b7dc393d329e0222672b944b,0.81346377333333342,25,1,EXACT_ANALYTICAL,,,RQ4_U0_MEAN_CONTROL_v1.0,StandaloneUtility,ExactAnalyticalReference,True,,,,,COMPLETE,2a93d7b6a937ad9de8d0ac9298f66317fb5515d2152fa9795b8e78528239a2c8
U0,StandaloneUtility,rq4pl_dbb38a3a562ab8c02a421b313352132a8954e8fe1fde0b346b91b568714e22b5,0.65715058823529404,60,1,EXACT_ANALYTICAL,,,RQ4_U0_MEAN_CONTROL_v1.0,StandaloneUtility,ExactAnalyticalReference,True,,,,,COMPLETE,2a93d7b6a937ad9de8d0ac9298f66317fb5515d2152fa9795b8e78528239a2c8
U0,StandaloneUtility,rq4pl_dd9c02a4f48d8522951eca749bbc246b9ba10de171f1f6810bf6cdbd5db9ba96,0.91344696153846161,8,1,EXACT_ANALYTICAL,,,RQ4_U0_MEAN_CONTROL_v1.0,StandaloneUtility,ExactAnalyticalReference,True,,,,,COMPLETE,2a93d7b6a937ad9de8d0ac9298f66317fb5515d2152fa9795b8e78528239a2c8
U0,StandaloneUtility,rq4pl_ddded89f25c263e646c6de652144e12a3a857b99f36ea28a4e48059f0d3feedd,0.359236375,82,1,EXACT_ANALYTICAL,,,RQ4_U0_MEAN_CONTROL_v1.0,StandaloneUtility,ExactAnalyticalReference,True,,,,,COMPLETE,2a93d7b6a937ad9de8d0ac9298f66317fb5515d2152fa9795b8e78528239a2c8
U0,StandaloneUtility,rq4pl_e05ca12594d92d5ffa238e73d9c4d2d58648d44595cc4b742e4987827e6005ec,0.29951031249999999,85,1,EXACT_ANALYTICAL,,,RQ4_U0_MEAN_CONTROL_v1.0,StandaloneUtility,ExactAnalyticalReference,True,,,,,COMPLETE,2a93d7b6a937ad9de8d0ac9298f66317fb5515d2152fa9795b8e78528239a2c8
U0,StandaloneUtility,rq4pl_e4bd54fcbb4fa282dda7e8b52bd3f36cabb08cbbb872585c2cfde9ab6fb52bc3,0.83495149063903595,21,1,EXACT_ANALYTICAL,,,RQ4_U0_MEAN_CONTROL_v1.0,StandaloneUtility,ExactAnalyticalReference,True,,,,,COMPLETE,2a93d7b6a937ad9de8d0ac9298f66317fb5515d2152fa9795b8e78528239a2c8
U0,StandaloneUtility,rq4pl_ec4768bbd656fe4efb8d2ea314eb11fe6a2ab4f58c0075100553b6cdaa76dc40,0.78292124911611904,32,1,EXACT_ANALYTICAL,,,RQ4_U0_MEAN_CONTROL_v1.0,StandaloneUtility,ExactAnalyticalReference,True,,,,,COMPLETE,2a93d7b6a937ad9de8d0ac9298f66317fb5515d2152fa9795b8e78528239a2c8
U0,StandaloneUtility,rq4pl_f06a3f01fb3c07b5ede9269d49c7052b89b2a70e6ebeb1c9a9490a8445c53c66,0.71920630725978651,48,1,EXACT_ANALYTICAL,,,RQ4_U0_MEAN_CONTROL_v1.0,StandaloneUtility,ExactAnalyticalReference,True,,,,,COMPLETE,2a93d7b6a937ad9de8d0ac9298f66317fb5515d2152fa9795b8e78528239a2c8
U0,StandaloneUtility,rq4pl_f283062986cf5795c7e0e29998d378d3595c96b782e6a134e7bc7955513b7bda,0.67654150000000002,58,1,EXACT_ANALYTICAL,,,RQ4_U0_MEAN_CONTROL_v1.0,StandaloneUtility,ExactAnalyticalReference,True,,,,,COMPLETE,2a93d7b6a937ad9de8d0ac9298f66317fb5515d2152fa9795b8e78528239a2c8
U0,StandaloneUtility,rq4pl_f5199056462868814f42843c579cdd76cde8a2c78ce0473ab4111070b99d79ae,0.82684210192982466,22,1,EXACT_ANALYTICAL,,,RQ4_U0_MEAN_CONTROL_v1.0,StandaloneUtility,ExactAnalyticalReference,True,,,,,COMPLETE,2a93d7b6a937ad9de8d0ac9298f66317fb5515d2152fa9795b8e78528239a2c8
U0,StandaloneUtility,rq4pl_f7a890ef24f1a183fda1bc7b51c391847589dc2ba49cbdc108238cd7c3f5de69,0.90816655999999996,10,1,EXACT_ANALYTICAL,,,RQ4_U0_MEAN_CONTROL_v1.0,StandaloneUtility,ExactAnalyticalReference,True,,,,,COMPLETE,2a93d7b6a937ad9de8d0ac9298f66317fb5515d2152fa9795b8e78528239a2c8
U0,StandaloneUtility,rq4pl_f96533b8d21a3e2fdc49eee8d6249c15c50d1169ec3cbf289a9b206512db5095,0.76288888814814815,38,1,EXACT_ANALYTICAL,,,RQ4_U0_MEAN_CONTROL_v1.0,StandaloneUtility,ExactAnalyticalReference,True,,,,,COMPLETE,2a93d7b6a937ad9de8d0ac9298f66317fb5515d2152fa9795b8e78528239a2c8
U0,StandaloneUtility,rq4pl_fb1bfc39fd90c2e580b66654de71236ee19ebcbd49a84453055e3de655354d7a,0.61341119999999993,68,1,EXACT_ANALYTICAL,,,RQ4_U0_MEAN_CONTROL_v1.0,StandaloneUtility,ExactAnalyticalReference,True,,,,,COMPLETE,2a93d7b6a937ad9de8d0ac9298f66317fb5515d2152fa9795b8e78528239a2c8
U0,LeaveOneOut,rq4pl_0532a4cb6907f03e27619a0515bb2e6743c95c10734472fdf9b78259d4b7de0d,-0.00081041873760975369,62,-1,EXACT_ANALYTICAL,,,RQ4_U0_MEAN_CONTROL_v1.0,LeaveOneOut,ExactAnalyticalReference,True,,,,,COMPLETE,2a93d7b6a937ad9de8d0ac9298f66317fb5515d2152fa9795b8e78528239a2c8
U0,LeaveOneOut,rq4pl_09be7cd9da11fbfb20ba616d65fb61ae0935d8c47abad11a95638192b4ab78a0,0.00041697679927622138,42,1,EXACT_ANALYTICAL,,,RQ4_U0_MEAN_CONTROL_v1.0,LeaveOneOut,ExactAnalyticalReference,True,,,,,COMPLETE,2a93d7b6a937ad9de8d0ac9298f66317fb5515d2152fa9795b8e78528239a2c8
U0,LeaveOneOut,rq4pl_1a5ade7ebe21d184c51a0987dde4ae0f770fe7723ce0cbcc92a96f9caa08b59c,0.0027402461394007154,2,1,EXACT_ANALYTICAL,,,RQ4_U0_MEAN_CONTROL_v1.0,LeaveOneOut,ExactAnalyticalReference,True,,,,,COMPLETE,2a93d7b6a937ad9de8d0ac9298f66317fb5515d2152fa9795b8e78528239a2c8
U0,LeaveOneOut,rq4pl_1c77b9285da3e18e2c9d13b01da8a49b4cbd86cce0d8c763e1f8a0ca9cef0d5e,0.00042594766450664804,41,1,EXACT_ANALYTICAL,,,RQ4_U0_MEAN_CONTROL_v1.0,LeaveOneOut,ExactAnalyticalReference,True,,,,,COMPLETE,2a93d7b6a937ad9de8d0ac9298f66317fb5515d2152fa9795b8e78528239a2c8
U0,LeaveOneOut,rq4pl_1d855e88db60ee7025904aa8a525479548a77e0d19058f0c53427d2ec1bb6f3c,-0.0026536886003237928,78,-1,EXACT_ANALYTICAL,,,RQ4_U0_MEAN_CONTROL_v1.0,LeaveOneOut,ExactAnalyticalReference,True,,,,,COMPLETE,2a93d7b6a937ad9de8d0ac9298f66317fb5515d2152fa9795b8e78528239a2c8
U0,LeaveOneOut,rq4pl_1f2b5330032d1122ed72a49f4c7e06d2316e19613ae92835c3fe7ce66f84ab95,0.00058722464863363282,35,1,EXACT_ANALYTICAL,,,RQ4_U0_MEAN_CONTROL_v1.0,LeaveOneOut,ExactAnalyticalReference,True,,,,,COMPLETE,2a93d7b6a937ad9de8d0ac9298f66317fb5515d2152fa9795b8e78528239a2c8
U0,LeaveOneOut,rq4pl_1f86fa31dfb5e650fec3539a3b633361c0ebda9e1dc7bd7e87c23b6f17736f50,0.00083361923282962891,30,1,EXACT_ANALYTICAL,,,RQ4_U0_MEAN_CONTROL_v1.0,LeaveOneOut,ExactAnalyticalReference,True,,,,,COMPLETE,2a93d7b6a937ad9de8d0ac9298f66317fb5515d2152fa9795b8e78528239a2c8
U0,LeaveOneOut,rq4pl_22b714056fe11fe49d00762cbf5773eb347e2123ce6d7c7d1d4ca39a52741230,-0.00042420167388357635,56,-1,EXACT_ANALYTICAL,,,RQ4_U0_MEAN_CONTROL_v1.0,LeaveOneOut,ExactAnalyticalReference,True,,,,,COMPLETE,2a93d7b6a937ad9de8d0ac9298f66317fb5515d2152fa9795b8e78528239a2c8
U0,LeaveOneOut,rq4pl_23ffb5c653f6ba9ac74f29404ba77e8845182799e69694089a03d53c723437af,0.0012231959700106673,23,1,EXACT_ANALYTICAL,,,RQ4_U0_MEAN_CONTROL_v1.0,LeaveOneOut,ExactAnalyticalReference,True,,,,,COMPLETE,2a93d7b6a937ad9de8d0ac9298f66317fb5515d2152fa9795b8e78528239a2c8
U0,LeaveOneOut,rq4pl_27dcd03e1448e916a58694d8ccf2c59e967462e922b5a9649173125124677da2,0.0018232544250969956,16,1,EXACT_ANALYTICAL,,,RQ4_U0_MEAN_CONTROL_v1.0,LeaveOneOut,ExactAnalyticalReference,True,,,,,COMPLETE,2a93d7b6a937ad9de8d0ac9298f66317fb5515d2152fa9795b8e78528239a2c8
U0,LeaveOneOut,rq4pl_28057b23871b792d5ccae17cf7598818485d47433583896088c62b56a9e852b7,-0.00086424281168382853,63,-1,EXACT_ANALYTICAL,,,RQ4_U0_MEAN_CONTROL_v1.0,LeaveOneOut,ExactAnalyticalReference,True,,,,,COMPLETE,2a93d7b6a937ad9de8d0ac9298f66317fb5515d2152fa9795b8e78528239a2c8
U0,LeaveOneOut,rq4pl_288ab04cc797e99e073777b2a2124b8734f384c4794cf8e4f20a68d6326a2997,-0.00051515588046689579,57,-1,EXACT_ANALYTICAL,,,RQ4_U0_MEAN_CONTROL_v1.0,LeaveOneOut,ExactAnalyticalReference,True,,,,,COMPLETE,2a93d7b6a937ad9de8d0ac9298f66317fb5515d2152fa9795b8e78528239a2c8
U0,LeaveOneOut,rq4pl_2a3723e60ab1bcdd4b2d572f38d5508552f6451ef1c1856cddf4cd922cba0cfe,0.0010085259171948202,26,1,EXACT_ANALYTICAL,,,RQ4_U0_MEAN_CONTROL_v1.0,LeaveOneOut,ExactAnalyticalReference,True,,,,,COMPLETE,2a93d7b6a937ad9de8d0ac9298f66317fb5515d2152fa9795b8e78528239a2c8
U0,LeaveOneOut,rq4pl_2cb5c1217ab2b40aff5a474651095e3574ed7d53da1422b5ca6bc3a002543c50,-0.00079138924025525632,61,-1,EXACT_ANALYTICAL,,,RQ4_U0_MEAN_CONTROL_v1.0,LeaveOneOut,ExactAnalyticalReference,True,,,,,COMPLETE,2a93d7b6a937ad9de8d0ac9298f66317fb5515d2152fa9795b8e78528239a2c8
U0,LeaveOneOut,rq4pl_2d8a206efdf69f46f6c09e1ca360dd0d276a4994d838e7c8089a6d654b88ffcb,-0.0010277580857179708,66,-1,EXACT_ANALYTICAL,,,RQ4_U0_MEAN_CONTROL_v1.0,LeaveOneOut,ExactAnalyticalReference,True,,,,,COMPLETE,2a93d7b6a937ad9de8d0ac9298f66317fb5515d2152fa9795b8e78528239a2c8
U0,LeaveOneOut,rq4pl_2e80f039f040a45eb52235ab80a0277dbfffc4ed7ccbe651ee5041205d6d9761,0.0011517030216495056,24,1,EXACT_ANALYTICAL,,,RQ4_U0_MEAN_CONTROL_v1.0,LeaveOneOut,ExactAnalyticalReference,True,,,,,COMPLETE,2a93d7b6a937ad9de8d0ac9298f66317fb5515d2152fa9795b8e78528239a2c8
U0,LeaveOneOut,rq4pl_3dd18371f820e26ab096783ac0736dc77d4623cbe21c9f5f82fee13254f040ca,0.00028724528355426616,43,1,EXACT_ANALYTICAL,,,RQ4_U0_MEAN_CONTROL_v1.0,LeaveOneOut,ExactAnalyticalReference,True,,,,,COMPLETE,2a93d7b6a937ad9de8d0ac9298f66317fb5515d2152fa9795b8e78528239a2c8
U0,LeaveOneOut,rq4pl_3f9e12a328d8b46d330804866e951e97191cfa133ea3142d9ea9e5f8caf78255,-0.0013985272032182193,70,-1,EXACT_ANALYTICAL,,,RQ4_U0_MEAN_CONTROL_v1.0,LeaveOneOut,ExactAnalyticalReference,True,,,,,COMPLETE,2a93d7b6a937ad9de8d0ac9298f66317fb5515d2152fa9795b8e78528239a2c8
U0,LeaveOneOut,rq4pl_4526181cef1978791c1b852517c9f484a85dc65e3d1a0ebcee60be0c6fcb4daa,-9.9043548447065954e-05,50,-1,EXACT_ANALYTICAL,,,RQ4_U0_MEAN_CONTROL_v1.0,LeaveOneOut,ExactAnalyticalReference,True,,,,,COMPLETE,2a93d7b6a937ad9de8d0ac9298f66317fb5515d2152fa9795b8e78528239a2c8
U0,LeaveOneOut,rq4pl_49a0fe00384016bb5def3279c2c707dca67b361547be80fc15389ac9c17f494d,-0.0038286475735885899,81,-1,EXACT_ANALYTICAL,,,RQ4_U0_MEAN_CONTROL_v1.0,LeaveOneOut,ExactAnalyticalReference,True,,,,,COMPLETE,2a93d7b6a937ad9de8d0ac9298f66317fb5515d2152fa9795b8e78528239a2c8
U0,LeaveOneOut,rq4pl_4e692c97ba95b2144be502eed69d3407185830e46bbcd157da519620b01d828a,-0.0025498717386784682,77,-1,EXACT_ANALYTICAL,,,RQ4_U0_MEAN_CONTROL_v1.0,LeaveOneOut,ExactAnalyticalReference,True,,,,,COMPLETE,2a93d7b6a937ad9de8d0ac9298f66317fb5515d2152fa9795b8e78528239a2c8
U0,LeaveOneOut,rq4pl_5037fd384d5294abdbe4ffce392704458d08fb0bae3ab918a40d9910c7afaf76,0.00054564350917784903,36,1,EXACT_ANALYTICAL,,,RQ4_U0_MEAN_CONTROL_v1.0,LeaveOneOut,ExactAnalyticalReference,True,,,,,COMPLETE,2a93d7b6a937ad9de8d0ac9298f66317fb5515d2152fa9795b8e78528239a2c8
U0,LeaveOneOut,rq4pl_50b52f48539311562de5f2c4511a487f16b741151bdafdf9aea7e9ce3acd2edf,0.00096421552164950575,27,1,EXACT_ANALYTICAL,,,RQ4_U0_MEAN_CONTROL_v1.0,LeaveOneOut,ExactAnalyticalReference,True,,,,,COMPLETE,2a93d7b6a937ad9de8d0ac9298f66317fb5515d2152fa9795b8e78528239a2c8
U0,LeaveOneOut,rq4pl_5184388a6f4710019ba3de190fa81206bc33d73d5cf9bdb1fb5ff0ab7aa78ce3,0.0025389523548806523,4,1,EXACT_ANALYTICAL,,,RQ4_U0_MEAN_CONTROL_v1.0,LeaveOneOut,ExactAnalyticalReference,True,,,,,COMPLETE,2a93d7b6a937ad9de8d0ac9298f66317fb5515d2152fa9795b8e78528239a2c8
U0,LeaveOneOut,rq4pl_528faab818aea81377a588b69617c8879424b2b7442ec09bcb9ed017ec4d6d3f,0.00020732742641141,44,1,EXACT_ANALYTICAL,,,RQ4_U0_MEAN_CONTROL_v1.0,LeaveOneOut,ExactAnalyticalReference,True,,,,,COMPLETE,2a93d7b6a937ad9de8d0ac9298f66317fb5515d2152fa9795b8e78528239a2c8
U0,LeaveOneOut,rq4pl_531b9c0c619e4db6be919435fa31a4d082f65428f9aad61ca94aa5ea33f9e56d,-0.0014575532173275684,71,-1,EXACT_ANALYTICAL,,,RQ4_U0_MEAN_CONTROL_v1.0,LeaveOneOut,ExactAnalyticalReference,True,,,,,COMPLETE,2a93d7b6a937ad9de8d0ac9298f66317fb5515d2152fa9795b8e78528239a2c8
U0,LeaveOneOut,rq4pl_53e992688a427d676f535b232d898de29ce10d56c38aa1dee766e4ae5bddcaa9,0.0018647356463660587,13,1,EXACT_ANALYTICAL,,,RQ4_U0_MEAN_CONTROL_v1.0,LeaveOneOut,ExactAnalyticalReference,True,,,,,COMPLETE,2a93d7b6a937ad9de8d0ac9298f66317fb5515d2152fa9795b8e78528239a2c8
U0,LeaveOneOut,rq4pl_57ceee7a7bef5403fac868dcc505d822058df3cc9480a2a7d1878aed23af10b0,-8.5314240255255893e-05,49,-1,EXACT_ANALYTICAL,,,RQ4_U0_MEAN_CONTROL_v1.0,LeaveOneOut,ExactAnalyticalReference,True,,,,,COMPLETE,2a93d7b6a937ad9de8d0ac9298f66317fb5515d2152fa9795b8e78528239a2c8
U0,LeaveOneOut,rq4pl_5a2258b978ff34e7af144229f99d6c44cb7181831e348fc5629dcc0d2355dedf,0.00089074060911306316,28,1,EXACT_ANALYTICAL,,,RQ4_U0_MEAN_CONTROL_v1.0,LeaveOneOut,ExactAnalyticalReference,True,,,,,COMPLETE,2a93d7b6a937ad9de8d0ac9298f66317fb5515d2152fa9795b8e78528239a2c8
U0,LeaveOneOut,rq4pl_5ce73c4684c24f08ee44c4a4b831aa3856cf226ede09c76a2fa3b1f295805d90,0.0013789566916002445,20,1,EXACT_ANALYTICAL,,,RQ4_U0_MEAN_CONTROL_v1.0,LeaveOneOut,ExactAnalyticalReference,True,,,,,COMPLETE,2a93d7b6a937ad9de8d0ac9298f66317fb5515d2152fa9795b8e78528239a2c8
U0,LeaveOneOut,rq4pl_5e6791ad491883687a106c94a0b9e41c52aabc86cfcfa05a9493431e840b60d0,0.00061772409307807568,34,1,EXACT_ANALYTICAL,,,RQ4_U0_MEAN_CONTROL_v1.0,LeaveOneOut,ExactAnalyticalReference,True,,,,,COMPLETE,2a93d7b6a937ad9de8d0ac9298f66317fb5515d2152fa9795b8e78528239a2c8
U0,LeaveOneOut,rq4pl_5ed0bb4c8d3c870a714d77e2173f6576e6fdb37d1b4aeb30a571a4f3358d0209,-0.0048011912243822409,84,-1,EXACT_ANALYTICAL,,,RQ4_U0_MEAN_CONTROL_v1.0,LeaveOneOut,ExactAnalyticalReference,True,,,,,COMPLETE,2a93d7b6a937ad9de8d0ac9298f66317fb5515d2152fa9795b8e78528239a2c8
U0,LeaveOneOut,rq4pl_6214d02fd058209dcc56d1ae78ebd1fbb4e4cece516947fc2f4e8a164ee7ca01,-0.00012443462487064268,51,-1,EXACT_ANALYTICAL,,,RQ4_U0_MEAN_CONTROL_v1.0,LeaveOneOut,ExactAnalyticalReference,True,,,,,COMPLETE,2a93d7b6a937ad9de8d0ac9298f66317fb5515d2152fa9795b8e78528239a2c8
U0,LeaveOneOut,rq4pl_66bed34f45b4b3060987b79b022e3235a654f463837eee2d7269ac7e4626729b,0.00085681889141271141,29,1,EXACT_ANALYTICAL,,,RQ4_U0_MEAN_CONTROL_v1.0,LeaveOneOut,ExactAnalyticalReference,True,,,,,COMPLETE,2a93d7b6a937ad9de8d0ac9298f66317fb5515d2152fa9795b8e78528239a2c8
U0,LeaveOneOut,rq4pl_6885d49a65f7468a688cb02159a3cd7b0b97e7bd82fdbd711c96b370284cd669,-0.0023530126529536688,76,-1,EXACT_ANALYTICAL,,,RQ4_U0_MEAN_CONTROL_v1.0,LeaveOneOut,ExactAnalyticalReference,True,,,,,COMPLETE,2a93d7b6a937ad9de8d0ac9298f66317fb5515d2152fa9795b8e78528239a2c8
U0,LeaveOneOut,rq4pl_6d050112c2bb5784fe247e301c0e63d0f5b9d3b1b8fd618851ca9e9c2b78b867,0.0029540484978399818,1,1,EXACT_ANALYTICAL,,,RQ4_U0_MEAN_CONTROL_v1.0,LeaveOneOut,ExactAnalyticalReference,True,,,,,COMPLETE,2a93d7b6a937ad9de8d0ac9298f66317fb5515d2152fa9795b8e78528239a2c8
U0,LeaveOneOut,rq4pl_6e3dc67c674d01023007eb26f49f8c58bff8b7e8b7bea62d5909611192d8e970,-0.00098946424025525624,64,-1,EXACT_ANALYTICAL,,,RQ4_U0_MEAN_CONTROL_v1.0,LeaveOneOut,ExactAnalyticalReference,True,,,,,COMPLETE,2a93d7b6a937ad9de8d0ac9298f66317fb5515d2152fa9795b8e78528239a2c8
U0,LeaveOneOut,rq4pl_704732b7282cac1f404ca502930d30fda9625a2af72f54afdac7dae6d25c7c54,0.0025324952835542665,5,1,EXACT_ANALYTICAL,,,RQ4_U0_MEAN_CONTROL_v1.0,LeaveOneOut,ExactAnalyticalReference,True,,,,,COMPLETE,2a93d7b6a937ad9de8d0ac9298f66317fb5515d2152fa9795b8e78528239a2c8
U0,LeaveOneOut,rq4pl_72dbce4ede6a34ce4cea21bd1569cc93f5bc5ec1ebf84e08d809d24bd83d3fb9,0.00043744766450664826,40,1,EXACT_ANALYTICAL,,,RQ4_U0_MEAN_CONTROL_v1.0,LeaveOneOut,ExactAnalyticalReference,True,,,,,COMPLETE,2a93d7b6a937ad9de8d0ac9298f66317fb5515d2152fa9795b8e78528239a2c8
U0,LeaveOneOut,rq4pl_737f80c3dfd06ade34ad2149c1577883c219fbfba517f469b0a93f44cece88a5,0.0001552635573637914,45,1,EXACT_ANALYTICAL,,,RQ4_U0_MEAN_CONTROL_v1.0,LeaveOneOut,ExactAnalyticalReference,True,,,,,COMPLETE,2a93d7b6a937ad9de8d0ac9298f66317fb5515d2152fa9795b8e78528239a2c8
U0,LeaveOneOut,rq4pl_74622e5219312fc5296f8223c2d0d0885f85bd2a8d8ba7ec66a80fa237016b97,-0.0026593592138002302,79,-1,EXACT_ANALYTICAL,,,RQ4_U0_MEAN_CONTROL_v1.0,LeaveOneOut,ExactAnalyticalReference,True,,,,,COMPLETE,2a93d7b6a937ad9de8d0ac9298f66317fb5515d2152fa9795b8e78528239a2c8
U0,LeaveOneOut,rq4pl_751c80984b9439db6d959a253ef28d8ac8887109b64117f9e8ea128454eb21a9,0.00070628373593522014,33,1,EXACT_ANALYTICAL,,,RQ4_U0_MEAN_CONTROL_v1.0,LeaveOneOut,ExactAnalyticalReference,True,,,,,COMPLETE,2a93d7b6a937ad9de8d0ac9298f66317fb5515d2152fa9795b8e78528239a2c8
U0,LeaveOneOut,rq4pl_75cc85bb6c5b8925d272e917cc4dff9931194d33bba9d181181b84422284945c,0.0016733728345746757,17,1,EXACT_ANALYTICAL,,,RQ4_U0_MEAN_CONTROL_v1.0,LeaveOneOut,ExactAnalyticalReference,True,,,,,COMPLETE,2a93d7b6a937ad9de8d0ac9298f66317fb5515d2152fa9795b8e78528239a2c8
U0,LeaveOneOut,rq4pl_7f11a95cb3c782a07423244f0559dc07990186de3f2c3433ca7c031a299e1ed6,-0.00075136444729459397,59,-1,EXACT_ANALYTICAL,,,RQ4_U0_MEAN_CONTROL_v1.0,LeaveOneOut,ExactAnalyticalReference,True,,,,,COMPLETE,2a93d7b6a937ad9de8d0ac9298f66317fb5515d2152fa9795b8e78528239a2c8
U0,LeaveOneOut,rq4pl_81944e8b070b792bee63c694afa6df24ae334bcec84fb750323b7010e5b89f0c,-0.0045892818328478495,83,-1,EXACT_ANALYTICAL,,,RQ4_U0_MEAN_CONTROL_v1.0,LeaveOneOut,ExactAnalyticalReference,True,,,,,COMPLETE,2a93d7b6a937ad9de8d0ac9298f66317fb5515d2152fa9795b8e78528239a2c8
U0,LeaveOneOut,rq4pl_8418af3a52c899314f8cee1f68ef67042c14e244ec96f1651d6cf90adaf976e9,0.0021631676777778162,11,1,EXACT_ANALYTICAL,,,RQ4_U0_MEAN_CONTROL_v1.0,LeaveOneOut,ExactAnalyticalReference,True,,,,,COMPLETE,2a93d7b6a937ad9de8d0ac9298f66317fb5515d2152fa9795b8e78528239a2c8
U0,LeaveOneOut,rq4pl_873015599e1a61eaf581849d8f379b6279fe67f30b567aa06cb5672f7d93bb5b,-0.0013342765263635533,69,-1,EXACT_ANALYTICAL,,,RQ4_U0_MEAN_CONTROL_v1.0,LeaveOneOut,ExactAnalyticalReference,True,,,,,COMPLETE,2a93d7b6a937ad9de8d0ac9298f66317fb5515d2152fa9795b8e78528239a2c8
U0,LeaveOneOut,rq4pl_8856b5958742c42b6b8b3285816039d964d4aa58cfbb750974ed3865743975d2,0.0007656230857711867,31,1,EXACT_ANALYTICAL,,,RQ4_U0_MEAN_CONTROL_v1.0,LeaveOneOut,ExactAnalyticalReference,True,,,,,COMPLETE,2a93d7b6a937ad9de8d0ac9298f66317fb5515d2152fa9795b8e78528239a2c8
U0,LeaveOneOut,rq4pl_8bfd3ead1ec4a765b15f2943774d78b22d2b5775e679545109e954a7ee722859,-0.0022739188768467365,74,-1,EXACT_ANALYTICAL,,,RQ4_U0_MEAN_CONTROL_v1.0,LeaveOneOut,ExactAnalyticalReference,True,,,,,COMPLETE,2a93d7b6a937ad9de8d0ac9298f66317fb5515d2152fa9795b8e78528239a2c8
U0,LeaveOneOut,rq4pl_8f9e3c929255cb478c6971057add1a066e4d207215ff914c925dbac0a0764b2e,-0.00025585786017461959,53,-1,EXACT_ANALYTICAL,,,RQ4_U0_MEAN_CONTROL_v1.0,LeaveOneOut,ExactAnalyticalReference,True,,,,,COMPLETE,2a93d7b6a937ad9de8d0ac9298f66317fb5515d2152fa9795b8e78528239a2c8
U0,LeaveOneOut,rq4pl_91b95ed1e9b13d6acbb09a43677fd72ded41f866d90394cda2a5ddb957e36d36,-0.0023356497380907539,75,-1,EXACT_ANALYTICAL,,,RQ4_U0_MEAN_CONTROL_v1.0,LeaveOneOut,ExactAnalyticalReference,True,,,,,COMPLETE,2a93d7b6a937ad9de8d0ac9298f66317fb5515d2152fa9795b8e78528239a2c8
U0,LeaveOneOut,rq4pl_9716a8135adaa7ff5e78cd7aecee78cc286787b70d5f21f713826ded4b790aaa,-0.0010168009562831317,65,-1,EXACT_ANALYTICAL,,,RQ4_U0_MEAN_CONTROL_v1.0,LeaveOneOut,ExactAnalyticalReference,True,,,,,COMPLETE,2a93d7b6a937ad9de8d0ac9298f66317fb5515d2152fa9795b8e78528239a2c8
U0,LeaveOneOut,rq4pl_9768f8f32c61c8a69c5c8756077724eeeef5d2cf4841e2d12e6d8181c2910438,0.0014801829252776228,19,1,EXACT_ANALYTICAL,,,RQ4_U0_MEAN_CONTROL_v1.0,LeaveOneOut,ExactAnalyticalReference,True,,,,,COMPLETE,2a93d7b6a937ad9de8d0ac9298f66317fb5515d2152fa9795b8e78528239a2c8
U0,LeaveOneOut,rq4pl_99654ddaf213d54232ef4d4124775aa57c181595de1c34c3e29845e83aa37d49,0.0018899678740335304,12,1,EXACT_ANALYTICAL,,,RQ4_U0_MEAN_CONTROL_v1.0,LeaveOneOut,ExactAnalyticalReference,True,,,,,COMPLETE,2a93d7b6a937ad9de8d0ac9298f66317fb5515d2152fa9795b8e78528239a2c8
U0,LeaveOneOut,rq4pl_9d8d55b7ecd42bdf2bc5a4fa61d1e462b8d284af7c42aba26406dd2ddf39d05c,-0.0018934826076021946,73,-1,EXACT_ANALYTICAL,,,RQ4_U0_MEAN_CONTROL_v1.0,LeaveOneOut,ExactAnalyticalReference,True,,,,,COMPLETE,2a93d7b6a937ad9de8d0ac9298f66317fb5515d2152fa9795b8e78528239a2c8
U0,LeaveOneOut,rq4pl_a1074f330e6553f0cefe25f45b2c70ebcbbea3786546914da7ddefc7e5e39d49,-0.00030662376406478096,54,-1,EXACT_ANALYTICAL,,,RQ4_U0_MEAN_CONTROL_v1.0,LeaveOneOut,ExactAnalyticalReference,True,,,,,COMPLETE,2a93d7b6a937ad9de8d0ac9298f66317fb5515d2152fa9795b8e78528239a2c8
U0,LeaveOneOut,rq4pl_a9793baa644855553e8015d6a1b3d02070efe245762ffae94df09bd769cdcba2,0.002449380204189187,6,1,EXACT_ANALYTICAL,,,RQ4_U0_MEAN_CONTROL_v1.0,LeaveOneOut,ExactAnalyticalReference,True,,,,,COMPLETE,2a93d7b6a937ad9de8d0ac9298f66317fb5515d2152fa9795b8e78528239a2c8
U0,LeaveOneOut,rq4pl_a9a9f8752e77fd422a9e11996f9c6ef7383c98dbd9fbbdefdd9ee2826a145f87,-0.0027603541212076377,80,-1,EXACT_ANALYTICAL,,,RQ4_U0_MEAN_CONTROL_v1.0,LeaveOneOut,ExactAnalyticalReference,True,,,,,COMPLETE,2a93d7b6a937ad9de8d0ac9298f66317fb5515d2152fa9795b8e78528239a2c8
U0,LeaveOneOut,rq4pl_aafeaa0e17d1a236ab3d2a50b7c6ae0b1fad2ca480ec38ae3abc02cf28f07e57,0.00054233114584512933,37,1,EXACT_ANALYTICAL,,,RQ4_U0_MEAN_CONTROL_v1.0,LeaveOneOut,ExactAnalyticalReference,True,,,,,COMPLETE,2a93d7b6a937ad9de8d0ac9298f66317fb5515d2152fa9795b8e78528239a2c8
U0,LeaveOneOut,rq4pl_abccb2a01a9363ea2b127868d79a3d4d232a900f8b9c11f011fb7d0f3e58f6f5,0.0015854770529885366,18,1,EXACT_ANALYTICAL,,,RQ4_U0_MEAN_CONTROL_v1.0,LeaveOneOut,ExactAnalyticalReference,True,,,,,COMPLETE,2a93d7b6a937ad9de8d0ac9298f66317fb5515d2152fa9795b8e78528239a2c8
U0,LeaveOneOut,rq4pl_b453f91fa98c6b4bc6d049117656e8fe296ede0f009a6abfb6bf826a10c7b69f,1.7445073470232705e-05,46,1,EXACT_ANALYTICAL,,,RQ4_U0_MEAN_CONTROL_v1.0,LeaveOneOut,ExactAnalyticalReference,True,,,,,COMPLETE,2a93d7b6a937ad9de8d0ac9298f66317fb5515d2152fa9795b8e78528239a2c8
U0,LeaveOneOut,rq4pl_b594945677d01537de1189aa78917fab2bd6dabba146cd05a66184ddbd4b6d69,-0.0012294213831124,67,-1,EXACT_ANALYTICAL,,,RQ4_U0_MEAN_CONTROL_v1.0,LeaveOneOut,ExactAnalyticalReference,True,,,,,COMPLETE,2a93d7b6a937ad9de8d0ac9298f66317fb5515d2152fa9795b8e78528239a2c8
U0,LeaveOneOut,rq4pl_b65281ddda280d90e9154f2cd65dc9f053001b6c6ee2440b3874b357418202a7,0.0018426019502209335,15,1,EXACT_ANALYTICAL,,,RQ4_U0_MEAN_CONTROL_v1.0,LeaveOneOut,ExactAnalyticalReference,True,,,,,COMPLETE,2a93d7b6a937ad9de8d0ac9298f66317fb5515d2152fa9795b8e78528239a2c8
U0,LeaveOneOut,rq4pl_bcfb0a9fdadc4fe473ea2d864a7d932ae5a2336b39487c0be1a3b3d5694bbe35,0.00047435468792327544,39,1,EXACT_ANALYTICAL,,,RQ4_U0_MEAN_CONTROL_v1.0,LeaveOneOut,ExactAnalyticalReference,True,,,,,COMPLETE,2a93d7b6a937ad9de8d0ac9298f66317fb5515d2152fa9795b8e78528239a2c8
U0,LeaveOneOut,rq4pl_bf99a403b1c9dfee592b4f101a1cc64d37e474df5c0ef6e34633edb95dace400,-0.00021744888627295622,52,-1,EXACT_ANALYTICAL,,,RQ4_U0_MEAN_CONTROL_v1.0,LeaveOneOut,ExactAnalyticalReference,True,,,,,COMPLETE,2a93d7b6a937ad9de8d0ac9298f66317fb5515d2152fa9795b8e78528239a2c8
U0,LeaveOneOut,rq4pl_c1d8a9bfead19c50780def1c687d02f094e1ba4b78f034cf5f3af37ad6c6aa83,0.0025409075302455543,3,1,EXACT_ANALYTICAL,,,RQ4_U0_MEAN_CONTROL_v1.0,LeaveOneOut,ExactAnalyticalReference,True,,,,,COMPLETE,2a93d7b6a937ad9de8d0ac9298f66317fb5515d2152fa9795b8e78528239a2c8
U0,LeaveOneOut,rq4pl_c44c57063c4095d7c5cba9f266f89308c3187577332638e14a2ac9352a3bcedc,0.0018472934694953095,14,1,EXACT_ANALYTICAL,,,RQ4_U0_MEAN_CONTROL_v1.0,LeaveOneOut,ExactAnalyticalReference,True,,,,,COMPLETE,2a93d7b6a937ad9de8d0ac9298f66317fb5515d2152fa9795b8e78528239a2c8
U0,LeaveOneOut,rq4pl_c50df2d0f34dccd5c6fd4c04df2554296de0951cfae153caf66c3d1b28edf2a5,-6.2376406478025217e-07,47,-1,EXACT_ANALYTICAL,,,RQ4_U0_MEAN_CONTROL_v1.0,LeaveOneOut,ExactAnalyticalReference,True,,,,,COMPLETE,2a93d7b6a937ad9de8d0ac9298f66317fb5515d2152fa9795b8e78528239a2c8
U0,LeaveOneOut,rq4pl_cd34281667eacd7ba152507c2c178706fcec3377ca5e4e7a03e57d0afe4039cf,0.0023183881406971243,7,1,EXACT_ANALYTICAL,,,RQ4_U0_MEAN_CONTROL_v1.0,LeaveOneOut,ExactAnalyticalReference,True,,,,,COMPLETE,2a93d7b6a937ad9de8d0ac9298f66317fb5515d2152fa9795b8e78528239a2c8
U0,LeaveOneOut,rq4pl_d187d2566ae800dc511414b0bf0029f8d2abefaf8094e2056437ec93373a1302,-0.0016919809069219235,72,-1,EXACT_ANALYTICAL,,,RQ4_U0_MEAN_CONTROL_v1.0,LeaveOneOut,ExactAnalyticalReference,True,,,,,COMPLETE,2a93d7b6a937ad9de8d0ac9298f66317fb5515d2152fa9795b8e78528239a2c8
U0,LeaveOneOut,rq4pl_d1f9fd6e3cdcde1fa8756288e24a1963811e664635bfe1c22e95c370eed88648,-0.00036144519263620918,55,-1,EXACT_ANALYTICAL,,,RQ4_U0_MEAN_CONTROL_v1.0,LeaveOneOut,ExactAnalyticalReference,True,,,,,COMPLETE,2a93d7b6a937ad9de8d0ac9298f66317fb5515d2152fa9795b8e78528239a2c8
U0,LeaveOneOut,rq4pl_d4000a9d56e3e14c3e7e40a365bd148cb599b417a3a3cf16b73585515a81e23b,0.0022501696417918152,9,1,EXACT_ANALYTICAL,,,RQ4_U0_MEAN_CONTROL_v1.0,LeaveOneOut,ExactAnalyticalReference,True,,,,,COMPLETE,2a93d7b6a937ad9de8d0ac9298f66317fb5515d2152fa9795b8e78528239a2c8
U0,LeaveOneOut,rq4pl_d66b087b0e4957bdf0aafee5f81fa592b12fa633b7dc393d329e0222672b944b,0.0010935402041891886,25,1,EXACT_ANALYTICAL,,,RQ4_U0_MEAN_CONTROL_v1.0,LeaveOneOut,ExactAnalyticalReference,True,,,,,COMPLETE,2a93d7b6a937ad9de8d0ac9298f66317fb5515d2152fa9795b8e78528239a2c8
U0,LeaveOneOut,rq4pl_dbb38a3a562ab8c02a421b313352132a8954e8fe1fde0b346b91b568714e22b5,-0.00076733104697794671,60,-1,EXACT_ANALYTICAL,,,RQ4_U0_MEAN_CONTROL_v1.0,LeaveOneOut,ExactAnalyticalReference,True,,,,,COMPLETE,2a93d7b6a937ad9de8d0ac9298f66317fb5515d2152fa9795b8e78528239a2c8
U0,LeaveOneOut,rq4pl_dd9c02a4f48d8522951eca749bbc246b9ba10de171f1f6810bf6cdbd5db9ba96,0.0022838162542502386,8,1,EXACT_ANALYTICAL,,,RQ4_U0_MEAN_CONTROL_v1.0,LeaveOneOut,ExactAnalyticalReference,True,,,,,COMPLETE,2a93d7b6a937ad9de8d0ac9298f66317fb5515d2152fa9795b8e78528239a2c8
U0,LeaveOneOut,rq4pl_ddded89f25c263e646c6de652144e12a3a857b99f36ea28a4e48059f0d3feedd,-0.0043139288235885904,82,-1,EXACT_ANALYTICAL,,,RQ4_U0_MEAN_CONTROL_v1.0,LeaveOneOut,ExactAnalyticalReference,True,,,,,COMPLETE,2a93d7b6a937ad9de8d0ac9298f66317fb5515d2152fa9795b8e78528239a2c8
U0,LeaveOneOut,rq4pl_e05ca12594d92d5ffa238e73d9c4d2d58648d44595cc4b742e4987827e6005ec,-0.0050249533771600189,85,-1,EXACT_ANALYTICAL,,,RQ4_U0_MEAN_CONTROL_v1.0,LeaveOneOut,ExactAnalyticalReference,True,,,,,COMPLETE,2a93d7b6a937ad9de8d0ac9298f66317fb5515d2152fa9795b8e78528239a2c8
U0,LeaveOneOut,rq4pl_e4bd54fcbb4fa282dda7e8b52bd3f36cabb08cbbb872585c2cfde9ab6fb52bc3,0.0013493463625904093,21,1,EXACT_ANALYTICAL,,,RQ4_U0_MEAN_CONTROL_v1.0,LeaveOneOut,ExactAnalyticalReference,True,,,,,COMPLETE,2a93d7b6a937ad9de8d0ac9298f66317fb5515d2152fa9795b8e78528239a2c8
U0,LeaveOneOut,rq4pl_ec4768bbd656fe4efb8d2ea314eb11fe6a2ab4f58c0075100553b6cdaa76dc40,0.0007299387254128271,32,1,EXACT_ANALYTICAL,,,RQ4_U0_MEAN_CONTROL_v1.0,LeaveOneOut,ExactAnalyticalReference,True,,,,,COMPLETE,2a93d7b6a937ad9de8d0ac9298f66317fb5515d2152fa9795b8e78528239a2c8
U0,LeaveOneOut,rq4pl_f06a3f01fb3c07b5ede9269d49c7052b89b2a70e6ebeb1c9a9490a8445c53c66,-2.857248716256018e-05,48,-1,EXACT_ANALYTICAL,,,RQ4_U0_MEAN_CONTROL_v1.0,LeaveOneOut,ExactAnalyticalReference,True,,,,,COMPLETE,2a93d7b6a937ad9de8d0ac9298f66317fb5515d2152fa9795b8e78528239a2c8
U0,LeaveOneOut,rq4pl_f283062986cf5795c7e0e29998d378d3595c96b782e6a134e7bc7955513b7bda,-0.00053648685930287557,58,-1,EXACT_ANALYTICAL,,,RQ4_U0_MEAN_CONTROL_v1.0,LeaveOneOut,ExactAnalyticalReference,True,,,,,COMPLETE,2a93d7b6a937ad9de8d0ac9298f66317fb5515d2152fa9795b8e78528239a2c8
U0,LeaveOneOut,rq4pl_f5199056462868814f42843c579cdd76cde8a2c78ce0473ab4111070b99d79ae,0.0012528060208140844,22,1,EXACT_ANALYTICAL,,,RQ4_U0_MEAN_CONTROL_v1.0,LeaveOneOut,ExactAnalyticalReference,True,,,,,COMPLETE,2a93d7b6a937ad9de8d0ac9298f66317fb5515d2152fa9795b8e78528239a2c8
U0,LeaveOneOut,rq4pl_f7a890ef24f1a183fda1bc7b51c391847589dc2ba49cbdc108238cd7c3f5de69,0.0022209543311733143,10,1,EXACT_ANALYTICAL,,,RQ4_U0_MEAN_CONTROL_v1.0,LeaveOneOut,ExactAnalyticalReference,True,,,,,COMPLETE,2a93d7b6a937ad9de8d0ac9298f66317fb5515d2152fa9795b8e78528239a2c8
U0,LeaveOneOut,rq4pl_f96533b8d21a3e2fdc49eee8d6249c15c50d1169ec3cbf289a9b206512db5095,0.00049145823769888787,38,1,EXACT_ANALYTICAL,,,RQ4_U0_MEAN_CONTROL_v1.0,LeaveOneOut,ExactAnalyticalReference,True,,,,,COMPLETE,2a93d7b6a937ad9de8d0ac9298f66317fb5515d2152fa9795b8e78528239a2c8
U0,LeaveOneOut,rq4pl_fb1bfc39fd90c2e580b66654de71236ee19ebcbd49a84453055e3de655354d7a,-0.0012880380497790672,68,-1,EXACT_ANALYTICAL,,,RQ4_U0_MEAN_CONTROL_v1.0,LeaveOneOut,ExactAnalyticalReference,True,,,,,COMPLETE,2a93d7b6a937ad9de8d0ac9298f66317fb5515d2152fa9795b8e78528239a2c8
U0,Shapley,rq4pl_0532a4cb6907f03e27619a0515bb2e6743c95c10734472fdf9b78259d4b7de0d,0.0044260693168016495,62,1,EXACT_ANALYTICAL,,,RQ4_U0_MEAN_CONTROL_v1.0,Shapley,ExactAnalyticalReference,True,,,,,COMPLETE,2a93d7b6a937ad9de8d0ac9298f66317fb5515d2152fa9795b8e78528239a2c8
U0,Shapley,rq4pl_09be7cd9da11fbfb20ba616d65fb61ae0935d8c47abad11a95638192b4ab78a0,0.010580197441517818,42,1,EXACT_ANALYTICAL,,,RQ4_U0_MEAN_CONTROL_v1.0,Shapley,ExactAnalyticalReference,True,,,,,COMPLETE,2a93d7b6a937ad9de8d0ac9298f66317fb5515d2152fa9795b8e78528239a2c8
U0,Shapley,rq4pl_1a5ade7ebe21d184c51a0987dde4ae0f770fe7723ce0cbcc92a96f9caa08b59c,0.022229007264979953,2,1,EXACT_ANALYTICAL,,,RQ4_U0_MEAN_CONTROL_v1.0,Shapley,ExactAnalyticalReference,True,,,,,COMPLETE,2a93d7b6a937ad9de8d0ac9298f66317fb5515d2152fa9795b8e78528239a2c8
U0,Shapley,rq4pl_1c77b9285da3e18e2c9d13b01da8a49b4cbd86cce0d8c763e1f8a0ca9cef0d5e,0.010625177117880073,41,1,EXACT_ANALYTICAL,,,RQ4_U0_MEAN_CONTROL_v1.0,Shapley,ExactAnalyticalReference,True,,,,,COMPLETE,2a93d7b6a937ad9de8d0ac9298f66317fb5515d2152fa9795b8e78528239a2c8
U0,Shapley,rq4pl_1d855e88db60ee7025904aa8a525479548a77e0d19058f0c53427d2ec1bb6f3c,-0.0048160360703096037,78,-1,EXACT_ANALYTICAL,,,RQ4_U0_MEAN_CONTROL_v1.0,Shapley,ExactAnalyticalReference,True,,,,,COMPLETE,2a93d7b6a937ad9de8d0ac9298f66317fb5515d2152fa9795b8e78528239a2c8
U0,Shapley,rq4pl_1f2b5330032d1122ed72a49f4c7e06d2316e19613ae92835c3fe7ce66f84ab95,0.011433815567391956,35,1,EXACT_ANALYTICAL,,,RQ4_U0_MEAN_CONTROL_v1.0,Shapley,ExactAnalyticalReference,True,,,,,COMPLETE,2a93d7b6a937ad9de8d0ac9298f66317fb5515d2152fa9795b8e78528239a2c8
U0,Shapley,rq4pl_1f86fa31dfb5e650fec3539a3b633361c0ebda9e1dc7bd7e87c23b6f17736f50,0.012669231368418446,30,1,EXACT_ANALYTICAL,,,RQ4_U0_MEAN_CONTROL_v1.0,Shapley,ExactAnalyticalReference,True,,,,,COMPLETE,2a93d7b6a937ad9de8d0ac9298f66317fb5515d2152fa9795b8e78528239a2c8
U0,Shapley,rq4pl_22b714056fe11fe49d00762cbf5773eb347e2123ce6d7c7d1d4ca39a52741230,0.0063625512598212714,56,1,EXACT_ANALYTICAL,,,RQ4_U0_MEAN_CONTROL_v1.0,Shapley,ExactAnalyticalReference,True,,,,,COMPLETE,2a93d7b6a937ad9de8d0ac9298f66317fb5515d2152fa9795b8e78528239a2c8
U0,Shapley,rq4pl_23ffb5c653f6ba9ac74f29404ba77e8845182799e69694089a03d53c723437af,0.014622558623545752,23,1,EXACT_ANALYTICAL,,,RQ4_U0_MEAN_CONTROL_v1.0,Shapley,ExactAnalyticalReference,True,,,,,COMPLETE,2a93d7b6a937ad9de8d0ac9298f66317fb5515d2152fa9795b8e78528239a2c8
U0,Shapley,rq4pl_27dcd03e1448e916a58694d8ccf2c59e967462e922b5a9649173125124677da2,0.017631235536523293,16,1,EXACT_ANALYTICAL,,,RQ4_U0_MEAN_CONTROL_v1.0,Shapley,ExactAnalyticalReference,True,,,,,COMPLETE,2a93d7b6a937ad9de8d0ac9298f66317fb5515d2152fa9795b8e78528239a2c8
U0,Shapley,rq4pl_28057b23871b792d5ccae17cf7598818485d47433583896088c62b56a9e852b7,0.0041561968607827368,63,1,EXACT_ANALYTICAL,,,RQ4_U0_MEAN_CONTROL_v1.0,Shapley,ExactAnalyticalReference,True,,,,,COMPLETE,2a93d7b6a937ad9de8d0ac9298f66317fb5515d2152fa9795b8e78528239a2c8
U0,Shapley,rq4pl_288ab04cc797e99e073777b2a2124b8734f384c4794cf8e4f20a68d6326a2997,0.0059065093206304405,57,1,EXACT_ANALYTICAL,,,RQ4_U0_MEAN_CONTROL_v1.0,Shapley,ExactAnalyticalReference,True,,,,,COMPLETE,2a93d7b6a937ad9de8d0ac9298f66317fb5515d2152fa9795b8e78528239a2c8
U0,Shapley,rq4pl_2a3723e60ab1bcdd4b2d572f38d5508552f6451ef1c1856cddf4cd922cba0cfe,0.013546208767394173,26,1,EXACT_ANALYTICAL,,,RQ4_U0_MEAN_CONTROL_v1.0,Shapley,ExactAnalyticalReference,True,,,,,COMPLETE,2a93d7b6a937ad9de8d0ac9298f66317fb5515d2152fa9795b8e78528239a2c8
U0,Shapley,rq4pl_2cb5c1217ab2b40aff5a474651095e3574ed7d53da1422b5ca6bc3a002543c50,0.0045214827033988039,61,1,EXACT_ANALYTICAL,,,RQ4_U0_MEAN_CONTROL_v1.0,Shapley,ExactAnalyticalReference,True,,,,,COMPLETE,2a93d7b6a937ad9de8d0ac9298f66317fb5515d2152fa9795b8e78528239a2c8
U0,Shapley,rq4pl_2d8a206efdf69f46f6c09e1ca360dd0d276a4994d838e7c8089a6d654b88ffcb,0.0033363356860327824,66,1,EXACT_ANALYTICAL,,,RQ4_U0_MEAN_CONTROL_v1.0,Shapley,ExactAnalyticalReference,True,,,,,COMPLETE,2a93d7b6a937ad9de8d0ac9298f66317fb5515d2152fa9795b8e78528239a2c8
U0,Shapley,rq4pl_2e80f039f040a45eb52235ab80a0277dbfffc4ed7ccbe651ee5041205d6d9761,0.014264094908299914,24,1,EXACT_ANALYTICAL,,,RQ4_U0_MEAN_CONTROL_v1.0,Shapley,ExactAnalyticalReference,True,,,,,COMPLETE,2a93d7b6a937ad9de8d0ac9298f66317fb5515d2152fa9795b8e78528239a2c8
U0,Shapley,rq4pl_3dd18371f820e26ab096783ac0736dc77d4623cbe21c9f5f82fee13254f040ca,0.0099297271199521048,43,1,EXACT_ANALYTICAL,,,RQ4_U0_MEAN_CONTROL_v1.0,Shapley,ExactAnalyticalReference,True,,,,,COMPLETE,2a93d7b6a937ad9de8d0ac9298f66317fb5515d2152fa9795b8e78528239a2c8
U0,Shapley,rq4pl_3f9e12a328d8b46d330804866e951e97191cfa133ea3142d9ea9e5f8caf78255,0.0014773093288296851,70,1,EXACT_ANALYTICAL,,,RQ4_U0_MEAN_CONTROL_v1.0,Shapley,ExactAnalyticalReference,True,,,,,COMPLETE,2a93d7b6a937ad9de8d0ac9298f66317fb5515d2152fa9795b8e78528239a2c8
U0,Shapley,rq4pl_4526181cef1978791c1b852517c9f484a85dc65e3d1a0ebcee60be0c6fcb4daa,0.0079928853327361181,50,1,EXACT_ANALYTICAL,,,RQ4_U0_MEAN_CONTROL_v1.0,Shapley,ExactAnalyticalReference,True,,,,,COMPLETE,2a93d7b6a937ad9de8d0ac9298f66317fb5515d2152fa9795b8e78528239a2c8
U0,Shapley,rq4pl_49a0fe00384016bb5def3279c2c707dca67b361547be80fc15389ac9c17f494d,-0.010707248679002891,81,-1,EXACT_ANALYTICAL,,,RQ4_U0_MEAN_CONTROL_v1.0,Shapley,ExactAnalyticalReference,True,,,,,COMPLETE,2a93d7b6a937ad9de8d0ac9298f66317fb5515d2152fa9795b8e78528239a2c8
U0,Shapley,rq4pl_4e692c97ba95b2144be502eed69d3407185830e46bbcd157da519620b01d828a,-0.0042955011254847131,77,-1,EXACT_ANALYTICAL,,,RQ4_U0_MEAN_CONTROL_v1.0,Shapley,ExactAnalyticalReference,True,,,,,COMPLETE,2a93d7b6a937ad9de8d0ac9298f66317fb5515d2152fa9795b8e78528239a2c8
U0,Shapley,rq4pl_5037fd384d5294abdbe4ffce392704458d08fb0bae3ab918a40d9910c7afaf76,0.011225328855413342,36,1,EXACT_ANALYTICAL,,,RQ4_U0_MEAN_CONTROL_v1.0,Shapley,ExactAnalyticalReference,True,,,,,COMPLETE,2a93d7b6a937ad9de8d0ac9298f66317fb5515d2152fa9795b8e78528239a2c8
U0,Shapley,rq4pl_50b52f48539311562de5f2c4511a487f16b741151bdafdf9aea7e9ce3acd2edf,0.013324037638978175,27,1,EXACT_ANALYTICAL,,,RQ4_U0_MEAN_CONTROL_v1.0,Shapley,ExactAnalyticalReference,True,,,,,COMPLETE,2a93d7b6a937ad9de8d0ac9298f66317fb5515d2152fa9795b8e78528239a2c8
U0,Shapley,rq4pl_5184388a6f4710019ba3de190fa81206bc33d73d5cf9bdb1fb5ff0ab7aa78ce3,0.021219725657366805,4,1,EXACT_ANALYTICAL,,,RQ4_U0_MEAN_CONTROL_v1.0,Shapley,ExactAnalyticalReference,True,,,,,COMPLETE,2a93d7b6a937ad9de8d0ac9298f66317fb5515d2152fa9795b8e78528239a2c8
U0,Shapley,rq4pl_528faab818aea81377a588b69617c8879424b2b7442ec09bcb9ed017ec4d6d3f,0.0095290211392560133,44,1,EXACT_ANALYTICAL,,,RQ4_U0_MEAN_CONTROL_v1.0,Shapley,ExactAnalyticalReference,True,,,,,COMPLETE,2a93d7b6a937ad9de8d0ac9298f66317fb5515d2152fa9795b8e78528239a2c8
U0,Shapley,rq4pl_531b9c0c619e4db6be919435fa31a4d082f65428f9aad61ca94aa5ea33f9e56d,0.0011813544857463799,71,1,EXACT_ANALYTICAL,,,RQ4_U0_MEAN_CONTROL_v1.0,Shapley,ExactAnalyticalReference,True,,,,,COMPLETE,2a93d7b6a937ad9de8d0ac9298f66317fb5515d2152fa9795b8e78528239a2c8
U0,Shapley,rq4pl_53e992688a427d676f535b232d898de29ce10d56c38aa1dee766e4ae5bddcaa9,0.017839221261408026,13,1,EXACT_ANALYTICAL,,,RQ4_U0_MEAN_CONTROL_v1.0,Shapley,ExactAnalyticalReference,True,,,,,COMPLETE,2a93d7b6a937ad9de8d0ac9298f66317fb5515d2152fa9795b8e78528239a2c8
U0,Shapley,rq4pl_57ceee7a7bef5403fac868dcc505d822058df3cc9480a2a7d1878aed23af10b0,0.0080617237137933593,49,1,EXACT_ANALYTICAL,,,RQ4_U0_MEAN_CONTROL_v1.0,Shapley,ExactAnalyticalReference,True,,,,,COMPLETE,2a93d7b6a937ad9de8d0ac9298f66317fb5515d2152fa9795b8e78528239a2c8
U0,Shapley,rq4pl_5a2258b978ff34e7af144229f99d6c44cb7181831e348fc5629dcc0d2355dedf,0.012955636408801966,28,1,EXACT_ANALYTICAL,,,RQ4_U0_MEAN_CONTROL_v1.0,Shapley,ExactAnalyticalReference,True,,,,,COMPLETE,2a93d7b6a937ad9de8d0ac9298f66317fb5515d2152fa9795b8e78528239a2c8
U0,Shapley,rq4pl_5ce73c4684c24f08ee44c4a4b831aa3856cf226ede09c76a2fa3b1f295805d90,0.015403538681443384,20,1,EXACT_ANALYTICAL,,,RQ4_U0_MEAN_CONTROL_v1.0,Shapley,ExactAnalyticalReference,True,,,,,COMPLETE,2a93d7b6a937ad9de8d0ac9298f66317fb5515d2152fa9795b8e78528239a2c8
U0,Shapley,rq4pl_5e6791ad491883687a106c94a0b9e41c52aabc86cfcfa05a9493431e840b60d0,0.011586738959406213,34,1,EXACT_ANALYTICAL,,,RQ4_U0_MEAN_CONTROL_v1.0,Shapley,ExactAnalyticalReference,True,,,,,COMPLETE,2a93d7b6a937ad9de8d0ac9298f66317fb5515d2152fa9795b8e78528239a2c8
U0,Shapley,rq4pl_5ed0bb4c8d3c870a714d77e2173f6576e6fdb37d1b4aeb30a571a4f3358d0209,-0.015583556319039037,84,-1,EXACT_ANALYTICAL,,,RQ4_U0_MEAN_CONTROL_v1.0,Shapley,ExactAnalyticalReference,True,,,,,COMPLETE,2a93d7b6a937ad9de8d0ac9298f66317fb5515d2152fa9795b8e78528239a2c8
U0,Shapley,rq4pl_6214d02fd058209dcc56d1ae78ebd1fbb4e4cece516947fc2f4e8a164ee7ca01,0.0078655751602292184,51,1,EXACT_ANALYTICAL,,,RQ4_U0_MEAN_CONTROL_v1.0,Shapley,ExactAnalyticalReference,True,,,,,COMPLETE,2a93d7b6a937ad9de8d0ac9298f66317fb5515d2152fa9795b8e78528239a2c8
U0,Shapley,rq4pl_66bed34f45b4b3060987b79b022e3235a654f463837eee2d7269ac7e4626729b,0.012785553830965598,29,1,EXACT_ANALYTICAL,,,RQ4_U0_MEAN_CONTROL_v1.0,Shapley,ExactAnalyticalReference,True,,,,,COMPLETE,2a93d7b6a937ad9de8d0ac9298f66317fb5515d2152fa9795b8e78528239a2c8
U0,Shapley,rq4pl_6885d49a65f7468a688cb02159a3cd7b0b97e7bd82fdbd711c96b370284cd669,-0.0033084549780475268,76,-1,EXACT_ANALYTICAL,,,RQ4_U0_MEAN_CONTROL_v1.0,Shapley,ExactAnalyticalReference,True,,,,,COMPLETE,2a93d7b6a937ad9de8d0ac9298f66317fb5515d2152fa9795b8e78528239a2c8
U0,Shapley,rq4pl_6d050112c2bb5784fe247e301c0e63d0f5b9d3b1b8fd618851ca9e9c2b78b867,0.023301006524925092,1,1,EXACT_ANALYTICAL,,,RQ4_U0_MEAN_CONTROL_v1.0,Shapley,ExactAnalyticalReference,True,,,,,COMPLETE,2a93d7b6a937ad9de8d0ac9298f66317fb5515d2152fa9795b8e78528239a2c8
U0,Shapley,rq4pl_6e3dc67c674d01023007eb26f49f8c58bff8b7e8b7bea62d5909611192d8e970,0.0035283399945733951,64,1,EXACT_ANALYTICAL,,,RQ4_U0_MEAN_CONTROL_v1.0,Shapley,ExactAnalyticalReference,True,,,,,COMPLETE,2a93d7b6a937ad9de8d0ac9298f66317fb5515d2152fa9795b8e78528239a2c8
U0,Shapley,rq4pl_704732b7282cac1f404ca502930d30fda9625a2af72f54afdac7dae6d25c7c54,0.021187350075853914,5,1,EXACT_ANALYTICAL,,,RQ4_U0_MEAN_CONTROL_v1.0,Shapley,ExactAnalyticalReference,True,,,,,COMPLETE,2a93d7b6a937ad9de8d0ac9298f66317fb5515d2152fa9795b8e78528239a2c8
U0,Shapley,rq4pl_72dbce4ede6a34ce4cea21bd1569cc93f5bc5ec1ebf84e08d809d24bd83d3fb9,0.010682837807777802,40,1,EXACT_ANALYTICAL,,,RQ4_U0_MEAN_CONTROL_v1.0,Shapley,ExactAnalyticalReference,True,,,,,COMPLETE,2a93d7b6a937ad9de8d0ac9298f66317fb5515d2152fa9795b8e78528239a2c8
U0,Shapley,rq4pl_737f80c3dfd06ade34ad2149c1577883c219fbfba517f469b0a93f44cece88a5,0.0092679743037750919,45,1,EXACT_ANALYTICAL,,,RQ4_U0_MEAN_CONTROL_v1.0,Shapley,ExactAnalyticalReference,True,,,,,COMPLETE,2a93d7b6a937ad9de8d0ac9298f66317fb5515d2152fa9795b8e78528239a2c8
U0,Shapley,rq4pl_74622e5219312fc5296f8223c2d0d0885f85bd2a8d8ba7ec66a80fa237016b97,-0.0048444683733700157,79,-1,EXACT_ANALYTICAL,,,RQ4_U0_MEAN_CONTROL_v1.0,Shapley,ExactAnalyticalReference,True,,,,,COMPLETE,2a93d7b6a937ad9de8d0ac9298f66317fb5515d2152fa9795b8e78528239a2c8
U0,Shapley,rq4pl_751c80984b9439db6d959a253ef28d8ac8887109b64117f9e8ea128454eb21a9,0.012030774620644408,33,1,EXACT_ANALYTICAL,,,RQ4_U0_MEAN_CONTROL_v1.0,Shapley,ExactAnalyticalReference,True,,,,,COMPLETE,2a93d7b6a937ad9de8d0ac9298f66317fb5515d2152fa9795b8e78528239a2c8
U0,Shapley,rq4pl_75cc85bb6c5b8925d272e917cc4dff9931194d33bba9d181181b84422284945c,0.016879733283263681,17,1,EXACT_ANALYTICAL,,,RQ4_U0_MEAN_CONTROL_v1.0,Shapley,ExactAnalyticalReference,True,,,,,COMPLETE,2a93d7b6a937ad9de8d0ac9298f66317fb5515d2152fa9795b8e78528239a2c8
U0,Shapley,rq4pl_7f11a95cb3c782a07423244f0559dc07990186de3f2c3433ca7c031a299e1ed6,0.0047221659360184099,59,1,EXACT_ANALYTICAL,,,RQ4_U0_MEAN_CONTROL_v1.0,Shapley,ExactAnalyticalReference,True,,,,,COMPLETE,2a93d7b6a937ad9de8d0ac9298f66317fb5515d2152fa9795b8e78528239a2c8
U0,Shapley,rq4pl_81944e8b070b792bee63c694afa6df24ae334bcec84fb750323b7010e5b89f0c,-0.014521048344110299,83,-1,EXACT_ANALYTICAL,,,RQ4_U0_MEAN_CONTROL_v1.0,Shapley,ExactAnalyticalReference,True,,,,,COMPLETE,2a93d7b6a937ad9de8d0ac9298f66317fb5515d2152fa9795b8e78528239a2c8
U0,Shapley,rq4pl_8418af3a52c899314f8cee1f68ef67042c14e244ec96f1651d6cf90adaf976e9,0.019335551419562981,11,1,EXACT_ANALYTICAL,,,RQ4_U0_MEAN_CONTROL_v1.0,Shapley,ExactAnalyticalReference,True,,,,,COMPLETE,2a93d7b6a937ad9de8d0ac9298f66317fb5515d2152fa9795b8e78528239a2c8
U0,Shapley,rq4pl_873015599e1a61eaf581849d8f379b6279fe67f30b567aa06cb5672f7d93bb5b,0.0017994604900328107,69,1,EXACT_ANALYTICAL,,,RQ4_U0_MEAN_CONTROL_v1.0,Shapley,ExactAnalyticalReference,True,,,,,COMPLETE,2a93d7b6a937ad9de8d0ac9298f66317fb5515d2152fa9795b8e78528239a2c8
U0,Shapley,rq4pl_8856b5958742c42b6b8b3285816039d964d4aa58cfbb750974ed3865743975d2,0.012328300520611747,31,1,EXACT_ANALYTICAL,,,RQ4_U0_MEAN_CONTROL_v1.0,Shapley,ExactAnalyticalReference,True,,,,,COMPLETE,2a93d7b6a937ad9de8d0ac9298f66317fb5515d2152fa9795b8e78528239a2c8
U0,Shapley,rq4pl_8bfd3ead1ec4a765b15f2943774d78b22d2b5775e679545109e954a7ee722859,-0.0029118809174438704,74,-1,EXACT_ANALYTICAL,,,RQ4_U0_MEAN_CONTROL_v1.0,Shapley,ExactAnalyticalReference,True,,,,,COMPLETE,2a93d7b6a937ad9de8d0ac9298f66317fb5515d2152fa9795b8e78528239a2c8
U0,Shapley,rq4pl_8f9e3c929255cb478c6971057add1a066e4d207215ff914c925dbac0a0764b2e,0.0072066226022971689,53,1,EXACT_ANALYTICAL,,,RQ4_U0_MEAN_CONTROL_v1.0,Shapley,ExactAnalyticalReference,True,,,,,COMPLETE,2a93d7b6a937ad9de8d0ac9298f66317fb5515d2152fa9795b8e78528239a2c8
U0,Shapley,rq4pl_91b95ed1e9b13d6acbb09a43677fd72ded41f866d90394cda2a5ddb957e36d36,-0.0032213977911230759,75,-1,EXACT_ANALYTICAL,,,RQ4_U0_MEAN_CONTROL_v1.0,Shapley,ExactAnalyticalReference,True,,,,,COMPLETE,2a93d7b6a937ad9de8d0ac9298f66317fb5515d2152fa9795b8e78528239a2c8
U0,Shapley,rq4pl_9716a8135adaa7ff5e78cd7aecee78cc286787b70d5f21f713826ded4b790aaa,0.0033912744375555223,65,1,EXACT_ANALYTICAL,,,RQ4_U0_MEAN_CONTROL_v1.0,Shapley,ExactAnalyticalReference,True,,,,,COMPLETE,2a93d7b6a937ad9de8d0ac9298f66317fb5515d2152fa9795b8e78528239a2c8
U0,Shapley,rq4pl_9768f8f32c61c8a69c5c8756077724eeeef5d2cf4841e2d12e6d8181c2910438,0.01591108428749435,19,1,EXACT_ANALYTICAL,,,RQ4_U0_MEAN_CONTROL_v1.0,Shapley,ExactAnalyticalReference,True,,,,,COMPLETE,2a93d7b6a937ad9de8d0ac9298f66317fb5515d2152fa9795b8e78528239a2c8
U0,Shapley,rq4pl_99654ddaf213d54232ef4d4124775aa57c181595de1c34c3e29845e83aa37d49,0.017965734970535236,12,1,EXACT_ANALYTICAL,,,RQ4_U0_MEAN_CONTROL_v1.0,Shapley,ExactAnalyticalReference,True,,,,,COMPLETE,2a93d7b6a937ad9de8d0ac9298f66317fb5515d2152fa9795b8e78528239a2c8
U0,Shapley,rq4pl_9d8d55b7ecd42bdf2bc5a4fa61d1e462b8d284af7c42aba26406dd2ddf39d05c,-0.0010043837220736459,73,-1,EXACT_ANALYTICAL,,,RQ4_U0_MEAN_CONTROL_v1.0,Shapley,ExactAnalyticalReference,True,,,,,COMPLETE,2a93d7b6a937ad9de8d0ac9298f66317fb5515d2152fa9795b8e78528239a2c8
U0,Shapley,rq4pl_a1074f330e6553f0cefe25f45b2c70ebcbbea3786546914da7ddefc7e5e39d49,0.0069520837291155695,54,1,EXACT_ANALYTICAL,,,RQ4_U0_MEAN_CONTROL_v1.0,Shapley,ExactAnalyticalReference,True,,,,,COMPLETE,2a93d7b6a937ad9de8d0ac9298f66317fb5515d2152fa9795b8e78528239a2c8
U0,Shapley,rq4pl_a9793baa644855553e8015d6a1b3d02070efe245762ffae94df09bd769cdcba2,0.020770613309150022,6,1,EXACT_ANALYTICAL,,,RQ4_U0_MEAN_CONTROL_v1.0,Shapley,ExactAnalyticalReference,True,,,,,COMPLETE,2a93d7b6a937ad9de8d0ac9298f66317fb5515d2152fa9795b8e78528239a2c8
U0,Shapley,rq4pl_a9a9f8752e77fd422a9e11996f9c6ef7383c98dbd9fbbdefdd9ee2826a145f87,-0.0053508541157411592,80,-1,EXACT_ANALYTICAL,,,RQ4_U0_MEAN_CONTROL_v1.0,Shapley,ExactAnalyticalReference,True,,,,,COMPLETE,2a93d7b6a937ad9de8d0ac9298f66317fb5515d2152fa9795b8e78528239a2c8
U0,Shapley,rq4pl_aafeaa0e17d1a236ab3d2a50b7c6ae0b1fad2ca480ec38ae3abc02cf28f07e57,0.011208720754982337,37,1,EXACT_ANALYTICAL,,,RQ4_U0_MEAN_CONTROL_v1.0,Shapley,ExactAnalyticalReference,True,,,,,COMPLETE,2a93d7b6a937ad9de8d0ac9298f66317fb5515d2152fa9795b8e78528239a2c8
U0,Shapley,rq4pl_abccb2a01a9363ea2b127868d79a3d4d232a900f8b9c11f011fb7d0f3e58f6f5,0.016439026204537015,18,1,EXACT_ANALYTICAL,,,RQ4_U0_MEAN_CONTROL_v1.0,Shapley,ExactAnalyticalReference,True,,,,,COMPLETE,2a93d7b6a937ad9de8d0ac9298f66317fb5515d2152fa9795b8e78528239a2c8
U0,Shapley,rq4pl_b453f91fa98c6b4bc6d049117656e8fe296ede0f009a6abfb6bf826a10c7b69f,0.0085769561418654119,46,1,EXACT_ANALYTICAL,,,RQ4_U0_MEAN_CONTROL_v1.0,Shapley,ExactAnalyticalReference,True,,,,,COMPLETE,2a93d7b6a937ad9de8d0ac9298f66317fb5515d2152fa9795b8e78528239a2c8
U0,Shapley,rq4pl_b594945677d01537de1189aa78917fab2bd6dabba146cd05a66184ddbd4b6d69,0.0023252013508316331,67,1,EXACT_ANALYTICAL,,,RQ4_U0_MEAN_CONTROL_v1.0,Shapley,ExactAnalyticalReference,True,,,,,COMPLETE,2a93d7b6a937ad9de8d0ac9298f66317fb5515d2152fa9795b8e78528239a2c8
U0,Shapley,rq4pl_b65281ddda280d90e9154f2cd65dc9f053001b6c6ee2440b3874b357418202a7,0.017728243505780672,15,1,EXACT_ANALYTICAL,,,RQ4_U0_MEAN_CONTROL_v1.0,Shapley,ExactAnalyticalReference,True,,,,,COMPLETE,2a93d7b6a937ad9de8d0ac9298f66317fb5515d2152fa9795b8e78528239a2c8
U0,Shapley,rq4pl_bcfb0a9fdadc4fe473ea2d864a7d932ae5a2336b39487c0be1a3b3d5694bbe35,0.010867888627975565,39,1,EXACT_ANALYTICAL,,,RQ4_U0_MEAN_CONTROL_v1.0,Shapley,ExactAnalyticalReference,True,,,,,COMPLETE,2a93d7b6a937ad9de8d0ac9298f66317fb5515d2152fa9795b8e78528239a2c8
U0,Shapley,rq4pl_bf99a403b1c9dfee592b4f101a1cc64d37e474df5c0ef6e34633edb95dace400,0.0073992041617261858,52,1,EXACT_ANALYTICAL,,,RQ4_U0_MEAN_CONTROL_v1.0,Shapley,ExactAnalyticalReference,True,,,,,COMPLETE,2a93d7b6a937ad9de8d0ac9298f66317fb5515d2152fa9795b8e78528239a2c8
U0,Shapley,rq4pl_c1d8a9bfead19c50780def1c687d02f094e1ba4b78f034cf5f3af37ad6c6aa83,0.021229528853924307,3,1,EXACT_ANALYTICAL,,,RQ4_U0_MEAN_CONTROL_v1.0,Shapley,ExactAnalyticalReference,True,,,,,COMPLETE,2a93d7b6a937ad9de8d0ac9298f66317fb5515d2152fa9795b8e78528239a2c8
U0,Shapley,rq4pl_c44c57063c4095d7c5cba9f266f89308c3187577332638e14a2ac9352a3bcedc,0.01775176665691363,14,1,EXACT_ANALYTICAL,,,RQ4_U0_MEAN_CONTROL_v1.0,Shapley,ExactAnalyticalReference,True,,,,,COMPLETE,2a93d7b6a937ad9de8d0ac9298f66317fb5515d2152fa9795b8e78528239a2c8
U0,Shapley,rq4pl_c50df2d0f34dccd5c6fd4c04df2554296de0951cfae153caf66c3d1b28edf2a5,0.0084863594776985619,47,1,EXACT_ANALYTICAL,,,RQ4_U0_MEAN_CONTROL_v1.0,Shapley,ExactAnalyticalReference,True,,,,,COMPLETE,2a93d7b6a937ad9de8d0ac9298f66317fb5515d2152fa9795b8e78528239a2c8
U0,Shapley,rq4pl_cd34281667eacd7ba152507c2c178706fcec3377ca5e4e7a03e57d0afe4039cf,0.020113822635056181,7,1,EXACT_ANALYTICAL,,,RQ4_U0_MEAN_CONTROL_v1.0,Shapley,ExactAnalyticalReference,True,,,,,COMPLETE,2a93d7b6a937ad9de8d0ac9298f66317fb5515d2152fa9795b8e78528239a2c8
U0,Shapley,rq4pl_d187d2566ae800dc511414b0bf0029f8d2abefaf8094e2056437ec93373a1302,5.9403715602372303e-06,72,1,EXACT_ANALYTICAL,,,RQ4_U0_MEAN_CONTROL_v1.0,Shapley,ExactAnalyticalReference,True,,,,,COMPLETE,2a93d7b6a937ad9de8d0ac9298f66317fb5515d2152fa9795b8e78528239a2c8
U0,Shapley,rq4pl_d1f9fd6e3cdcde1fa8756288e24a1963811e664635bfe1c22e95c370eed88648,0.0066772105645410054,55,1,EXACT_ANALYTICAL,,,RQ4_U0_MEAN_CONTROL_v1.0,Shapley,ExactAnalyticalReference,True,,,,,COMPLETE,2a93d7b6a937ad9de8d0ac9298f66317fb5515d2152fa9795b8e78528239a2c8
U0,Shapley,rq4pl_d4000a9d56e3e14c3e7e40a365bd148cb599b417a3a3cf16b73585515a81e23b,0.019771776921085098,9,1,EXACT_ANALYTICAL,,,RQ4_U0_MEAN_CONTROL_v1.0,Shapley,ExactAnalyticalReference,True,,,,,COMPLETE,2a93d7b6a937ad9de8d0ac9298f66317fb5515d2152fa9795b8e78528239a2c8
U0,Shapley,rq4pl_d66b087b0e4957bdf0aafee5f81fa592b12fa633b7dc393d329e0222672b944b,0.0139724681099384,25,1,EXACT_ANALYTICAL,,,RQ4_U0_MEAN_CONTROL_v1.0,Shapley,ExactAnalyticalReference,True,,,,,COMPLETE,2a93d7b6a937ad9de8d0ac9298f66317fb5515d2152fa9795b8e78528239a2c8
U0,Shapley,rq4pl_dbb38a3a562ab8c02a421b313352132a8954e8fe1fde0b346b91b568714e22b5,0.0046421098357520667,60,1,EXACT_ANALYTICAL,,,RQ4_U0_MEAN_CONTROL_v1.0,Shapley,ExactAnalyticalReference,True,,,,,COMPLETE,2a93d7b6a937ad9de8d0ac9298f66317fb5515d2152fa9795b8e78528239a2c8
U0,Shapley,rq4pl_dd9c02a4f48d8522951eca749bbc246b9ba10de171f1f6810bf6cdbd5db9ba96,0.019940480128656766,8,1,EXACT_ANALYTICAL,,,RQ4_U0_MEAN_CONTROL_v1.0,Shapley,ExactAnalyticalReference,True,,,,,COMPLETE,2a93d7b6a937ad9de8d0ac9298f66317fb5515d2152fa9795b8e78528239a2c8
U0,Shapley,rq4pl_ddded89f25c263e646c6de652144e12a3a857b99f36ea28a4e48059f0d3feedd,-0.01314043578069256,82,-1,EXACT_ANALYTICAL,,,RQ4_U0_MEAN_CONTROL_v1.0,Shapley,ExactAnalyticalReference,True,,,,,COMPLETE,2a93d7b6a937ad9de8d0ac9298f66317fb5515d2152fa9795b8e78528239a2c8
U0,Shapley,rq4pl_e05ca12594d92d5ffa238e73d9c4d2d58648d44595cc4b742e4987827e6005ec,-0.016705493719227488,85,-1,EXACT_ANALYTICAL,,,RQ4_U0_MEAN_CONTROL_v1.0,Shapley,ExactAnalyticalReference,True,,,,,COMPLETE,2a93d7b6a937ad9de8d0ac9298f66317fb5515d2152fa9795b8e78528239a2c8
U0,Shapley,rq4pl_e4bd54fcbb4fa282dda7e8b52bd3f36cabb08cbbb872585c2cfde9ab6fb52bc3,0.015255073290242881,21,1,EXACT_ANALYTICAL,,,RQ4_U0_MEAN_CONTROL_v1.0,Shapley,ExactAnalyticalReference,True,,,,,COMPLETE,2a93d7b6a937ad9de8d0ac9298f66317fb5515d2152fa9795b8e78528239a2c8
U0,Shapley,rq4pl_ec4768bbd656fe4efb8d2ea314eb11fe6a2ab4f58c0075100553b6cdaa76dc40,0.012149380100018519,32,1,EXACT_ANALYTICAL,,,RQ4_U0_MEAN_CONTROL_v1.0,Shapley,ExactAnalyticalReference,True,,,,,COMPLETE,2a93d7b6a937ad9de8d0ac9298f66317fb5515d2152fa9795b8e78528239a2c8
U0,Shapley,rq4pl_f06a3f01fb3c07b5ede9269d49c7052b89b2a70e6ebeb1c9a9490a8445c53c66,0.0083462253337352119,48,1,EXACT_ANALYTICAL,,,RQ4_U0_MEAN_CONTROL_v1.0,Shapley,ExactAnalyticalReference,True,,,,,COMPLETE,2a93d7b6a937ad9de8d0ac9298f66317fb5515d2152fa9795b8e78528239a2c8
U0,Shapley,rq4pl_f283062986cf5795c7e0e29998d378d3595c96b782e6a134e7bc7955513b7bda,0.005799556367945536,58,1,EXACT_ANALYTICAL,,,RQ4_U0_MEAN_CONTROL_v1.0,Shapley,ExactAnalyticalReference,True,,,,,COMPLETE,2a93d7b6a937ad9de8d0ac9298f66317fb5515d2152fa9795b8e78528239a2c8
U0,Shapley,rq4pl_f5199056462868814f42843c579cdd76cde8a2c78ce0473ab4111070b99d79ae,0.014771022619826775,22,1,EXACT_ANALYTICAL,,,RQ4_U0_MEAN_CONTROL_v1.0,Shapley,ExactAnalyticalReference,True,,,,,COMPLETE,2a93d7b6a937ad9de8d0ac9298f66317fb5515d2152fa9795b8e78528239a2c8
U0,Shapley,rq4pl_f7a890ef24f1a183fda1bc7b51c391847589dc2ba49cbdc108238cd7c3f5de69,0.019625292141446912,10,1,EXACT_ANALYTICAL,,,RQ4_U0_MEAN_CONTROL_v1.0,Shapley,ExactAnalyticalReference,True,,,,,COMPLETE,2a93d7b6a937ad9de8d0ac9298f66317fb5515d2152fa9795b8e78528239a2c8
U0,Shapley,rq4pl_f96533b8d21a3e2fdc49eee8d6249c15c50d1169ec3cbf289a9b206512db5095,0.010953645365346166,38,1,EXACT_ANALYTICAL,,,RQ4_U0_MEAN_CONTROL_v1.0,Shapley,ExactAnalyticalReference,True,,,,,COMPLETE,2a93d7b6a937ad9de8d0ac9298f66317fb5515d2152fa9795b8e78528239a2c8
U0,Shapley,rq4pl_fb1bfc39fd90c2e580b66654de71236ee19ebcbd49a84453055e3de655354d7a,0.0020312989647877111,68,1,EXACT_ANALYTICAL,,,RQ4_U0_MEAN_CONTROL_v1.0,Shapley,ExactAnalyticalReference,True,,,,,COMPLETE,2a93d7b6a937ad9de8d0ac9298f66317fb5515d2152fa9795b8e78528239a2c8
U0,BetaShapley,rq4pl_0532a4cb6907f03e27619a0515bb2e6743c95c10734472fdf9b78259d4b7de0d,0.022376598810856053,62,1,EXACT_ANALYTICAL,,,RQ4_U0_MEAN_CONTROL_v1.0,BetaShapley,ExactAnalyticalReference,True,,,,,COMPLETE,2a93d7b6a937ad9de8d0ac9298f66317fb5515d2152fa9795b8e78528239a2c8
U0,BetaShapley,rq4pl_09be7cd9da11fbfb20ba616d65fb61ae0935d8c47abad11a95638192b4ab78a0,0.038163490639075072,42,1,EXACT_ANALYTICAL,,,RQ4_U0_MEAN_CONTROL_v1.0,BetaShapley,ExactAnalyticalReference,True,,,,,COMPLETE,2a93d7b6a937ad9de8d0ac9298f66317fb5515d2152fa9795b8e78528239a2c8
U0,BetaShapley,rq4pl_1a5ade7ebe21d184c51a0987dde4ae0f770fe7723ce0cbcc92a96f9caa08b59c,0.068045627780796231,2,1,EXACT_ANALYTICAL,,,RQ4_U0_MEAN_CONTROL_v1.0,BetaShapley,ExactAnalyticalReference,True,,,,,COMPLETE,2a93d7b6a937ad9de8d0ac9298f66317fb5515d2152fa9795b8e78528239a2c8
U0,BetaShapley,rq4pl_1c77b9285da3e18e2c9d13b01da8a49b4cbd86cce0d8c763e1f8a0ca9cef0d5e,0.038278874860984163,41,1,EXACT_ANALYTICAL,,,RQ4_U0_MEAN_CONTROL_v1.0,BetaShapley,ExactAnalyticalReference,True,,,,,COMPLETE,2a93d7b6a937ad9de8d0ac9298f66317fb5515d2152fa9795b8e78528239a2c8
U0,BetaShapley,rq4pl_1d855e88db60ee7025904aa8a525479548a77e0d19058f0c53427d2ec1bb6f3c,-0.0013317340438575992,78,-1,EXACT_ANALYTICAL,,,RQ4_U0_MEAN_CONTROL_v1.0,BetaShapley,ExactAnalyticalReference,True,,,,,COMPLETE,2a93d7b6a937ad9de8d0ac9298f66317fb5515d2152fa9795b8e78528239a2c8
U0,BetaShapley,rq4pl_1f2b5330032d1122ed72a49f4c7e06d2316e19613ae92835c3fe7ce66f84ab95,0.040353236569397835,35,1,EXACT_ANALYTICAL,,,RQ4_U0_MEAN_CONTROL_v1.0,BetaShapley,ExactAnalyticalReference,True,,,,,COMPLETE,2a93d7b6a937ad9de8d0ac9298f66317fb5515d2152fa9795b8e78528239a2c8
U0,BetaShapley,rq4pl_1f86fa31dfb5e650fec3539a3b633361c0ebda9e1dc7bd7e87c23b6f17736f50,0.04352238989517089,30,1,EXACT_ANALYTICAL,,,RQ4_U0_MEAN_CONTROL_v1.0,BetaShapley,ExactAnalyticalReference,True,,,,,COMPLETE,2a93d7b6a937ad9de8d0ac9298f66317fb5515d2152fa9795b8e78528239a2c8
U0,BetaShapley,rq4pl_22b714056fe11fe49d00762cbf5773eb347e2123ce6d7c7d1d4ca39a52741230,0.027344163726992748,56,1,EXACT_ANALYTICAL,,,RQ4_U0_MEAN_CONTROL_v1.0,BetaShapley,ExactAnalyticalReference,True,,,,,COMPLETE,2a93d7b6a937ad9de8d0ac9298f66317fb5515d2152fa9795b8e78528239a2c8
U0,BetaShapley,rq4pl_23ffb5c653f6ba9ac74f29404ba77e8845182799e69694089a03d53c723437af,0.04853316728830958,23,1,EXACT_ANALYTICAL,,,RQ4_U0_MEAN_CONTROL_v1.0,BetaShapley,ExactAnalyticalReference,True,,,,,COMPLETE,2a93d7b6a937ad9de8d0ac9298f66317fb5515d2152fa9795b8e78528239a2c8
U0,BetaShapley,rq4pl_27dcd03e1448e916a58694d8ccf2c59e967462e922b5a9649173125124677da2,0.056251182904604048,16,1,EXACT_ANALYTICAL,,,RQ4_U0_MEAN_CONTROL_v1.0,BetaShapley,ExactAnalyticalReference,True,,,,,COMPLETE,2a93d7b6a937ad9de8d0ac9298f66317fb5515d2152fa9795b8e78528239a2c8
U0,BetaShapley,rq4pl_28057b23871b792d5ccae17cf7598818485d47433583896088c62b56a9e852b7,0.021684307850341988,63,1,EXACT_ANALYTICAL,,,RQ4_U0_MEAN_CONTROL_v1.0,BetaShapley,ExactAnalyticalReference,True,,,,,COMPLETE,2a93d7b6a937ad9de8d0ac9298f66317fb5515d2152fa9795b8e78528239a2c8
U0,BetaShapley,rq4pl_288ab04cc797e99e073777b2a2124b8734f384c4794cf8e4f20a68d6326a2997,0.026174301056402196,57,1,EXACT_ANALYTICAL,,,RQ4_U0_MEAN_CONTROL_v1.0,BetaShapley,ExactAnalyticalReference,True,,,,,COMPLETE,2a93d7b6a937ad9de8d0ac9298f66317fb5515d2152fa9795b8e78528239a2c8
U0,BetaShapley,rq4pl_2a3723e60ab1bcdd4b2d572f38d5508552f6451ef1c1856cddf4cd922cba0cfe,0.045772058256448499,26,1,EXACT_ANALYTICAL,,,RQ4_U0_MEAN_CONTROL_v1.0,BetaShapley,ExactAnalyticalReference,True,,,,,COMPLETE,2a93d7b6a937ad9de8d0ac9298f66317fb5515d2152fa9795b8e78528239a2c8
U0,BetaShapley,rq4pl_2cb5c1217ab2b40aff5a474651095e3574ed7d53da1422b5ca6bc3a002543c50,0.022621358228055024,61,1,EXACT_ANALYTICAL,,,RQ4_U0_MEAN_CONTROL_v1.0,BetaShapley,ExactAnalyticalReference,True,,,,,COMPLETE,2a93d7b6a937ad9de8d0ac9298f66317fb5515d2152fa9795b8e78528239a2c8
U0,BetaShapley,rq4pl_2d8a206efdf69f46f6c09e1ca360dd0d276a4994d838e7c8089a6d654b88ffcb,0.019581157019284007,66,1,EXACT_ANALYTICAL,,,RQ4_U0_MEAN_CONTROL_v1.0,BetaShapley,ExactAnalyticalReference,True,,,,,COMPLETE,2a93d7b6a937ad9de8d0ac9298f66317fb5515d2152fa9795b8e78528239a2c8
U0,BetaShapley,rq4pl_2e80f039f040a45eb52235ab80a0277dbfffc4ed7ccbe651ee5041205d6d9761,0.047613617389080182,24,1,EXACT_ANALYTICAL,,,RQ4_U0_MEAN_CONTROL_v1.0,BetaShapley,ExactAnalyticalReference,True,,,,,COMPLETE,2a93d7b6a937ad9de8d0ac9298f66317fb5515d2152fa9795b8e78528239a2c8
U0,BetaShapley,rq4pl_3dd18371f820e26ab096783ac0736dc77d4623cbe21c9f5f82fee13254f040ca,0.036494870097558745,43,1,EXACT_ANALYTICAL,,,RQ4_U0_MEAN_CONTROL_v1.0,BetaShapley,ExactAnalyticalReference,True,,,,,COMPLETE,2a93d7b6a937ad9de8d0ac9298f66317fb5515d2152fa9795b8e78528239a2c8
U0,BetaShapley,rq4pl_3f9e12a328d8b46d330804866e951e97191cfa133ea3142d9ea9e5f8caf78255,0.014812285229126582,70,1,EXACT_ANALYTICAL,,,RQ4_U0_MEAN_CONTROL_v1.0,BetaShapley,ExactAnalyticalReference,True,,,,,COMPLETE,2a93d7b6a937ad9de8d0ac9298f66317fb5515d2152fa9795b8e78528239a2c8
U0,BetaShapley,rq4pl_4526181cef1978791c1b852517c9f484a85dc65e3d1a0ebcee60be0c6fcb4daa,0.031526382090240342,50,1,EXACT_ANALYTICAL,,,RQ4_U0_MEAN_CONTROL_v1.0,BetaShapley,ExactAnalyticalReference,True,,,,,COMPLETE,2a93d7b6a937ad9de8d0ac9298f66317fb5515d2152fa9795b8e78528239a2c8
U0,BetaShapley,rq4pl_49a0fe00384016bb5def3279c2c707dca67b361547be80fc15389ac9c17f494d,-0.016444181218455593,81,-1,EXACT_ANALYTICAL,,,RQ4_U0_MEAN_CONTROL_v1.0,BetaShapley,ExactAnalyticalReference,True,,,,,COMPLETE,2a93d7b6a937ad9de8d0ac9298f66317fb5515d2152fa9795b8e78528239a2c8
U0,BetaShapley,rq4pl_4e692c97ba95b2144be502eed69d3407185830e46bbcd157da519620b01d828a,3.5694630282794489e-06,77,1,EXACT_ANALYTICAL,,,RQ4_U0_MEAN_CONTROL_v1.0,BetaShapley,ExactAnalyticalReference,True,,,,,COMPLETE,2a93d7b6a937ad9de8d0ac9298f66317fb5515d2152fa9795b8e78528239a2c8
U0,BetaShapley,rq4pl_5037fd384d5294abdbe4ffce392704458d08fb0bae3ab918a40d9910c7afaf76,0.039818415534975636,36,1,EXACT_ANALYTICAL,,,RQ4_U0_MEAN_CONTROL_v1.0,BetaShapley,ExactAnalyticalReference,True,,,,,COMPLETE,2a93d7b6a937ad9de8d0ac9298f66317fb5515d2152fa9795b8e78528239a2c8
U0,BetaShapley,rq4pl_50b52f48539311562de5f2c4511a487f16b741151bdafdf9aea7e9ce3acd2edf,0.04520213324017034,27,1,EXACT_ANALYTICAL,,,RQ4_U0_MEAN_CONTROL_v1.0,BetaShapley,ExactAnalyticalReference,True,,,,,COMPLETE,2a93d7b6a937ad9de8d0ac9298f66317fb5515d2152fa9795b8e78528239a2c8
U0,BetaShapley,rq4pl_5184388a6f4710019ba3de190fa81206bc33d73d5cf9bdb1fb5ff0ab7aa78ce3,0.065456565733223962,4,1,EXACT_ANALYTICAL,,,RQ4_U0_MEAN_CONTROL_v1.0,BetaShapley,ExactAnalyticalReference,True,,,,,COMPLETE,2a93d7b6a937ad9de8d0ac9298f66317fb5515d2152fa9795b8e78528239a2c8
U0,BetaShapley,rq4pl_528faab818aea81377a588b69617c8879424b2b7442ec09bcb9ed017ec4d6d3f,0.03546695812628152,44,1,EXACT_ANALYTICAL,,,RQ4_U0_MEAN_CONTROL_v1.0,BetaShapley,ExactAnalyticalReference,True,,,,,COMPLETE,2a93d7b6a937ad9de8d0ac9298f66317fb5515d2152fa9795b8e78528239a2c8
U0,BetaShapley,rq4pl_531b9c0c619e4db6be919435fa31a4d082f65428f9aad61ca94aa5ea33f9e56d,0.014053086363079385,71,1,EXACT_ANALYTICAL,,,RQ4_U0_MEAN_CONTROL_v1.0,BetaShapley,ExactAnalyticalReference,True,,,,,COMPLETE,2a93d7b6a937ad9de8d0ac9298f66317fb5515d2152fa9795b8e78528239a2c8
U0,BetaShapley,rq4pl_53e992688a427d676f535b232d898de29ce10d56c38aa1dee766e4ae5bddcaa9,0.056784718780690545,13,1,EXACT_ANALYTICAL,,,RQ4_U0_MEAN_CONTROL_v1.0,BetaShapley,ExactAnalyticalReference,True,,,,,COMPLETE,2a93d7b6a937ad9de8d0ac9298f66317fb5515d2152fa9795b8e78528239a2c8
U0,BetaShapley,rq4pl_57ceee7a7bef5403fac868dcc505d822058df3cc9480a2a7d1878aed23af10b0,0.031702969911188657,49,1,EXACT_ANALYTICAL,,,RQ4_U0_MEAN_CONTROL_v1.0,BetaShapley,ExactAnalyticalReference,True,,,,,COMPLETE,2a93d7b6a937ad9de8d0ac9298f66317fb5515d2152fa9795b8e78528239a2c8
U0,BetaShapley,rq4pl_5a2258b978ff34e7af144229f99d6c44cb7181831e348fc5629dcc0d2355dedf,0.044257091107099238,28,1,EXACT_ANALYTICAL,,,RQ4_U0_MEAN_CONTROL_v1.0,BetaShapley,ExactAnalyticalReference,True,,,,,COMPLETE,2a93d7b6a937ad9de8d0ac9298f66317fb5515d2152fa9795b8e78528239a2c8
U0,BetaShapley,rq4pl_5ce73c4684c24f08ee44c4a4b831aa3856cf226ede09c76a2fa3b1f295805d90,0.050536578241765273,20,1,EXACT_ANALYTICAL,,,RQ4_U0_MEAN_CONTROL_v1.0,BetaShapley,ExactAnalyticalReference,True,,,,,COMPLETE,2a93d7b6a937ad9de8d0ac9298f66317fb5515d2152fa9795b8e78528239a2c8
U0,BetaShapley,rq4pl_5e6791ad491883687a106c94a0b9e41c52aabc86cfcfa05a9493431e840b60d0,0.040745523664955298,34,1,EXACT_ANALYTICAL,,,RQ4_U0_MEAN_CONTROL_v1.0,BetaShapley,ExactAnalyticalReference,True,,,,,COMPLETE,2a93d7b6a937ad9de8d0ac9298f66317fb5515d2152fa9795b8e78528239a2c8
U0,BetaShapley,rq4pl_5ed0bb4c8d3c870a714d77e2173f6576e6fdb37d1b4aeb30a571a4f3358d0209,-0.028953141005170959,84,-1,EXACT_ANALYTICAL,,,RQ4_U0_MEAN_CONTROL_v1.0,BetaShapley,ExactAnalyticalReference,True,,,,,COMPLETE,2a93d7b6a937ad9de8d0ac9298f66317fb5515d2152fa9795b8e78528239a2c8
U0,BetaShapley,rq4pl_6214d02fd058209dcc56d1ae78ebd1fbb4e4cece516947fc2f4e8a164ee7ca01,0.031199799367022985,51,1,EXACT_ANALYTICAL,,,RQ4_U0_MEAN_CONTROL_v1.0,BetaShapley,ExactAnalyticalReference,True,,,,,COMPLETE,2a93d7b6a937ad9de8d0ac9298f66317fb5515d2152fa9795b8e78528239a2c8
U0,BetaShapley,rq4pl_66bed34f45b4b3060987b79b022e3235a654f463837eee2d7269ac7e4626729b,0.043820786369246356,29,1,EXACT_ANALYTICAL,,,RQ4_U0_MEAN_CONTROL_v1.0,BetaShapley,ExactAnalyticalReference,True,,,,,COMPLETE,2a93d7b6a937ad9de8d0ac9298f66317fb5515d2152fa9795b8e78528239a2c8
U0,BetaShapley,rq4pl_6885d49a65f7468a688cb02159a3cd7b0b97e7bd82fdbd711c96b370284cd669,0.0025355919434295708,76,1,EXACT_ANALYTICAL,,,RQ4_U0_MEAN_CONTROL_v1.0,BetaShapley,ExactAnalyticalReference,True,,,,,COMPLETE,2a93d7b6a937ad9de8d0ac9298f66317fb5515d2152fa9795b8e78528239a2c8
U0,BetaShapley,rq4pl_6d050112c2bb5784fe247e301c0e63d0f5b9d3b1b8fd618851ca9e9c2b78b867,0.070795576435377636,1,1,EXACT_ANALYTICAL,,,RQ4_U0_MEAN_CONTROL_v1.0,BetaShapley,ExactAnalyticalReference,True,,,,,COMPLETE,2a93d7b6a937ad9de8d0ac9298f66317fb5515d2152fa9795b8e78528239a2c8
U0,BetaShapley,rq4pl_6e3dc67c674d01023007eb26f49f8c58bff8b7e8b7bea62d5909611192d8e970,0.020073696529033399,64,1,EXACT_ANALYTICAL,,,RQ4_U0_MEAN_CONTROL_v1.0,BetaShapley,ExactAnalyticalReference,True,,,,,COMPLETE,2a93d7b6a937ad9de8d0ac9298f66317fb5515d2152fa9795b8e78528239a2c8
U0,BetaShapley,rq4pl_704732b7282cac1f404ca502930d30fda9625a2af72f54afdac7dae6d25c7c54,0.065373514195644342,5,1,EXACT_ANALYTICAL,,,RQ4_U0_MEAN_CONTROL_v1.0,BetaShapley,ExactAnalyticalReference,True,,,,,COMPLETE,2a93d7b6a937ad9de8d0ac9298f66317fb5515d2152fa9795b8e78528239a2c8
U0,BetaShapley,rq4pl_72dbce4ede6a34ce4cea21bd1569cc93f5bc5ec1ebf84e08d809d24bd83d3fb9,0.038426789083065446,40,1,EXACT_ANALYTICAL,,,RQ4_U0_MEAN_CONTROL_v1.0,BetaShapley,ExactAnalyticalReference,True,,,,,COMPLETE,2a93d7b6a937ad9de8d0ac9298f66317fb5515d2152fa9795b8e78528239a2c8
U0,BetaShapley,rq4pl_737f80c3dfd06ade34ad2149c1577883c219fbfba517f469b0a93f44cece88a5,0.034797307109871091,45,1,EXACT_ANALYTICAL,,,RQ4_U0_MEAN_CONTROL_v1.0,BetaShapley,ExactAnalyticalReference,True,,,,,COMPLETE,2a93d7b6a937ad9de8d0ac9298f66317fb5515d2152fa9795b8e78528239a2c8
U0,BetaShapley,rq4pl_74622e5219312fc5296f8223c2d0d0885f85bd2a8d8ba7ec66a80fa237016b97,-0.0014046700769959352,79,-1,EXACT_ANALYTICAL,,,RQ4_U0_MEAN_CONTROL_v1.0,BetaShapley,ExactAnalyticalReference,True,,,,,COMPLETE,2a93d7b6a937ad9de8d0ac9298f66317fb5515d2152fa9795b8e78528239a2c8
U0,BetaShapley,rq4pl_751c80984b9439db6d959a253ef28d8ac8887109b64117f9e8ea128454eb21a9,0.041884587202434438,33,1,EXACT_ANALYTICAL,,,RQ4_U0_MEAN_CONTROL_v1.0,BetaShapley,ExactAnalyticalReference,True,,,,,COMPLETE,2a93d7b6a937ad9de8d0ac9298f66317fb5515d2152fa9795b8e78528239a2c8
U0,BetaShapley,rq4pl_75cc85bb6c5b8925d272e917cc4dff9931194d33bba9d181181b84422284945c,0.054323389959698543,17,1,EXACT_ANALYTICAL,,,RQ4_U0_MEAN_CONTROL_v1.0,BetaShapley,ExactAnalyticalReference,True,,,,,COMPLETE,2a93d7b6a937ad9de8d0ac9298f66317fb5515d2152fa9795b8e78528239a2c8
U0,BetaShapley,rq4pl_7f11a95cb3c782a07423244f0559dc07990186de3f2c3433ca7c031a299e1ed6,0.023136161368467238,59,1,EXACT_ANALYTICAL,,,RQ4_U0_MEAN_CONTROL_v1.0,BetaShapley,ExactAnalyticalReference,True,,,,,COMPLETE,2a93d7b6a937ad9de8d0ac9298f66317fb5515d2152fa9795b8e78528239a2c8
U0,BetaShapley,rq4pl_81944e8b070b792bee63c694afa6df24ae334bcec84fb750323b7010e5b89f0c,-0.02622753989208175,83,-1,EXACT_ANALYTICAL,,,RQ4_U0_MEAN_CONTROL_v1.0,BetaShapley,ExactAnalyticalReference,True,,,,,COMPLETE,2a93d7b6a937ad9de8d0ac9298f66317fb5515d2152fa9795b8e78528239a2c8
U0,BetaShapley,rq4pl_8418af3a52c899314f8cee1f68ef67042c14e244ec96f1651d6cf90adaf976e9,0.060623183282464889,11,1,EXACT_ANALYTICAL,,,RQ4_U0_MEAN_CONTROL_v1.0,BetaShapley,ExactAnalyticalReference,True,,,,,COMPLETE,2a93d7b6a937ad9de8d0ac9298f66317fb5515d2152fa9795b8e78528239a2c8
U0,BetaShapley,rq4pl_873015599e1a61eaf581849d8f379b6279fe67f30b567aa06cb5672f7d93bb5b,0.015638684262618177,69,1,EXACT_ANALYTICAL,,,RQ4_U0_MEAN_CONTROL_v1.0,BetaShapley,ExactAnalyticalReference,True,,,,,COMPLETE,2a93d7b6a937ad9de8d0ac9298f66317fb5515d2152fa9795b8e78528239a2c8
U0,BetaShapley,rq4pl_8856b5958742c42b6b8b3285816039d964d4aa58cfbb750974ed3865743975d2,0.042647816225894933,31,1,EXACT_ANALYTICAL,,,RQ4_U0_MEAN_CONTROL_v1.0,BetaShapley,ExactAnalyticalReference,True,,,,,COMPLETE,2a93d7b6a937ad9de8d0ac9298f66317fb5515d2152fa9795b8e78528239a2c8
U0,BetaShapley,rq4pl_8bfd3ead1ec4a765b15f2943774d78b22d2b5775e679545109e954a7ee722859,0.0035529044968493529,74,1,EXACT_ANALYTICAL,,,RQ4_U0_MEAN_CONTROL_v1.0,BetaShapley,ExactAnalyticalReference,True,,,,,COMPLETE,2a93d7b6a937ad9de8d0ac9298f66317fb5515d2152fa9795b8e78528239a2c8
U0,BetaShapley,rq4pl_8f9e3c929255cb478c6971057add1a066e4d207215ff914c925dbac0a0764b2e,0.029509419748467144,53,1,EXACT_ANALYTICAL,,,RQ4_U0_MEAN_CONTROL_v1.0,BetaShapley,ExactAnalyticalReference,True,,,,,COMPLETE,2a93d7b6a937ad9de8d0ac9298f66317fb5515d2152fa9795b8e78528239a2c8
U0,BetaShapley,rq4pl_91b95ed1e9b13d6acbb09a43677fd72ded41f866d90394cda2a5ddb957e36d36,0.0027589155995175292,75,1,EXACT_ANALYTICAL,,,RQ4_U0_MEAN_CONTROL_v1.0,BetaShapley,ExactAnalyticalReference,True,,,,,COMPLETE,2a93d7b6a937ad9de8d0ac9298f66317fb5515d2152fa9795b8e78528239a2c8
U0,BetaShapley,rq4pl_9716a8135adaa7ff5e78cd7aecee78cc286787b70d5f21f713826ded4b790aaa,0.019722088782466448,65,1,EXACT_ANALYTICAL,,,RQ4_U0_MEAN_CONTROL_v1.0,BetaShapley,ExactAnalyticalReference,True,,,,,COMPLETE,2a93d7b6a937ad9de8d0ac9298f66317fb5515d2152fa9795b8e78528239a2c8
U0,BetaShapley,rq4pl_9768f8f32c61c8a69c5c8756077724eeeef5d2cf4841e2d12e6d8181c2910438,0.051838560816426738,19,1,EXACT_ANALYTICAL,,,RQ4_U0_MEAN_CONTROL_v1.0,BetaShapley,ExactAnalyticalReference,True,,,,,COMPLETE,2a93d7b6a937ad9de8d0ac9298f66317fb5515d2152fa9795b8e78528239a2c8
U0,BetaShapley,rq4pl_99654ddaf213d54232ef4d4124775aa57c181595de1c34c3e29845e83aa37d49,0.057109258374326344,12,1,EXACT_ANALYTICAL,,,RQ4_U0_MEAN_CONTROL_v1.0,BetaShapley,ExactAnalyticalReference,True,,,,,COMPLETE,2a93d7b6a937ad9de8d0ac9298f66317fb5515d2152fa9795b8e78528239a2c8
U0,BetaShapley,rq4pl_9d8d55b7ecd42bdf2bc5a4fa61d1e462b8d284af7c42aba26406dd2ddf39d05c,0.00844611622005015,73,1,EXACT_ANALYTICAL,,,RQ4_U0_MEAN_CONTROL_v1.0,BetaShapley,ExactAnalyticalReference,True,,,,,COMPLETE,2a93d7b6a937ad9de8d0ac9298f66317fb5515d2152fa9795b8e78528239a2c8
U0,BetaShapley,rq4pl_a1074f330e6553f0cefe25f45b2c70ebcbbea3786546914da7ddefc7e5e39d49,0.028856463297844009,54,1,EXACT_ANALYTICAL,,,RQ4_U0_MEAN_CONTROL_v1.0,BetaShapley,ExactAnalyticalReference,True,,,,,COMPLETE,2a93d7b6a937ad9de8d0ac9298f66317fb5515d2152fa9795b8e78528239a2c8
U0,BetaShapley,rq4pl_a9793baa644855553e8015d6a1b3d02070efe245762ffae94df09bd769cdcba2,0.064304479212382665,6,1,EXACT_ANALYTICAL,,,RQ4_U0_MEAN_CONTROL_v1.0,BetaShapley,ExactAnalyticalReference,True,,,,,COMPLETE,2a93d7b6a937ad9de8d0ac9298f66317fb5515d2152fa9795b8e78528239a2c8
U0,BetaShapley,rq4pl_a9a9f8752e77fd422a9e11996f9c6ef7383c98dbd9fbbdefdd9ee2826a145f87,-0.0027036773085904711,80,-1,EXACT_ANALYTICAL,,,RQ4_U0_MEAN_CONTROL_v1.0,BetaShapley,ExactAnalyticalReference,True,,,,,COMPLETE,2a93d7b6a937ad9de8d0ac9298f66317fb5515d2152fa9795b8e78528239a2c8
U0,BetaShapley,rq4pl_aafeaa0e17d1a236ab3d2a50b7c6ae0b1fad2ca480ec38ae3abc02cf28f07e57,0.039775811565792178,37,1,EXACT_ANALYTICAL,,,RQ4_U0_MEAN_CONTROL_v1.0,BetaShapley,ExactAnalyticalReference,True,,,,,COMPLETE,2a93d7b6a937ad9de8d0ac9298f66317fb5515d2152fa9795b8e78528239a2c8
U0,BetaShapley,rq4pl_abccb2a01a9363ea2b127868d79a3d4d232a900f8b9c11f011fb7d0f3e58f6f5,0.05319286507643424,18,1,EXACT_ANALYTICAL,,,RQ4_U0_MEAN_CONTROL_v1.0,BetaShapley,ExactAnalyticalReference,True,,,,,COMPLETE,2a93d7b6a937ad9de8d0ac9298f66317fb5515d2152fa9795b8e78528239a2c8
U0,BetaShapley,rq4pl_b453f91fa98c6b4bc6d049117656e8fe296ede0f009a6abfb6bf826a10c7b69f,0.033024671124346171,46,1,EXACT_ANALYTICAL,,,RQ4_U0_MEAN_CONTROL_v1.0,BetaShapley,ExactAnalyticalReference,True,,,,,COMPLETE,2a93d7b6a937ad9de8d0ac9298f66317fb5515d2152fa9795b8e78528239a2c8
U0,BetaShapley,rq4pl_b594945677d01537de1189aa78917fab2bd6dabba146cd05a66184ddbd4b6d69,0.016987342257854272,67,1,EXACT_ANALYTICAL,,,RQ4_U0_MEAN_CONTROL_v1.0,BetaShapley,ExactAnalyticalReference,True,,,,,COMPLETE,2a93d7b6a937ad9de8d0ac9298f66317fb5515d2152fa9795b8e78528239a2c8
U0,BetaShapley,rq4pl_b65281ddda280d90e9154f2cd65dc9f053001b6c6ee2440b3874b357418202a7,0.056500032828769718,15,1,EXACT_ANALYTICAL,,,RQ4_U0_MEAN_CONTROL_v1.0,BetaShapley,ExactAnalyticalReference,True,,,,,COMPLETE,2a93d7b6a937ad9de8d0ac9298f66317fb5515d2152fa9795b8e78528239a2c8
U0,BetaShapley,rq4pl_bcfb0a9fdadc4fe473ea2d864a7d932ae5a2336b39487c0be1a3b3d5694bbe35,0.038901491140283344,39,1,EXACT_ANALYTICAL,,,RQ4_U0_MEAN_CONTROL_v1.0,BetaShapley,ExactAnalyticalReference,True,,,,,COMPLETE,2a93d7b6a937ad9de8d0ac9298f66317fb5515d2152fa9795b8e78528239a2c8
U0,BetaShapley,rq4pl_bf99a403b1c9dfee592b4f101a1cc64d37e474df5c0ef6e34633edb95dace400,0.030003440052432755,52,1,EXACT_ANALYTICAL,,,RQ4_U0_MEAN_CONTROL_v1.0,BetaShapley,ExactAnalyticalReference,True,,,,,COMPLETE,2a93d7b6a937ad9de8d0ac9298f66317fb5515d2152fa9795b8e78528239a2c8
U0,BetaShapley,rq4pl_c1d8a9bfead19c50780def1c687d02f094e1ba4b78f034cf5f3af37ad6c6aa83,0.065481713406539785,3,1,EXACT_ANALYTICAL,,,RQ4_U0_MEAN_CONTROL_v1.0,BetaShapley,ExactAnalyticalReference,True,,,,,COMPLETE,2a93d7b6a937ad9de8d0ac9298f66317fb5515d2152fa9795b8e78528239a2c8
U0,BetaShapley,rq4pl_c44c57063c4095d7c5cba9f266f89308c3187577332638e14a2ac9352a3bcedc,0.056560375648234816,14,1,EXACT_ANALYTICAL,,,RQ4_U0_MEAN_CONTROL_v1.0,BetaShapley,ExactAnalyticalReference,True,,,,,COMPLETE,2a93d7b6a937ad9de8d0ac9298f66317fb5515d2152fa9795b8e78528239a2c8
U0,BetaShapley,rq4pl_c50df2d0f34dccd5c6fd4c04df2554296de0951cfae153caf66c3d1b28edf2a5,0.032792267815832749,47,1,EXACT_ANALYTICAL,,,RQ4_U0_MEAN_CONTROL_v1.0,BetaShapley,ExactAnalyticalReference,True,,,,,COMPLETE,2a93d7b6a937ad9de8d0ac9298f66317fb5515d2152fa9795b8e78528239a2c8
U0,BetaShapley,rq4pl_cd34281667eacd7ba152507c2c178706fcec3377ca5e4e7a03e57d0afe4039cf,0.062619645371491409,7,1,EXACT_ANALYTICAL,,,RQ4_U0_MEAN_CONTROL_v1.0,BetaShapley,ExactAnalyticalReference,True,,,,,COMPLETE,2a93d7b6a937ad9de8d0ac9298f66317fb5515d2152fa9795b8e78528239a2c8
U0,BetaShapley,rq4pl_d187d2566ae800dc511414b0bf0029f8d2abefaf8094e2056437ec93373a1302,0.011037852507369836,72,1,EXACT_ANALYTICAL,,,RQ4_U0_MEAN_CONTROL_v1.0,BetaShapley,ExactAnalyticalReference,True,,,,,COMPLETE,2a93d7b6a937ad9de8d0ac9298f66317fb5515d2152fa9795b8e78528239a2c8
U0,BetaShapley,rq4pl_d1f9fd6e3cdcde1fa8756288e24a1963811e664635bfe1c22e95c370eed88648,0.02815134425779818,55,1,EXACT_ANALYTICAL,,,RQ4_U0_MEAN_CONTROL_v1.0,BetaShapley,ExactAnalyticalReference,True,,,,,COMPLETE,2a93d7b6a937ad9de8d0ac9298f66317fb5515d2152fa9795b8e78528239a2c8
U0,BetaShapley,rq4pl_d4000a9d56e3e14c3e7e40a365bd148cb599b417a3a3cf16b73585515a81e23b,0.061742211789132175,9,1,EXACT_ANALYTICAL,,,RQ4_U0_MEAN_CONTROL_v1.0,BetaShapley,ExactAnalyticalReference,True,,,,,COMPLETE,2a93d7b6a937ad9de8d0ac9298f66317fb5515d2152fa9795b8e78528239a2c8
U0,BetaShapley,rq4pl_d66b087b0e4957bdf0aafee5f81fa592b12fa633b7dc393d329e0222672b944b,0.046865521050062961,25,1,EXACT_ANALYTICAL,,,RQ4_U0_MEAN_CONTROL_v1.0,BetaShapley,ExactAnalyticalReference,True,,,,,COMPLETE,2a93d7b6a937ad9de8d0ac9298f66317fb5515d2152fa9795b8e78528239a2c8
U0,BetaShapley,rq4pl_dbb38a3a562ab8c02a421b313352132a8954e8fe1fde0b346b91b568714e22b5,0.022930797266602347,60,1,EXACT_ANALYTICAL,,,RQ4_U0_MEAN_CONTROL_v1.0,BetaShapley,ExactAnalyticalReference,True,,,,,COMPLETE,2a93d7b6a937ad9de8d0ac9298f66317fb5515d2152fa9795b8e78528239a2c8
U0,BetaShapley,rq4pl_dd9c02a4f48d8522951eca749bbc246b9ba10de171f1f6810bf6cdbd5db9ba96,0.062174978094128509,8,1,EXACT_ANALYTICAL,,,RQ4_U0_MEAN_CONTROL_v1.0,BetaShapley,ExactAnalyticalReference,True,,,,,COMPLETE,2a93d7b6a937ad9de8d0ac9298f66317fb5515d2152fa9795b8e78528239a2c8
U0,BetaShapley,rq4pl_ddded89f25c263e646c6de652144e12a3a857b99f36ea28a4e48059f0d3feedd,-0.022685920225792907,82,-1,EXACT_ANALYTICAL,,,RQ4_U0_MEAN_CONTROL_v1.0,BetaShapley,ExactAnalyticalReference,True,,,,,COMPLETE,2a93d7b6a937ad9de8d0ac9298f66317fb5515d2152fa9795b8e78528239a2c8
U0,BetaShapley,rq4pl_e05ca12594d92d5ffa238e73d9c4d2d58648d44595cc4b742e4987827e6005ec,-0.0318311935929411,85,-1,EXACT_ANALYTICAL,,,RQ4_U0_MEAN_CONTROL_v1.0,BetaShapley,ExactAnalyticalReference,True,,,,,COMPLETE,2a93d7b6a937ad9de8d0ac9298f66317fb5515d2152fa9795b8e78528239a2c8
U0,BetaShapley,rq4pl_e4bd54fcbb4fa282dda7e8b52bd3f36cabb08cbbb872585c2cfde9ab6fb52bc3,0.050155727043412195,21,1,EXACT_ANALYTICAL,,,RQ4_U0_MEAN_CONTROL_v1.0,BetaShapley,ExactAnalyticalReference,True,,,,,COMPLETE,2a93d7b6a937ad9de8d0ac9298f66317fb5515d2152fa9795b8e78528239a2c8
U0,BetaShapley,rq4pl_ec4768bbd656fe4efb8d2ea314eb11fe6a2ab4f58c0075100553b6cdaa76dc40,0.042188840190862352,32,1,EXACT_ANALYTICAL,,,RQ4_U0_MEAN_CONTROL_v1.0,BetaShapley,ExactAnalyticalReference,True,,,,,COMPLETE,2a93d7b6a937ad9de8d0ac9298f66317fb5515d2152fa9795b8e78528239a2c8
U0,BetaShapley,rq4pl_f06a3f01fb3c07b5ede9269d49c7052b89b2a70e6ebeb1c9a9490a8445c53c66,0.032432788369295959,48,1,EXACT_ANALYTICAL,,,RQ4_U0_MEAN_CONTROL_v1.0,BetaShapley,ExactAnalyticalReference,True,,,,,COMPLETE,2a93d7b6a937ad9de8d0ac9298f66317fb5515d2152fa9795b8e78528239a2c8
U0,BetaShapley,rq4pl_f283062986cf5795c7e0e29998d378d3595c96b782e6a134e7bc7955513b7bda,0.02589993973981471,58,1,EXACT_ANALYTICAL,,,RQ4_U0_MEAN_CONTROL_v1.0,BetaShapley,ExactAnalyticalReference,True,,,,,COMPLETE,2a93d7b6a937ad9de8d0ac9298f66317fb5515d2152fa9795b8e78528239a2c8
U0,BetaShapley,rq4pl_f5199056462868814f42843c579cdd76cde8a2c78ce0473ab4111070b99d79ae,0.048914014908342143,22,1,EXACT_ANALYTICAL,,,RQ4_U0_MEAN_CONTROL_v1.0,BetaShapley,ExactAnalyticalReference,True,,,,,COMPLETE,2a93d7b6a937ad9de8d0ac9298f66317fb5515d2152fa9795b8e78528239a2c8
U0,BetaShapley,rq4pl_f7a890ef24f1a183fda1bc7b51c391847589dc2ba49cbdc108238cd7c3f5de69,0.061366441359306224,10,1,EXACT_ANALYTICAL,,,RQ4_U0_MEAN_CONTROL_v1.0,BetaShapley,ExactAnalyticalReference,True,,,,,COMPLETE,2a93d7b6a937ad9de8d0ac9298f66317fb5515d2152fa9795b8e78528239a2c8
U0,BetaShapley,rq4pl_f96533b8d21a3e2fdc49eee8d6249c15c50d1169ec3cbf289a9b206512db5095,0.039121478815056218,38,1,EXACT_ANALYTICAL,,,RQ4_U0_MEAN_CONTROL_v1.0,BetaShapley,ExactAnalyticalReference,True,,,,,COMPLETE,2a93d7b6a937ad9de8d0ac9298f66317fb5515d2152fa9795b8e78528239a2c8
U0,BetaShapley,rq4pl_fb1bfc39fd90c2e580b66654de71236ee19ebcbd49a84453055e3de655354d7a,0.016233408462115358,68,1,EXACT_ANALYTICAL,,,RQ4_U0_MEAN_CONTROL_v1.0,BetaShapley,ExactAnalyticalReference,True,,,,,COMPLETE,2a93d7b6a937ad9de8d0ac9298f66317fb5515d2152fa9795b8e78528239a2c8
U0,Banzhaf,rq4pl_0532a4cb6907f03e27619a0515bb2e6743c95c10734472fdf9b78259d4b7de0d,-0.0016208374752195074,62,-1,EXACT_ANALYTICAL,,,RQ4_U0_MEAN_CONTROL_v1.0,Banzhaf,ExactAnalyticalReference,True,,,,,COMPLETE,2a93d7b6a937ad9de8d0ac9298f66317fb5515d2152fa9795b8e78528239a2c8
U0,Banzhaf,rq4pl_09be7cd9da11fbfb20ba616d65fb61ae0935d8c47abad11a95638192b4ab78a0,0.00083395359855244276,42,1,EXACT_ANALYTICAL,,,RQ4_U0_MEAN_CONTROL_v1.0,Banzhaf,ExactAnalyticalReference,True,,,,,COMPLETE,2a93d7b6a937ad9de8d0ac9298f66317fb5515d2152fa9795b8e78528239a2c8
U0,Banzhaf,rq4pl_1a5ade7ebe21d184c51a0987dde4ae0f770fe7723ce0cbcc92a96f9caa08b59c,0.0054804922788014307,2,1,EXACT_ANALYTICAL,,,RQ4_U0_MEAN_CONTROL_v1.0,Banzhaf,ExactAnalyticalReference,True,,,,,COMPLETE,2a93d7b6a937ad9de8d0ac9298f66317fb5515d2152fa9795b8e78528239a2c8
U0,Banzhaf,rq4pl_1c77b9285da3e18e2c9d13b01da8a49b4cbd86cce0d8c763e1f8a0ca9cef0d5e,0.00085189532901329607,41,1,EXACT_ANALYTICAL,,,RQ4_U0_MEAN_CONTROL_v1.0,Banzhaf,ExactAnalyticalReference,True,,,,,COMPLETE,2a93d7b6a937ad9de8d0ac9298f66317fb5515d2152fa9795b8e78528239a2c8
U0,Banzhaf,rq4pl_1d855e88db60ee7025904aa8a525479548a77e0d19058f0c53427d2ec1bb6f3c,-0.0053073772006475856,78,-1,EXACT_ANALYTICAL,,,RQ4_U0_MEAN_CONTROL_v1.0,Banzhaf,ExactAnalyticalReference,True,,,,,COMPLETE,2a93d7b6a937ad9de8d0ac9298f66317fb5515d2152fa9795b8e78528239a2c8
U0,Banzhaf,rq4pl_1f2b5330032d1122ed72a49f4c7e06d2316e19613ae92835c3fe7ce66f84ab95,0.0011744492972672656,35,1,EXACT_ANALYTICAL,,,RQ4_U0_MEAN_CONTROL_v1.0,Banzhaf,ExactAnalyticalReference,True,,,,,COMPLETE,2a93d7b6a937ad9de8d0ac9298f66317fb5515d2152fa9795b8e78528239a2c8
U0,Banzhaf,rq4pl_1f86fa31dfb5e650fec3539a3b633361c0ebda9e1dc7bd7e87c23b6f17736f50,0.0016672384656592578,30,1,EXACT_ANALYTICAL,,,RQ4_U0_MEAN_CONTROL_v1.0,Banzhaf,ExactAnalyticalReference,True,,,,,COMPLETE,2a93d7b6a937ad9de8d0ac9298f66317fb5515d2152fa9795b8e78528239a2c8
U0,Banzhaf,rq4pl_22b714056fe11fe49d00762cbf5773eb347e2123ce6d7c7d1d4ca39a52741230,-0.00084840334776715271,56,-1,EXACT_ANALYTICAL,,,RQ4_U0_MEAN_CONTROL_v1.0,Banzhaf,ExactAnalyticalReference,True,,,,,COMPLETE,2a93d7b6a937ad9de8d0ac9298f66317fb5515d2152fa9795b8e78528239a2c8
U0,Banzhaf,rq4pl_23ffb5c653f6ba9ac74f29404ba77e8845182799e69694089a03d53c723437af,0.0024463919400213347,23,1,EXACT_ANALYTICAL,,,RQ4_U0_MEAN_CONTROL_v1.0,Banzhaf,ExactAnalyticalReference,True,,,,,COMPLETE,2a93d7b6a937ad9de8d0ac9298f66317fb5515d2152fa9795b8e78528239a2c8
U0,Banzhaf,rq4pl_27dcd03e1448e916a58694d8ccf2c59e967462e922b5a9649173125124677da2,0.0036465088501939913,16,1,EXACT_ANALYTICAL,,,RQ4_U0_MEAN_CONTROL_v1.0,Banzhaf,ExactAnalyticalReference,True,,,,,COMPLETE,2a93d7b6a937ad9de8d0ac9298f66317fb5515d2152fa9795b8e78528239a2c8
U0,Banzhaf,rq4pl_28057b23871b792d5ccae17cf7598818485d47433583896088c62b56a9e852b7,-0.0017284856233676571,63,-1,EXACT_ANALYTICAL,,,RQ4_U0_MEAN_CONTROL_v1.0,Banzhaf,ExactAnalyticalReference,True,,,,,COMPLETE,2a93d7b6a937ad9de8d0ac9298f66317fb5515d2152fa9795b8e78528239a2c8
U0,Banzhaf,rq4pl_288ab04cc797e99e073777b2a2124b8734f384c4794cf8e4f20a68d6326a2997,-0.0010303117609337916,57,-1,EXACT_ANALYTICAL,,,RQ4_U0_MEAN_CONTROL_v1.0,Banzhaf,ExactAnalyticalReference,True,,,,,COMPLETE,2a93d7b6a937ad9de8d0ac9298f66317fb5515d2152fa9795b8e78528239a2c8
U0,Banzhaf,rq4pl_2a3723e60ab1bcdd4b2d572f38d5508552f6451ef1c1856cddf4cd922cba0cfe,0.0020170518343896405,26,1,EXACT_ANALYTICAL,,,RQ4_U0_MEAN_CONTROL_v1.0,Banzhaf,ExactAnalyticalReference,True,,,,,COMPLETE,2a93d7b6a937ad9de8d0ac9298f66317fb5515d2152fa9795b8e78528239a2c8
U0,Banzhaf,rq4pl_2cb5c1217ab2b40aff5a474651095e3574ed7d53da1422b5ca6bc3a002543c50,-0.0015827784805105126,61,-1,EXACT_ANALYTICAL,,,RQ4_U0_MEAN_CONTROL_v1.0,Banzhaf,ExactAnalyticalReference,True,,,,,COMPLETE,2a93d7b6a937ad9de8d0ac9298f66317fb5515d2152fa9795b8e78528239a2c8
U0,Banzhaf,rq4pl_2d8a206efdf69f46f6c09e1ca360dd0d276a4994d838e7c8089a6d654b88ffcb,-0.0020555161714359417,66,-1,EXACT_ANALYTICAL,,,RQ4_U0_MEAN_CONTROL_v1.0,Banzhaf,ExactAnalyticalReference,True,,,,,COMPLETE,2a93d7b6a937ad9de8d0ac9298f66317fb5515d2152fa9795b8e78528239a2c8
U0,Banzhaf,rq4pl_2e80f039f040a45eb52235ab80a0277dbfffc4ed7ccbe651ee5041205d6d9761,0.0023034060432990111,24,1,EXACT_ANALYTICAL,,,RQ4_U0_MEAN_CONTROL_v1.0,Banzhaf,ExactAnalyticalReference,True,,,,,COMPLETE,2a93d7b6a937ad9de8d0ac9298f66317fb5515d2152fa9795b8e78528239a2c8
U0,Banzhaf,rq4pl_3dd18371f820e26ab096783ac0736dc77d4623cbe21c9f5f82fee13254f040ca,0.00057449056710853232,43,1,EXACT_ANALYTICAL,,,RQ4_U0_MEAN_CONTROL_v1.0,Banzhaf,ExactAnalyticalReference,True,,,,,COMPLETE,2a93d7b6a937ad9de8d0ac9298f66317fb5515d2152fa9795b8e78528239a2c8
U0,Banzhaf,rq4pl_3f9e12a328d8b46d330804866e951e97191cfa133ea3142d9ea9e5f8caf78255,-0.0027970544064364385,70,-1,EXACT_ANALYTICAL,,,RQ4_U0_MEAN_CONTROL_v1.0,Banzhaf,ExactAnalyticalReference,True,,,,,COMPLETE,2a93d7b6a937ad9de8d0ac9298f66317fb5515d2152fa9795b8e78528239a2c8
U0,Banzhaf,rq4pl_4526181cef1978791c1b852517c9f484a85dc65e3d1a0ebcee60be0c6fcb4daa,-0.00019808709689413191,50,-1,EXACT_ANALYTICAL,,,RQ4_U0_MEAN_CONTROL_v1.0,Banzhaf,ExactAnalyticalReference,True,,,,,COMPLETE,2a93d7b6a937ad9de8d0ac9298f66317fb5515d2152fa9795b8e78528239a2c8
U0,Banzhaf,rq4pl_49a0fe00384016bb5def3279c2c707dca67b361547be80fc15389ac9c17f494d,-0.0076572951471771799,81,-1,EXACT_ANALYTICAL,,,RQ4_U0_MEAN_CONTROL_v1.0,Banzhaf,ExactAnalyticalReference,True,,,,,COMPLETE,2a93d7b6a937ad9de8d0ac9298f66317fb5515d2152fa9795b8e78528239a2c8
U0,Banzhaf,rq4pl_4e692c97ba95b2144be502eed69d3407185830e46bbcd157da519620b01d828a,-0.0050997434773569364,77,-1,EXACT_ANALYTICAL,,,RQ4_U0_MEAN_CONTROL_v1.0,Banzhaf,ExactAnalyticalReference,True,,,,,COMPLETE,2a93d7b6a937ad9de8d0ac9298f66317fb5515d2152fa9795b8e78528239a2c8
U0,Banzhaf,rq4pl_5037fd384d5294abdbe4ffce392704458d08fb0bae3ab918a40d9910c7afaf76,0.0010912870183556981,36,1,EXACT_ANALYTICAL,,,RQ4_U0_MEAN_CONTROL_v1.0,Banzhaf,ExactAnalyticalReference,True,,,,,COMPLETE,2a93d7b6a937ad9de8d0ac9298f66317fb5515d2152fa9795b8e78528239a2c8
U0,Banzhaf,rq4pl_50b52f48539311562de5f2c4511a487f16b741151bdafdf9aea7e9ce3acd2edf,0.0019284310432990115,27,1,EXACT_ANALYTICAL,,,RQ4_U0_MEAN_CONTROL_v1.0,Banzhaf,ExactAnalyticalReference,True,,,,,COMPLETE,2a93d7b6a937ad9de8d0ac9298f66317fb5515d2152fa9795b8e78528239a2c8
U0,Banzhaf,rq4pl_5184388a6f4710019ba3de190fa81206bc33d73d5cf9bdb1fb5ff0ab7aa78ce3,0.0050779047097613047,4,1,EXACT_ANALYTICAL,,,RQ4_U0_MEAN_CONTROL_v1.0,Banzhaf,ExactAnalyticalReference,True,,,,,COMPLETE,2a93d7b6a937ad9de8d0ac9298f66317fb5515d2152fa9795b8e78528239a2c8
U0,Banzhaf,rq4pl_528faab818aea81377a588b69617c8879424b2b7442ec09bcb9ed017ec4d6d3f,0.00041465485282281999,44,1,EXACT_ANALYTICAL,,,RQ4_U0_MEAN_CONTROL_v1.0,Banzhaf,ExactAnalyticalReference,True,,,,,COMPLETE,2a93d7b6a937ad9de8d0ac9298f66317fb5515d2152fa9795b8e78528239a2c8
U0,Banzhaf,rq4pl_531b9c0c619e4db6be919435fa31a4d082f65428f9aad61ca94aa5ea33f9e56d,-0.0029151064346551367,71,-1,EXACT_ANALYTICAL,,,RQ4_U0_MEAN_CONTROL_v1.0,Banzhaf,ExactAnalyticalReference,True,,,,,COMPLETE,2a93d7b6a937ad9de8d0ac9298f66317fb5515d2152fa9795b8e78528239a2c8
U0,Banzhaf,rq4pl_53e992688a427d676f535b232d898de29ce10d56c38aa1dee766e4ae5bddcaa9,0.0037294712927321175,13,1,EXACT_ANALYTICAL,,,RQ4_U0_MEAN_CONTROL_v1.0,Banzhaf,ExactAnalyticalReference,True,,,,,COMPLETE,2a93d7b6a937ad9de8d0ac9298f66317fb5515d2152fa9795b8e78528239a2c8
U0,Banzhaf,rq4pl_57ceee7a7bef5403fac868dcc505d822058df3cc9480a2a7d1878aed23af10b0,-0.00017062848051051179,49,-1,EXACT_ANALYTICAL,,,RQ4_U0_MEAN_CONTROL_v1.0,Banzhaf,ExactAnalyticalReference,True,,,,,COMPLETE,2a93d7b6a937ad9de8d0ac9298f66317fb5515d2152fa9795b8e78528239a2c8
U0,Banzhaf,rq4pl_5a2258b978ff34e7af144229f99d6c44cb7181831e348fc5629dcc0d2355dedf,0.0017814812182261263,28,1,EXACT_ANALYTICAL,,,RQ4_U0_MEAN_CONTROL_v1.0,Banzhaf,ExactAnalyticalReference,True,,,,,COMPLETE,2a93d7b6a937ad9de8d0ac9298f66317fb5515d2152fa9795b8e78528239a2c8
U0,Banzhaf,rq4pl_5ce73c4684c24f08ee44c4a4b831aa3856cf226ede09c76a2fa3b1f295805d90,0.002757913383200489,20,1,EXACT_ANALYTICAL,,,RQ4_U0_MEAN_CONTROL_v1.0,Banzhaf,ExactAnalyticalReference,True,,,,,COMPLETE,2a93d7b6a937ad9de8d0ac9298f66317fb5515d2152fa9795b8e78528239a2c8
U0,Banzhaf,rq4pl_5e6791ad491883687a106c94a0b9e41c52aabc86cfcfa05a9493431e840b60d0,0.0012354481861561514,34,1,EXACT_ANALYTICAL,,,RQ4_U0_MEAN_CONTROL_v1.0,Banzhaf,ExactAnalyticalReference,True,,,,,COMPLETE,2a93d7b6a937ad9de8d0ac9298f66317fb5515d2152fa9795b8e78528239a2c8
U0,Banzhaf,rq4pl_5ed0bb4c8d3c870a714d77e2173f6576e6fdb37d1b4aeb30a571a4f3358d0209,-0.0096023824487644818,84,-1,EXACT_ANALYTICAL,,,RQ4_U0_MEAN_CONTROL_v1.0,Banzhaf,ExactAnalyticalReference,True,,,,,COMPLETE,2a93d7b6a937ad9de8d0ac9298f66317fb5515d2152fa9795b8e78528239a2c8
U0,Banzhaf,rq4pl_6214d02fd058209dcc56d1ae78ebd1fbb4e4cece516947fc2f4e8a164ee7ca01,-0.00024886924974128536,51,-1,EXACT_ANALYTICAL,,,RQ4_U0_MEAN_CONTROL_v1.0,Banzhaf,ExactAnalyticalReference,True,,,,,COMPLETE,2a93d7b6a937ad9de8d0ac9298f66317fb5515d2152fa9795b8e78528239a2c8
U0,Banzhaf,rq4pl_66bed34f45b4b3060987b79b022e3235a654f463837eee2d7269ac7e4626729b,0.0017136377828254228,29,1,EXACT_ANALYTICAL,,,RQ4_U0_MEAN_CONTROL_v1.0,Banzhaf,ExactAnalyticalReference,True,,,,,COMPLETE,2a93d7b6a937ad9de8d0ac9298f66317fb5515d2152fa9795b8e78528239a2c8
U0,Banzhaf,rq4pl_6885d49a65f7468a688cb02159a3cd7b0b97e7bd82fdbd711c96b370284cd669,-0.0047060253059073376,76,-1,EXACT_ANALYTICAL,,,RQ4_U0_MEAN_CONTROL_v1.0,Banzhaf,ExactAnalyticalReference,True,,,,,COMPLETE,2a93d7b6a937ad9de8d0ac9298f66317fb5515d2152fa9795b8e78528239a2c8
U0,Banzhaf,rq4pl_6d050112c2bb5784fe247e301c0e63d0f5b9d3b1b8fd618851ca9e9c2b78b867,0.0059080969956799637,1,1,EXACT_ANALYTICAL,,,RQ4_U0_MEAN_CONTROL_v1.0,Banzhaf,ExactAnalyticalReference,True,,,,,COMPLETE,2a93d7b6a937ad9de8d0ac9298f66317fb5515d2152fa9795b8e78528239a2c8
U0,Banzhaf,rq4pl_6e3dc67c674d01023007eb26f49f8c58bff8b7e8b7bea62d5909611192d8e970,-0.0019789284805105125,64,-1,EXACT_ANALYTICAL,,,RQ4_U0_MEAN_CONTROL_v1.0,Banzhaf,ExactAnalyticalReference,True,,,,,COMPLETE,2a93d7b6a937ad9de8d0ac9298f66317fb5515d2152fa9795b8e78528239a2c8
U0,Banzhaf,rq4pl_704732b7282cac1f404ca502930d30fda9625a2af72f54afdac7dae6d25c7c54,0.005064990567108533,5,1,EXACT_ANALYTICAL,,,RQ4_U0_MEAN_CONTROL_v1.0,Banzhaf,ExactAnalyticalReference,True,,,,,COMPLETE,2a93d7b6a937ad9de8d0ac9298f66317fb5515d2152fa9795b8e78528239a2c8
U0,Banzhaf,rq4pl_72dbce4ede6a34ce4cea21bd1569cc93f5bc5ec1ebf84e08d809d24bd83d3fb9,0.00087489532901329652,40,1,EXACT_ANALYTICAL,,,RQ4_U0_MEAN_CONTROL_v1.0,Banzhaf,ExactAnalyticalReference,True,,,,,COMPLETE,2a93d7b6a937ad9de8d0ac9298f66317fb5515d2152fa9795b8e78528239a2c8
U0,Banzhaf,rq4pl_737f80c3dfd06ade34ad2149c1577883c219fbfba517f469b0a93f44cece88a5,0.0003105271147275828,45,1,EXACT_ANALYTICAL,,,RQ4_U0_MEAN_CONTROL_v1.0,Banzhaf,ExactAnalyticalReference,True,,,,,COMPLETE,2a93d7b6a937ad9de8d0ac9298f66317fb5515d2152fa9795b8e78528239a2c8
U0,Banzhaf,rq4pl_74622e5219312fc5296f8223c2d0d0885f85bd2a8d8ba7ec66a80fa237016b97,-0.0053187184276004603,79,-1,EXACT_ANALYTICAL,,,RQ4_U0_MEAN_CONTROL_v1.0,Banzhaf,ExactAnalyticalReference,True,,,,,COMPLETE,2a93d7b6a937ad9de8d0ac9298f66317fb5515d2152fa9795b8e78528239a2c8
U0,Banzhaf,rq4pl_751c80984b9439db6d959a253ef28d8ac8887109b64117f9e8ea128454eb21a9,0.0014125674718704403,33,1,EXACT_ANALYTICAL,,,RQ4_U0_MEAN_CONTROL_v1.0,Banzhaf,ExactAnalyticalReference,True,,,,,COMPLETE,2a93d7b6a937ad9de8d0ac9298f66317fb5515d2152fa9795b8e78528239a2c8
U0,Banzhaf,rq4pl_75cc85bb6c5b8925d272e917cc4dff9931194d33bba9d181181b84422284945c,0.0033467456691493513,17,1,EXACT_ANALYTICAL,,,RQ4_U0_MEAN_CONTROL_v1.0,Banzhaf,ExactAnalyticalReference,True,,,,,COMPLETE,2a93d7b6a937ad9de8d0ac9298f66317fb5515d2152fa9795b8e78528239a2c8
U0,Banzhaf,rq4pl_7f11a95cb3c782a07423244f0559dc07990186de3f2c3433ca7c031a299e1ed6,-0.0015027288945891879,59,-1,EXACT_ANALYTICAL,,,RQ4_U0_MEAN_CONTROL_v1.0,Banzhaf,ExactAnalyticalReference,True,,,,,COMPLETE,2a93d7b6a937ad9de8d0ac9298f66317fb5515d2152fa9795b8e78528239a2c8
U0,Banzhaf,rq4pl_81944e8b070b792bee63c694afa6df24ae334bcec84fb750323b7010e5b89f0c,-0.0091785636656956989,83,-1,EXACT_ANALYTICAL,,,RQ4_U0_MEAN_CONTROL_v1.0,Banzhaf,ExactAnalyticalReference,True,,,,,COMPLETE,2a93d7b6a937ad9de8d0ac9298f66317fb5515d2152fa9795b8e78528239a2c8
U0,Banzhaf,rq4pl_8418af3a52c899314f8cee1f68ef67042c14e244ec96f1651d6cf90adaf976e9,0.0043263353555556324,11,1,EXACT_ANALYTICAL,,,RQ4_U0_MEAN_CONTROL_v1.0,Banzhaf,ExactAnalyticalReference,True,,,,,COMPLETE,2a93d7b6a937ad9de8d0ac9298f66317fb5515d2152fa9795b8e78528239a2c8
U0,Banzhaf,rq4pl_873015599e1a61eaf581849d8f379b6279fe67f30b567aa06cb5672f7d93bb5b,-0.0026685530527271067,69,-1,EXACT_ANALYTICAL,,,RQ4_U0_MEAN_CONTROL_v1.0,Banzhaf,ExactAnalyticalReference,True,,,,,COMPLETE,2a93d7b6a937ad9de8d0ac9298f66317fb5515d2152fa9795b8e78528239a2c8
U0,Banzhaf,rq4pl_8856b5958742c42b6b8b3285816039d964d4aa58cfbb750974ed3865743975d2,0.0015312461715423734,31,1,EXACT_ANALYTICAL,,,RQ4_U0_MEAN_CONTROL_v1.0,Banzhaf,ExactAnalyticalReference,True,,,,,COMPLETE,2a93d7b6a937ad9de8d0ac9298f66317fb5515d2152fa9795b8e78528239a2c8
U0,Banzhaf,rq4pl_8bfd3ead1ec4a765b15f2943774d78b22d2b5775e679545109e954a7ee722859,-0.004547837753693473,74,-1,EXACT_ANALYTICAL,,,RQ4_U0_MEAN_CONTROL_v1.0,Banzhaf,ExactAnalyticalReference,True,,,,,COMPLETE,2a93d7b6a937ad9de8d0ac9298f66317fb5515d2152fa9795b8e78528239a2c8
U0,Banzhaf,rq4pl_8f9e3c929255cb478c6971057add1a066e4d207215ff914c925dbac0a0764b2e,-0.00051171572034923918,53,-1,EXACT_ANALYTICAL,,,RQ4_U0_MEAN_CONTROL_v1.0,Banzhaf,ExactAnalyticalReference,True,,,,,COMPLETE,2a93d7b6a937ad9de8d0ac9298f66317fb5515d2152fa9795b8e78528239a2c8
U0,Banzhaf,rq4pl_91b95ed1e9b13d6acbb09a43677fd72ded41f866d90394cda2a5ddb957e36d36,-0.0046712994761815077,75,-1,EXACT_ANALYTICAL,,,RQ4_U0_MEAN_CONTROL_v1.0,Banzhaf,ExactAnalyticalReference,True,,,,,COMPLETE,2a93d7b6a937ad9de8d0ac9298f66317fb5515d2152fa9795b8e78528239a2c8
U0,Banzhaf,rq4pl_9716a8135adaa7ff5e78cd7aecee78cc286787b70d5f21f713826ded4b790aaa,-0.0020336019125662633,65,-1,EXACT_ANALYTICAL,,,RQ4_U0_MEAN_CONTROL_v1.0,Banzhaf,ExactAnalyticalReference,True,,,,,COMPLETE,2a93d7b6a937ad9de8d0ac9298f66317fb5515d2152fa9795b8e78528239a2c8
U0,Banzhaf,rq4pl_9768f8f32c61c8a69c5c8756077724eeeef5d2cf4841e2d12e6d8181c2910438,0.0029603658505552456,19,1,EXACT_ANALYTICAL,,,RQ4_U0_MEAN_CONTROL_v1.0,Banzhaf,ExactAnalyticalReference,True,,,,,COMPLETE,2a93d7b6a937ad9de8d0ac9298f66317fb5515d2152fa9795b8e78528239a2c8
U0,Banzhaf,rq4pl_99654ddaf213d54232ef4d4124775aa57c181595de1c34c3e29845e83aa37d49,0.0037799357480670609,12,1,EXACT_ANALYTICAL,,,RQ4_U0_MEAN_CONTROL_v1.0,Banzhaf,ExactAnalyticalReference,True,,,,,COMPLETE,2a93d7b6a937ad9de8d0ac9298f66317fb5515d2152fa9795b8e78528239a2c8
U0,Banzhaf,rq4pl_9d8d55b7ecd42bdf2bc5a4fa61d1e462b8d284af7c42aba26406dd2ddf39d05c,-0.0037869652152043892,73,-1,EXACT_ANALYTICAL,,,RQ4_U0_MEAN_CONTROL_v1.0,Banzhaf,ExactAnalyticalReference,True,,,,,COMPLETE,2a93d7b6a937ad9de8d0ac9298f66317fb5515d2152fa9795b8e78528239a2c8
U0,Banzhaf,rq4pl_a1074f330e6553f0cefe25f45b2c70ebcbbea3786546914da7ddefc7e5e39d49,-0.00061324752812956193,54,-1,EXACT_ANALYTICAL,,,RQ4_U0_MEAN_CONTROL_v1.0,Banzhaf,ExactAnalyticalReference,True,,,,,COMPLETE,2a93d7b6a937ad9de8d0ac9298f66317fb5515d2152fa9795b8e78528239a2c8
U0,Banzhaf,rq4pl_a9793baa644855553e8015d6a1b3d02070efe245762ffae94df09bd769cdcba2,0.0048987604083783739,6,1,EXACT_ANALYTICAL,,,RQ4_U0_MEAN_CONTROL_v1.0,Banzhaf,ExactAnalyticalReference,True,,,,,COMPLETE,2a93d7b6a937ad9de8d0ac9298f66317fb5515d2152fa9795b8e78528239a2c8
U0,Banzhaf,rq4pl_a9a9f8752e77fd422a9e11996f9c6ef7383c98dbd9fbbdefdd9ee2826a145f87,-0.0055207082424152754,80,-1,EXACT_ANALYTICAL,,,RQ4_U0_MEAN_CONTROL_v1.0,Banzhaf,ExactAnalyticalReference,True,,,,,COMPLETE,2a93d7b6a937ad9de8d0ac9298f66317fb5515d2152fa9795b8e78528239a2c8
U0,Banzhaf,rq4pl_aafeaa0e17d1a236ab3d2a50b7c6ae0b1fad2ca480ec38ae3abc02cf28f07e57,0.0010846622916902587,37,1,EXACT_ANALYTICAL,,,RQ4_U0_MEAN_CONTROL_v1.0,Banzhaf,ExactAnalyticalReference,True,,,,,COMPLETE,2a93d7b6a937ad9de8d0ac9298f66317fb5515d2152fa9795b8e78528239a2c8
U0,Banzhaf,rq4pl_abccb2a01a9363ea2b127868d79a3d4d232a900f8b9c11f011fb7d0f3e58f6f5,0.0031709541059770732,18,1,EXACT_ANALYTICAL,,,RQ4_U0_MEAN_CONTROL_v1.0,Banzhaf,ExactAnalyticalReference,True,,,,,COMPLETE,2a93d7b6a937ad9de8d0ac9298f66317fb5515d2152fa9795b8e78528239a2c8
U0,Banzhaf,rq4pl_b453f91fa98c6b4bc6d049117656e8fe296ede0f009a6abfb6bf826a10c7b69f,3.489014694046541e-05,46,1,EXACT_ANALYTICAL,,,RQ4_U0_MEAN_CONTROL_v1.0,Banzhaf,ExactAnalyticalReference,True,,,,,COMPLETE,2a93d7b6a937ad9de8d0ac9298f66317fb5515d2152fa9795b8e78528239a2c8
U0,Banzhaf,rq4pl_b594945677d01537de1189aa78917fab2bd6dabba146cd05a66184ddbd4b6d69,-0.0024588427662247999,67,-1,EXACT_ANALYTICAL,,,RQ4_U0_MEAN_CONTROL_v1.0,Banzhaf,ExactAnalyticalReference,True,,,,,COMPLETE,2a93d7b6a937ad9de8d0ac9298f66317fb5515d2152fa9795b8e78528239a2c8
U0,Banzhaf,rq4pl_b65281ddda280d90e9154f2cd65dc9f053001b6c6ee2440b3874b357418202a7,0.0036852039004418671,15,1,EXACT_ANALYTICAL,,,RQ4_U0_MEAN_CONTROL_v1.0,Banzhaf,ExactAnalyticalReference,True,,,,,COMPLETE,2a93d7b6a937ad9de8d0ac9298f66317fb5515d2152fa9795b8e78528239a2c8
U0,Banzhaf,rq4pl_bcfb0a9fdadc4fe473ea2d864a7d932ae5a2336b39487c0be1a3b3d5694bbe35,0.00094870937584655088,39,1,EXACT_ANALYTICAL,,,RQ4_U0_MEAN_CONTROL_v1.0,Banzhaf,ExactAnalyticalReference,True,,,,,COMPLETE,2a93d7b6a937ad9de8d0ac9298f66317fb5515d2152fa9795b8e78528239a2c8
U0,Banzhaf,rq4pl_bf99a403b1c9dfee592b4f101a1cc64d37e474df5c0ef6e34633edb95dace400,-0.00043489777254591245,52,-1,EXACT_ANALYTICAL,,,RQ4_U0_MEAN_CONTROL_v1.0,Banzhaf,ExactAnalyticalReference,True,,,,,COMPLETE,2a93d7b6a937ad9de8d0ac9298f66317fb5515d2152fa9795b8e78528239a2c8
U0,Banzhaf,rq4pl_c1d8a9bfead19c50780def1c687d02f094e1ba4b78f034cf5f3af37ad6c6aa83,0.0050818150604911086,3,1,EXACT_ANALYTICAL,,,RQ4_U0_MEAN_CONTROL_v1.0,Banzhaf,ExactAnalyticalReference,True,,,,,COMPLETE,2a93d7b6a937ad9de8d0ac9298f66317fb5515d2152fa9795b8e78528239a2c8
U0,Banzhaf,rq4pl_c44c57063c4095d7c5cba9f266f89308c3187577332638e14a2ac9352a3bcedc,0.0036945869389906189,14,1,EXACT_ANALYTICAL,,,RQ4_U0_MEAN_CONTROL_v1.0,Banzhaf,ExactAnalyticalReference,True,,,,,COMPLETE,2a93d7b6a937ad9de8d0ac9298f66317fb5515d2152fa9795b8e78528239a2c8
U0,Banzhaf,rq4pl_c50df2d0f34dccd5c6fd4c04df2554296de0951cfae153caf66c3d1b28edf2a5,-1.2475281295605043e-06,47,-1,EXACT_ANALYTICAL,,,RQ4_U0_MEAN_CONTROL_v1.0,Banzhaf,ExactAnalyticalReference,True,,,,,COMPLETE,2a93d7b6a937ad9de8d0ac9298f66317fb5515d2152fa9795b8e78528239a2c8
U0,Banzhaf,rq4pl_cd34281667eacd7ba152507c2c178706fcec3377ca5e4e7a03e57d0afe4039cf,0.0046367762813942486,7,1,EXACT_ANALYTICAL,,,RQ4_U0_MEAN_CONTROL_v1.0,Banzhaf,ExactAnalyticalReference,True,,,,,COMPLETE,2a93d7b6a937ad9de8d0ac9298f66317fb5515d2152fa9795b8e78528239a2c8
U0,Banzhaf,rq4pl_d187d2566ae800dc511414b0bf0029f8d2abefaf8094e2056437ec93373a1302,-0.0033839618138438469,72,-1,EXACT_ANALYTICAL,,,RQ4_U0_MEAN_CONTROL_v1.0,Banzhaf,ExactAnalyticalReference,True,,,,,COMPLETE,2a93d7b6a937ad9de8d0ac9298f66317fb5515d2152fa9795b8e78528239a2c8
U0,Banzhaf,rq4pl_d1f9fd6e3cdcde1fa8756288e24a1963811e664635bfe1c22e95c370eed88648,-0.00072289038527241836,55,-1,EXACT_ANALYTICAL,,,RQ4_U0_MEAN_CONTROL_v1.0,Banzhaf,ExactAnalyticalReference,True,,,,,COMPLETE,2a93d7b6a937ad9de8d0ac9298f66317fb5515d2152fa9795b8e78528239a2c8
U0,Banzhaf,rq4pl_d4000a9d56e3e14c3e7e40a365bd148cb599b417a3a3cf16b73585515a81e23b,0.0045003392835836304,9,1,EXACT_ANALYTICAL,,,RQ4_U0_MEAN_CONTROL_v1.0,Banzhaf,ExactAnalyticalReference,True,,,,,COMPLETE,2a93d7b6a937ad9de8d0ac9298f66317fb5515d2152fa9795b8e78528239a2c8
U0,Banzhaf,rq4pl_d66b087b0e4957bdf0aafee5f81fa592b12fa633b7dc393d329e0222672b944b,0.0021870804083783772,25,1,EXACT_ANALYTICAL,,,RQ4_U0_MEAN_CONTROL_v1.0,Banzhaf,ExactAnalyticalReference,True,,,,,COMPLETE,2a93d7b6a937ad9de8d0ac9298f66317fb5515d2152fa9795b8e78528239a2c8
U0,Banzhaf,rq4pl_dbb38a3a562ab8c02a421b313352132a8954e8fe1fde0b346b91b568714e22b5,-0.0015346620939558934,60,-1,EXACT_ANALYTICAL,,,RQ4_U0_MEAN_CONTROL_v1.0,Banzhaf,ExactAnalyticalReference,True,,,,,COMPLETE,2a93d7b6a937ad9de8d0ac9298f66317fb5515d2152fa9795b8e78528239a2c8
U0,Banzhaf,rq4pl_dd9c02a4f48d8522951eca749bbc246b9ba10de171f1f6810bf6cdbd5db9ba96,0.0045676325085004773,8,1,EXACT_ANALYTICAL,,,RQ4_U0_MEAN_CONTROL_v1.0,Banzhaf,ExactAnalyticalReference,True,,,,,COMPLETE,2a93d7b6a937ad9de8d0ac9298f66317fb5515d2152fa9795b8e78528239a2c8
U0,Banzhaf,rq4pl_ddded89f25c263e646c6de652144e12a3a857b99f36ea28a4e48059f0d3feedd,-0.0086278576471771808,82,-1,EXACT_ANALYTICAL,,,RQ4_U0_MEAN_CONTROL_v1.0,Banzhaf,ExactAnalyticalReference,True,,,,,COMPLETE,2a93d7b6a937ad9de8d0ac9298f66317fb5515d2152fa9795b8e78528239a2c8
U0,Banzhaf,rq4pl_e05ca12594d92d5ffa238e73d9c4d2d58648d44595cc4b742e4987827e6005ec,-0.010049906754320038,85,-1,EXACT_ANALYTICAL,,,RQ4_U0_MEAN_CONTROL_v1.0,Banzhaf,ExactAnalyticalReference,True,,,,,COMPLETE,2a93d7b6a937ad9de8d0ac9298f66317fb5515d2152fa9795b8e78528239a2c8
U0,Banzhaf,rq4pl_e4bd54fcbb4fa282dda7e8b52bd3f36cabb08cbbb872585c2cfde9ab6fb52bc3,0.0026986927251808185,21,1,EXACT_ANALYTICAL,,,RQ4_U0_MEAN_CONTROL_v1.0,Banzhaf,ExactAnalyticalReference,True,,,,,COMPLETE,2a93d7b6a937ad9de8d0ac9298f66317fb5515d2152fa9795b8e78528239a2c8
U0,Banzhaf,rq4pl_ec4768bbd656fe4efb8d2ea314eb11fe6a2ab4f58c0075100553b6cdaa76dc40,0.0014598774508256542,32,1,EXACT_ANALYTICAL,,,RQ4_U0_MEAN_CONTROL_v1.0,Banzhaf,ExactAnalyticalReference,True,,,,,COMPLETE,2a93d7b6a937ad9de8d0ac9298f66317fb5515d2152fa9795b8e78528239a2c8
U0,Banzhaf,rq4pl_f06a3f01fb3c07b5ede9269d49c7052b89b2a70e6ebeb1c9a9490a8445c53c66,-5.7144974325120361e-05,48,-1,EXACT_ANALYTICAL,,,RQ4_U0_MEAN_CONTROL_v1.0,Banzhaf,ExactAnalyticalReference,True,,,,,COMPLETE,2a93d7b6a937ad9de8d0ac9298f66317fb5515d2152fa9795b8e78528239a2c8
U0,Banzhaf,rq4pl_f283062986cf5795c7e0e29998d378d3595c96b782e6a134e7bc7955513b7bda,-0.0010729737186057511,58,-1,EXACT_ANALYTICAL,,,RQ4_U0_MEAN_CONTROL_v1.0,Banzhaf,ExactAnalyticalReference,True,,,,,COMPLETE,2a93d7b6a937ad9de8d0ac9298f66317fb5515d2152fa9795b8e78528239a2c8
U0,Banzhaf,rq4pl_f5199056462868814f42843c579cdd76cde8a2c78ce0473ab4111070b99d79ae,0.0025056120416281687,22,1,EXACT_ANALYTICAL,,,RQ4_U0_MEAN_CONTROL_v1.0,Banzhaf,ExactAnalyticalReference,True,,,,,COMPLETE,2a93d7b6a937ad9de8d0ac9298f66317fb5515d2152fa9795b8e78528239a2c8
U0,Banzhaf,rq4pl_f7a890ef24f1a183fda1bc7b51c391847589dc2ba49cbdc108238cd7c3f5de69,0.0044419086623466286,10,1,EXACT_ANALYTICAL,,,RQ4_U0_MEAN_CONTROL_v1.0,Banzhaf,ExactAnalyticalReference,True,,,,,COMPLETE,2a93d7b6a937ad9de8d0ac9298f66317fb5515d2152fa9795b8e78528239a2c8
U0,Banzhaf,rq4pl_f96533b8d21a3e2fdc49eee8d6249c15c50d1169ec3cbf289a9b206512db5095,0.00098291647539777574,38,1,EXACT_ANALYTICAL,,,RQ4_U0_MEAN_CONTROL_v1.0,Banzhaf,ExactAnalyticalReference,True,,,,,COMPLETE,2a93d7b6a937ad9de8d0ac9298f66317fb5515d2152fa9795b8e78528239a2c8
U0,Banzhaf,rq4pl_fb1bfc39fd90c2e580b66654de71236ee19ebcbd49a84453055e3de655354d7a,-0.0025760760995581344,68,-1,EXACT_ANALYTICAL,,,RQ4_U0_MEAN_CONTROL_v1.0,Banzhaf,ExactAnalyticalReference,True,,,,,COMPLETE,2a93d7b6a937ad9de8d0ac9298f66317fb5515d2152fa9795b8e78528239a2c8
U0,AME,rq4pl_0532a4cb6907f03e27619a0515bb2e6743c95c10734472fdf9b78259d4b7de0d,-0.0010469913080796329,59,-1,PRIMARY_BUDGET_FIVE_SEED_MEAN,0.00011311773766261943,0.0001264694754373026,RQ4_U0_MEAN_CONTROL_v1.0,AME,AME,False,1000,-0.0010469913080796329,"{'population_ddof0': 0.00011311773766261943, 'sample_ddof1': 0.0001264694754373026}",1,COMPLETE,2a93d7b6a937ad9de8d0ac9298f66317fb5515d2152fa9795b8e78528239a2c8
U0,AME,rq4pl_09be7cd9da11fbfb20ba616d65fb61ae0935d8c47abad11a95638192b4ab78a0,0.00020890409193484493,41,1,PRIMARY_BUDGET_FIVE_SEED_MEAN,0.00013451423189215803,0.00015039148322601773,RQ4_U0_MEAN_CONTROL_v1.0,AME,AME,False,1000,0.00020890409193484493,"{'population_ddof0': 0.00013451423189215803, 'sample_ddof1': 0.00015039148322601773}",0.80000000000000004,COMPLETE,2a93d7b6a937ad9de8d0ac9298f66317fb5515d2152fa9795b8e78528239a2c8
U0,AME,rq4pl_1a5ade7ebe21d184c51a0987dde4ae0f770fe7723ce0cbcc92a96f9caa08b59c,0.0028396086664167273,2,1,PRIMARY_BUDGET_FIVE_SEED_MEAN,0.00020461291858367943,0.00022876419751386858,RQ4_U0_MEAN_CONTROL_v1.0,AME,AME,False,1000,0.0028396086664167273,"{'population_ddof0': 0.00020461291858367943, 'sample_ddof1': 0.00022876419751386858}",1,COMPLETE,2a93d7b6a937ad9de8d0ac9298f66317fb5515d2152fa9795b8e78528239a2c8
U0,AME,rq4pl_1c77b9285da3e18e2c9d13b01da8a49b4cbd86cce0d8c763e1f8a0ca9cef0d5e,0.00013501209370298117,42,1,PRIMARY_BUDGET_FIVE_SEED_MEAN,0.00010429870205587079,0.00011660949388096207,RQ4_U0_MEAN_CONTROL_v1.0,AME,AME,False,1000,0.00013501209370298117,"{'population_ddof0': 0.00010429870205587079, 'sample_ddof1': 0.00011660949388096207}",0.80000000000000004,COMPLETE,2a93d7b6a937ad9de8d0ac9298f66317fb5515d2152fa9795b8e78528239a2c8
U0,AME,rq4pl_1d855e88db60ee7025904aa8a525479548a77e0d19058f0c53427d2ec1bb6f3c,-0.0032557122501148256,79,-1,PRIMARY_BUDGET_FIVE_SEED_MEAN,9.0282577106617676e-05,0.00010093898979713171,RQ4_U0_MEAN_CONTROL_v1.0,AME,AME,False,1000,-0.0032557122501148256,"{'population_ddof0': 9.028257710661768e-05, 'sample_ddof1': 0.00010093898979713171}",1,COMPLETE,2a93d7b6a937ad9de8d0ac9298f66317fb5515d2152fa9795b8e78528239a2c8
U0,AME,rq4pl_1f2b5330032d1122ed72a49f4c7e06d2316e19613ae92835c3fe7ce66f84ab95,0.00050403724569942612,36,1,PRIMARY_BUDGET_FIVE_SEED_MEAN,0.00029190552330702599,0.00032636029656107961,RQ4_U0_MEAN_CONTROL_v1.0,AME,AME,False,1000,0.00050403724569942612,"{'population_ddof0': 0.000291905523307026, 'sample_ddof1': 0.0003263602965610796}",1,COMPLETE,2a93d7b6a937ad9de8d0ac9298f66317fb5515d2152fa9795b8e78528239a2c8
U0,AME,rq4pl_1f86fa31dfb5e650fec3539a3b633361c0ebda9e1dc7bd7e87c23b6f17736f50,0.00056898111493753505,32,1,PRIMARY_BUDGET_FIVE_SEED_MEAN,0.00012112567540978438,0.00013542262201842627,RQ4_U0_MEAN_CONTROL_v1.0,AME,AME,False,1000,0.00056898111493753505,"{'population_ddof0': 0.00012112567540978438, 'sample_ddof1': 0.00013542262201842627}",1,COMPLETE,2a93d7b6a937ad9de8d0ac9298f66317fb5515d2152fa9795b8e78528239a2c8
U0,AME,rq4pl_22b714056fe11fe49d00762cbf5773eb347e2123ce6d7c7d1d4ca39a52741230,-0.00061709993230784548,55,-1,PRIMARY_BUDGET_FIVE_SEED_MEAN,0.00015998364809364501,0.00017886715621289744,RQ4_U0_MEAN_CONTROL_v1.0,AME,AME,False,1000,-0.00061709993230784548,"{'population_ddof0': 0.000159983648093645, 'sample_ddof1': 0.00017886715621289744}",1,COMPLETE,2a93d7b6a937ad9de8d0ac9298f66317fb5515d2152fa9795b8e78528239a2c8
U0,AME,rq4pl_23ffb5c653f6ba9ac74f29404ba77e8845182799e69694089a03d53c723437af,0.0011874521660414296,23,1,PRIMARY_BUDGET_FIVE_SEED_MEAN,0.00012485963529390077,0.00013959731608149703,RQ4_U0_MEAN_CONTROL_v1.0,AME,AME,False,1000,0.0011874521660414296,"{'population_ddof0': 0.00012485963529390077, 'sample_ddof1': 0.00013959731608149703}",1,COMPLETE,2a93d7b6a937ad9de8d0ac9298f66317fb5515d2152fa9795b8e78528239a2c8
U0,AME,rq4pl_27dcd03e1448e916a58694d8ccf2c59e967462e922b5a9649173125124677da2,0.0019464685838689873,12,1,PRIMARY_BUDGET_FIVE_SEED_MEAN,0.00019210880227467147,0.00021478417048111581,RQ4_U0_MEAN_CONTROL_v1.0,AME,AME,False,1000,0.0019464685838689873,"{'population_ddof0': 0.00019210880227467147, 'sample_ddof1': 0.0002147841704811158}",1,COMPLETE,2a93d7b6a937ad9de8d0ac9298f66317fb5515d2152fa9795b8e78528239a2c8
U0,AME,rq4pl_28057b23871b792d5ccae17cf7598818485d47433583896088c62b56a9e852b7,-0.0014005238288112246,66,-1,PRIMARY_BUDGET_FIVE_SEED_MEAN,0.00013483493701126103,0.00015075004244954098,RQ4_U0_MEAN_CONTROL_v1.0,AME,AME,False,1000,-0.0014005238288112246,"{'population_ddof0': 0.00013483493701126103, 'sample_ddof1': 0.00015075004244954098}",1,COMPLETE,2a93d7b6a937ad9de8d0ac9298f66317fb5515d2152fa9795b8e78528239a2c8
U0,AME,rq4pl_288ab04cc797e99e073777b2a2124b8734f384c4794cf8e4f20a68d6326a2997,-0.00089054070396166435,57,-1,PRIMARY_BUDGET_FIVE_SEED_MEAN,0.00012736153676672448,0.00014239452696461735,RQ4_U0_MEAN_CONTROL_v1.0,AME,AME,False,1000,-0.00089054070396166435,"{'population_ddof0': 0.00012736153676672448, 'sample_ddof1': 0.00014239452696461735}",1,COMPLETE,2a93d7b6a937ad9de8d0ac9298f66317fb5515d2152fa9795b8e78528239a2c8
U0,AME,rq4pl_2a3723e60ab1bcdd4b2d572f38d5508552f6451ef1c1856cddf4cd922cba0cfe,0.0010219529962602473,24,1,PRIMARY_BUDGET_FIVE_SEED_MEAN,0.0001769258524351892,0.00019780911651108988,RQ4_U0_MEAN_CONTROL_v1.0,AME,AME,False,1000,0.0010219529962602473,"{'population_ddof0': 0.0001769258524351892, 'sample_ddof1': 0.00019780911651108988}",1,COMPLETE,2a93d7b6a937ad9de8d0ac9298f66317fb5515d2152fa9795b8e78528239a2c8
U0,AME,rq4pl_2cb5c1217ab2b40aff5a474651095e3574ed7d53da1422b5ca6bc3a002543c50,-0.0010721090343108921,61,-1,PRIMARY_BUDGET_FIVE_SEED_MEAN,0.0001155249930889761,0.000129160868823572,RQ4_U0_MEAN_CONTROL_v1.0,AME,AME,False,1000,-0.0010721090343108921,"{'population_ddof0': 0.0001155249930889761, 'sample_ddof1': 0.000129160868823572}",1,COMPLETE,2a93d7b6a937ad9de8d0ac9298f66317fb5515d2152fa9795b8e78528239a2c8
U0,AME,rq4pl_2d8a206efdf69f46f6c09e1ca360dd0d276a4994d838e7c8089a6d654b88ffcb,-0.0013431148202374197,64,-1,PRIMARY_BUDGET_FIVE_SEED_MEAN,0.00011955537242817316,0.00013366696991234963,RQ4_U0_MEAN_CONTROL_v1.0,AME,AME,False,1000,-0.0013431148202374197,"{'population_ddof0': 0.00011955537242817316, 'sample_ddof1': 0.00013366696991234963}",1,COMPLETE,2a93d7b6a937ad9de8d0ac9298f66317fb5515d2152fa9795b8e78528239a2c8
U0,AME,rq4pl_2e80f039f040a45eb52235ab80a0277dbfffc4ed7ccbe651ee5041205d6d9761,0.00099645162908413285,25,1,PRIMARY_BUDGET_FIVE_SEED_MEAN,0.00020622770134889545,0.00023056957952982763,RQ4_U0_MEAN_CONTROL_v1.0,AME,AME,False,1000,0.00099645162908413285,"{'population_ddof0': 0.00020622770134889545, 'sample_ddof1': 0.00023056957952982763}",1,COMPLETE,2a93d7b6a937ad9de8d0ac9298f66317fb5515d2152fa9795b8e78528239a2c8
U0,AME,rq4pl_3dd18371f820e26ab096783ac0736dc77d4623cbe21c9f5f82fee13254f040ca,-7.3247195339253614e-05,45,-1,PRIMARY_BUDGET_FIVE_SEED_MEAN,0.00012023756077134327,0.00013442967966674279,RQ4_U0_MEAN_CONTROL_v1.0,AME,AME,False,1000,-7.3247195339253614e-05,"{'population_ddof0': 0.00012023756077134327, 'sample_ddof1': 0.0001344296796667428}",0.40000000000000002,COMPLETE,2a93d7b6a937ad9de8d0ac9298f66317fb5515d2152fa9795b8e78528239a2c8
U0,AME,rq4pl_3f9e12a328d8b46d330804866e951e97191cfa133ea3142d9ea9e5f8caf78255,-0.001824957548508634,70,-1,PRIMARY_BUDGET_FIVE_SEED_MEAN,0.00012390104762208238,0.00013852558248320744,RQ4_U0_MEAN_CONTROL_v1.0,AME,AME,False,1000,-0.001824957548508634,"{'population_ddof0': 0.00012390104762208238, 'sample_ddof1': 0.00013852558248320744}",1,COMPLETE,2a93d7b6a937ad9de8d0ac9298f66317fb5515d2152fa9795b8e78528239a2c8
U0,AME,rq4pl_4526181cef1978791c1b852517c9f484a85dc65e3d1a0ebcee60be0c6fcb4daa,-0.00028378853603116909,49,-1,PRIMARY_BUDGET_FIVE_SEED_MEAN,0.00010938716312074978,0.00012229856630192727,RQ4_U0_MEAN_CONTROL_v1.0,AME,AME,False,1000,-0.00028378853603116909,"{'population_ddof0': 0.00010938716312074978, 'sample_ddof1': 0.00012229856630192727}",1,COMPLETE,2a93d7b6a937ad9de8d0ac9298f66317fb5515d2152fa9795b8e78528239a2c8
U0,AME,rq4pl_49a0fe00384016bb5def3279c2c707dca67b361547be80fc15389ac9c17f494d,-0.004600102361136886,81,-1,PRIMARY_BUDGET_FIVE_SEED_MEAN,0.00013983655401470673,0.00015634202025810269,RQ4_U0_MEAN_CONTROL_v1.0,AME,AME,False,1000,-0.004600102361136886,"{'population_ddof0': 0.00013983655401470673, 'sample_ddof1': 0.0001563420202581027}",1,COMPLETE,2a93d7b6a937ad9de8d0ac9298f66317fb5515d2152fa9795b8e78528239a2c8
U0,AME,rq4pl_4e692c97ba95b2144be502eed69d3407185830e46bbcd157da519620b01d828a,-0.0031242026292084214,77,-1,PRIMARY_BUDGET_FIVE_SEED_MEAN,0.00010505384939795175,0.00011745377427592274,RQ4_U0_MEAN_CONTROL_v1.0,AME,AME,False,1000,-0.0031242026292084214,"{'population_ddof0': 0.00010505384939795175, 'sample_ddof1': 0.00011745377427592274}",1,COMPLETE,2a93d7b6a937ad9de8d0ac9298f66317fb5515d2152fa9795b8e78528239a2c8
U0,AME,rq4pl_5037fd384d5294abdbe4ffce392704458d08fb0bae3ab918a40d9910c7afaf76,0.00037320399939547817,38,1,PRIMARY_BUDGET_FIVE_SEED_MEAN,0.00012879690889308499,0.00014399932178839263,RQ4_U0_MEAN_CONTROL_v1.0,AME,AME,False,1000,0.00037320399939547817,"{'population_ddof0': 0.00012879690889308499, 'sample_ddof1': 0.00014399932178839263}",1,COMPLETE,2a93d7b6a937ad9de8d0ac9298f66317fb5515d2152fa9795b8e78528239a2c8
U0,AME,rq4pl_50b52f48539311562de5f2c4511a487f16b741151bdafdf9aea7e9ce3acd2edf,0.00088448890361110066,27,1,PRIMARY_BUDGET_FIVE_SEED_MEAN,9.6462086884553777e-05,0.00010784789176267657,RQ4_U0_MEAN_CONTROL_v1.0,AME,AME,False,1000,0.00088448890361110066,"{'population_ddof0': 9.646208688455378e-05, 'sample_ddof1': 0.00010784789176267657}",1,COMPLETE,2a93d7b6a937ad9de8d0ac9298f66317fb5515d2152fa9795b8e78528239a2c8
U0,AME,rq4pl_5184388a6f4710019ba3de190fa81206bc33d73d5cf9bdb1fb5ff0ab7aa78ce3,0.0026113947834528009,6,1,PRIMARY_BUDGET_FIVE_SEED_MEAN,0.00019446679329516265,0.000217420484587192,RQ4_U0_MEAN_CONTROL_v1.0,AME,AME,False,1000,0.0026113947834528009,"{'population_ddof0': 0.00019446679329516265, 'sample_ddof1': 0.000217420484587192}",1,COMPLETE,2a93d7b6a937ad9de8d0ac9298f66317fb5515d2152fa9795b8e78528239a2c8
U0,AME,rq4pl_528faab818aea81377a588b69617c8879424b2b7442ec09bcb9ed017ec4d6d3f,-3.9961213429026601e-05,44,-1,PRIMARY_BUDGET_FIVE_SEED_MEAN,0.00021657746973157332,0.00024214097235735054,RQ4_U0_MEAN_CONTROL_v1.0,AME,AME,False,1000,-3.9961213429026601e-05,"{'population_ddof0': 0.00021657746973157332, 'sample_ddof1': 0.00024214097235735054}",0.40000000000000002,COMPLETE,2a93d7b6a937ad9de8d0ac9298f66317fb5515d2152fa9795b8e78528239a2c8
U0,AME,rq4pl_531b9c0c619e4db6be919435fa31a4d082f65428f9aad61ca94aa5ea33f9e56d,-0.0021222199710333265,71,-1,PRIMARY_BUDGET_FIVE_SEED_MEAN,0.00013377928107313563,0.00014956978323029112,RQ4_U0_MEAN_CONTROL_v1.0,AME,AME,False,1000,-0.0021222199710333265,"{'population_ddof0': 0.00013377928107313563, 'sample_ddof1': 0.00014956978323029112}",1,COMPLETE,2a93d7b6a937ad9de8d0ac9298f66317fb5515d2152fa9795b8e78528239a2c8
U0,AME,rq4pl_53e992688a427d676f535b232d898de29ce10d56c38aa1dee766e4ae5bddcaa9,0.0019204790294536926,14,1,PRIMARY_BUDGET_FIVE_SEED_MEAN,9.5072190765064417e-05,0.00010629394066025589,RQ4_U0_MEAN_CONTROL_v1.0,AME,AME,False,1000,0.0019204790294536926,"{'population_ddof0': 9.507219076506442e-05, 'sample_ddof1': 0.00010629394066025589}",1,COMPLETE,2a93d7b6a937ad9de8d0ac9298f66317fb5515d2152fa9795b8e78528239a2c8
U0,AME,rq4pl_57ceee7a7bef5403fac868dcc505d822058df3cc9480a2a7d1878aed23af10b0,-0.00040421590103898608,51,-1,PRIMARY_BUDGET_FIVE_SEED_MEAN,0.00013854064519852312,0.00015489315015528878,RQ4_U0_MEAN_CONTROL_v1.0,AME,AME,False,1000,-0.00040421590103898608,"{'population_ddof0': 0.00013854064519852312, 'sample_ddof1': 0.00015489315015528878}",1,COMPLETE,2a93d7b6a937ad9de8d0ac9298f66317fb5515d2152fa9795b8e78528239a2c8
U0,AME,rq4pl_5a2258b978ff34e7af144229f99d6c44cb7181831e348fc5629dcc0d2355dedf,0.00072434487100827107,30,1,PRIMARY_BUDGET_FIVE_SEED_MEAN,0.00019796762519791835,0.00022133453364337282,RQ4_U0_MEAN_CONTROL_v1.0,AME,AME,False,1000,0.00072434487100827107,"{'population_ddof0': 0.00019796762519791835, 'sample_ddof1': 0.00022133453364337282}",1,COMPLETE,2a93d7b6a937ad9de8d0ac9298f66317fb5515d2152fa9795b8e78528239a2c8
U0,AME,rq4pl_5ce73c4684c24f08ee44c4a4b831aa3856cf226ede09c76a2fa3b1f295805d90,0.0012373967382487169,20,1,PRIMARY_BUDGET_FIVE_SEED_MEAN,0.00023406070334136358,0.00026168782176635058,RQ4_U0_MEAN_CONTROL_v1.0,AME,AME,False,1000,0.0012373967382487169,"{'population_ddof0': 0.00023406070334136358, 'sample_ddof1': 0.0002616878217663506}",1,COMPLETE,2a93d7b6a937ad9de8d0ac9298f66317fb5515d2152fa9795b8e78528239a2c8
U0,AME,rq4pl_5e6791ad491883687a106c94a0b9e41c52aabc86cfcfa05a9493431e840b60d0,0.0005105945285430217,34,1,PRIMARY_BUDGET_FIVE_SEED_MEAN,6.9554042521537213e-05,7.7763783594034041e-05,RQ4_U0_MEAN_CONTROL_v1.0,AME,AME,False,1000,0.0005105945285430217,"{'population_ddof0': 6.955404252153721e-05, 'sample_ddof1': 7.776378359403404e-05}",1,COMPLETE,2a93d7b6a937ad9de8d0ac9298f66317fb5515d2152fa9795b8e78528239a2c8
U0,AME,rq4pl_5ed0bb4c8d3c870a714d77e2173f6576e6fdb37d1b4aeb30a571a4f3358d0209,-0.0057184511897610544,84,-1,PRIMARY_BUDGET_FIVE_SEED_MEAN,0.00013910301651680218,0.00015552190040342287,RQ4_U0_MEAN_CONTROL_v1.0,AME,AME,False,1000,-0.0057184511897610544,"{'population_ddof0': 0.00013910301651680218, 'sample_ddof1': 0.00015552190040342287}",1,COMPLETE,2a93d7b6a937ad9de8d0ac9298f66317fb5515d2152fa9795b8e78528239a2c8
U0,AME,rq4pl_6214d02fd058209dcc56d1ae78ebd1fbb4e4cece516947fc2f4e8a164ee7ca01,-0.0003009430004562935,50,-1,PRIMARY_BUDGET_FIVE_SEED_MEAN,0.00021751917872684428,0.00024319383502157497,RQ4_U0_MEAN_CONTROL_v1.0,AME,AME,False,1000,-0.0003009430004562935,"{'population_ddof0': 0.00021751917872684428, 'sample_ddof1': 0.00024319383502157497}",1,COMPLETE,2a93d7b6a937ad9de8d0ac9298f66317fb5515d2152fa9795b8e78528239a2c8
U0,AME,rq4pl_66bed34f45b4b3060987b79b022e3235a654f463837eee2d7269ac7e4626729b,0.00079643628494320659,28,1,PRIMARY_BUDGET_FIVE_SEED_MEAN,5.6399200288255172e-05,6.3056222860582149e-05,RQ4_U0_MEAN_CONTROL_v1.0,AME,AME,False,1000,0.00079643628494320659,"{'population_ddof0': 5.639920028825517e-05, 'sample_ddof1': 6.305622286058215e-05}",1,COMPLETE,2a93d7b6a937ad9de8d0ac9298f66317fb5515d2152fa9795b8e78528239a2c8
U0,AME,rq4pl_6885d49a65f7468a688cb02159a3cd7b0b97e7bd82fdbd711c96b370284cd669,-0.0029458220640581983,76,-1,PRIMARY_BUDGET_FIVE_SEED_MEAN,8.3980660464626219e-05,9.3893232797116657e-05,RQ4_U0_MEAN_CONTROL_v1.0,AME,AME,False,1000,-0.0029458220640581983,"{'population_ddof0': 8.398066046462622e-05, 'sample_ddof1': 9.389323279711666e-05}",1,COMPLETE,2a93d7b6a937ad9de8d0ac9298f66317fb5515d2152fa9795b8e78528239a2c8
U0,AME,rq4pl_6d050112c2bb5784fe247e301c0e63d0f5b9d3b1b8fd618851ca9e9c2b78b867,0.003055137380574835,1,1,PRIMARY_BUDGET_FIVE_SEED_MEAN,0.00014400963884574633,0.00016100767093714158,RQ4_U0_MEAN_CONTROL_v1.0,AME,AME,False,1000,0.003055137380574835,"{'population_ddof0': 0.00014400963884574633, 'sample_ddof1': 0.00016100767093714158}",1,COMPLETE,2a93d7b6a937ad9de8d0ac9298f66317fb5515d2152fa9795b8e78528239a2c8
U0,AME,rq4pl_6e3dc67c674d01023007eb26f49f8c58bff8b7e8b7bea62d5909611192d8e970,-0.0013124109556192096,63,-1,PRIMARY_BUDGET_FIVE_SEED_MEAN,0.00014487002280147136,0.00016196960944301725,RQ4_U0_MEAN_CONTROL_v1.0,AME,AME,False,1000,-0.0013124109556192096,"{'population_ddof0': 0.00014487002280147136, 'sample_ddof1': 0.00016196960944301725}",1,COMPLETE,2a93d7b6a937ad9de8d0ac9298f66317fb5515d2152fa9795b8e78528239a2c8
U0,AME,rq4pl_704732b7282cac1f404ca502930d30fda9625a2af72f54afdac7dae6d25c7c54,0.00267027540794844,4,1,PRIMARY_BUDGET_FIVE_SEED_MEAN,4.4415124061413453e-05,4.9657618315203517e-05,RQ4_U0_MEAN_CONTROL_v1.0,AME,AME,False,1000,0.00267027540794844,"{'population_ddof0': 4.441512406141345e-05, 'sample_ddof1': 4.965761831520352e-05}",1,COMPLETE,2a93d7b6a937ad9de8d0ac9298f66317fb5515d2152fa9795b8e78528239a2c8
U0,AME,rq4pl_72dbce4ede6a34ce4cea21bd1569cc93f5bc5ec1ebf84e08d809d24bd83d3fb9,0.000270864192666332,40,1,PRIMARY_BUDGET_FIVE_SEED_MEAN,0.00016531261704394454,0.00018482512462432516,RQ4_U0_MEAN_CONTROL_v1.0,AME,AME,False,1000,0.000270864192666332,"{'population_ddof0': 0.00016531261704394454, 'sample_ddof1': 0.00018482512462432516}",1,COMPLETE,2a93d7b6a937ad9de8d0ac9298f66317fb5515d2152fa9795b8e78528239a2c8
U0,AME,rq4pl_737f80c3dfd06ade34ad2149c1577883c219fbfba517f469b0a93f44cece88a5,-2.2333036491967262e-05,43,-1,PRIMARY_BUDGET_FIVE_SEED_MEAN,0.00012315756643504572,0.00013769434524610436,RQ4_U0_MEAN_CONTROL_v1.0,AME,AME,False,1000,-2.2333036491967262e-05,"{'population_ddof0': 0.00012315756643504572, 'sample_ddof1': 0.00013769434524610436}",0.59999999999999998,COMPLETE,2a93d7b6a937ad9de8d0ac9298f66317fb5515d2152fa9795b8e78528239a2c8
U0,AME,rq4pl_74622e5219312fc5296f8223c2d0d0885f85bd2a8d8ba7ec66a80fa237016b97,-0.003170722826088517,78,-1,PRIMARY_BUDGET_FIVE_SEED_MEAN,0.00015616370006038446,0.00017459632447645385,RQ4_U0_MEAN_CONTROL_v1.0,AME,AME,False,1000,-0.003170722826088517,"{'population_ddof0': 0.00015616370006038446, 'sample_ddof1': 0.00017459632447645385}",1,COMPLETE,2a93d7b6a937ad9de8d0ac9298f66317fb5515d2152fa9795b8e78528239a2c8
U0,AME,rq4pl_751c80984b9439db6d959a253ef28d8ac8887109b64117f9e8ea128454eb21a9,0.00050865317455421675,35,1,PRIMARY_BUDGET_FIVE_SEED_MEAN,0.00015731320588991681,0.00017588151106413716,RQ4_U0_MEAN_CONTROL_v1.0,AME,AME,False,1000,0.00050865317455421675,"{'population_ddof0': 0.0001573132058899168, 'sample_ddof1': 0.00017588151106413716}",1,COMPLETE,2a93d7b6a937ad9de8d0ac9298f66317fb5515d2152fa9795b8e78528239a2c8
U0,AME,rq4pl_75cc85bb6c5b8925d272e917cc4dff9931194d33bba9d181181b84422284945c,0.0015754313852846349,17,1,PRIMARY_BUDGET_FIVE_SEED_MEAN,0.00019470280941965838,0.00021768435863627126,RQ4_U0_MEAN_CONTROL_v1.0,AME,AME,False,1000,0.0015754313852846349,"{'population_ddof0': 0.00019470280941965838, 'sample_ddof1': 0.00021768435863627126}",1,COMPLETE,2a93d7b6a937ad9de8d0ac9298f66317fb5515d2152fa9795b8e78528239a2c8
U0,AME,rq4pl_7f11a95cb3c782a07423244f0559dc07990186de3f2c3433ca7c031a299e1ed6,-0.0010540851398955732,60,-1,PRIMARY_BUDGET_FIVE_SEED_MEAN,0.00031794731623298875,0.00035547590618029265,RQ4_U0_MEAN_CONTROL_v1.0,AME,AME,False,1000,-0.0010540851398955732,"{'population_ddof0': 0.00031794731623298875, 'sample_ddof1': 0.00035547590618029265}",1,COMPLETE,2a93d7b6a937ad9de8d0ac9298f66317fb5515d2152fa9795b8e78528239a2c8
U0,AME,rq4pl_81944e8b070b792bee63c694afa6df24ae334bcec84fb750323b7010e5b89f0c,-0.0053643937570129266,83,-1,PRIMARY_BUDGET_FIVE_SEED_MEAN,0.00010460559485642175,0.0001169526104628807,RQ4_U0_MEAN_CONTROL_v1.0,AME,AME,False,1000,-0.0053643937570129266,"{'population_ddof0': 0.00010460559485642175, 'sample_ddof1': 0.0001169526104628807}",1,COMPLETE,2a93d7b6a937ad9de8d0ac9298f66317fb5515d2152fa9795b8e78528239a2c8
U0,AME,rq4pl_8418af3a52c899314f8cee1f68ef67042c14e244ec96f1651d6cf90adaf976e9,0.0022273558964750828,11,1,PRIMARY_BUDGET_FIVE_SEED_MEAN,0.0001043399941836914,0.00011665565988333333,RQ4_U0_MEAN_CONTROL_v1.0,AME,AME,False,1000,0.0022273558964750828,"{'population_ddof0': 0.0001043399941836914, 'sample_ddof1': 0.00011665565988333333}",1,COMPLETE,2a93d7b6a937ad9de8d0ac9298f66317fb5515d2152fa9795b8e78528239a2c8
U0,AME,rq4pl_873015599e1a61eaf581849d8f379b6279fe67f30b567aa06cb5672f7d93bb5b,-0.0017868556922888284,69,-1,PRIMARY_BUDGET_FIVE_SEED_MEAN,0.00021978900709688557,0.00024573158028790991,RQ4_U0_MEAN_CONTROL_v1.0,AME,AME,False,1000,-0.0017868556922888284,"{'population_ddof0': 0.00021978900709688557, 'sample_ddof1': 0.0002457315802879099}",1,COMPLETE,2a93d7b6a937ad9de8d0ac9298f66317fb5515d2152fa9795b8e78528239a2c8
U0,AME,rq4pl_8856b5958742c42b6b8b3285816039d964d4aa58cfbb750974ed3865743975d2,0.00058081058518743265,31,1,PRIMARY_BUDGET_FIVE_SEED_MEAN,8.5493591312797842e-05,9.5584740908000735e-05,RQ4_U0_MEAN_CONTROL_v1.0,AME,AME,False,1000,0.00058081058518743265,"{'population_ddof0': 8.549359131279784e-05, 'sample_ddof1': 9.558474090800073e-05}",1,COMPLETE,2a93d7b6a937ad9de8d0ac9298f66317fb5515d2152fa9795b8e78528239a2c8
U0,AME,rq4pl_8bfd3ead1ec4a765b15f2943774d78b22d2b5775e679545109e954a7ee722859,-0.002817666476134495,74,-1,PRIMARY_BUDGET_FIVE_SEED_MEAN,0.00015434189677959289,0.0001725594864877128,RQ4_U0_MEAN_CONTROL_v1.0,AME,AME,False,1000,-0.002817666476134495,"{'population_ddof0': 0.0001543418967795929, 'sample_ddof1': 0.0001725594864877128}",1,COMPLETE,2a93d7b6a937ad9de8d0ac9298f66317fb5515d2152fa9795b8e78528239a2c8
U0,AME,rq4pl_8f9e3c929255cb478c6971057add1a066e4d207215ff914c925dbac0a0764b2e,-0.00041421430958401423,52,-1,PRIMARY_BUDGET_FIVE_SEED_MEAN,0.00015081474067365217,0.00016861600607764434,RQ4_U0_MEAN_CONTROL_v1.0,AME,AME,False,1000,-0.00041421430958401423,"{'population_ddof0': 0.00015081474067365217, 'sample_ddof1': 0.00016861600607764434}",1,COMPLETE,2a93d7b6a937ad9de8d0ac9298f66317fb5515d2152fa9795b8e78528239a2c8
U0,AME,rq4pl_91b95ed1e9b13d6acbb09a43677fd72ded41f866d90394cda2a5ddb957e36d36,-0.0028871025940657505,75,-1,PRIMARY_BUDGET_FIVE_SEED_MEAN,0.00023934885821190447,0.0002676001586493886,RQ4_U0_MEAN_CONTROL_v1.0,AME,AME,False,1000,-0.0028871025940657505,"{'population_ddof0': 0.00023934885821190447, 'sample_ddof1': 0.0002676001586493886}",1,COMPLETE,2a93d7b6a937ad9de8d0ac9298f66317fb5515d2152fa9795b8e78528239a2c8
U0,AME,rq4pl_9716a8135adaa7ff5e78cd7aecee78cc286787b70d5f21f713826ded4b790aaa,-0.0013830762433453534,65,-1,PRIMARY_BUDGET_FIVE_SEED_MEAN,0.00010492885852504624,0.00011731403023173086,RQ4_U0_MEAN_CONTROL_v1.0,AME,AME,False,1000,-0.0013830762433453534,"{'population_ddof0': 0.00010492885852504624, 'sample_ddof1': 0.00011731403023173086}",1,COMPLETE,2a93d7b6a937ad9de8d0ac9298f66317fb5515d2152fa9795b8e78528239a2c8
U0,AME,rq4pl_9768f8f32c61c8a69c5c8756077724eeeef5d2cf4841e2d12e6d8181c2910438,0.0014064216343003411,19,1,PRIMARY_BUDGET_FIVE_SEED_MEAN,0.0001218737359377599,0.0001362589791143451,RQ4_U0_MEAN_CONTROL_v1.0,AME,AME,False,1000,0.0014064216343003411,"{'population_ddof0': 0.0001218737359377599, 'sample_ddof1': 0.0001362589791143451}",1,COMPLETE,2a93d7b6a937ad9de8d0ac9298f66317fb5515d2152fa9795b8e78528239a2c8
U0,AME,rq4pl_99654ddaf213d54232ef4d4124775aa57c181595de1c34c3e29845e83aa37d49,0.001928841515701367,13,1,PRIMARY_BUDGET_FIVE_SEED_MEAN,9.3373318920875103e-05,0.00010439454419592201,RQ4_U0_MEAN_CONTROL_v1.0,AME,AME,False,1000,0.001928841515701367,"{'population_ddof0': 9.33733189208751e-05, 'sample_ddof1': 0.00010439454419592201}",1,COMPLETE,2a93d7b6a937ad9de8d0ac9298f66317fb5515d2152fa9795b8e78528239a2c8
U0,AME,rq4pl_9d8d55b7ecd42bdf2bc5a4fa61d1e462b8d284af7c42aba26406dd2ddf39d05c,-0.0022750704812469361,73,-1,PRIMARY_BUDGET_FIVE_SEED_MEAN,0.00010473203319148846,0.00011709397281896621,RQ4_U0_MEAN_CONTROL_v1.0,AME,AME,False,1000,-0.0022750704812469361,"{'population_ddof0': 0.00010473203319148846, 'sample_ddof1': 0.00011709397281896621}",1,COMPLETE,2a93d7b6a937ad9de8d0ac9298f66317fb5515d2152fa9795b8e78528239a2c8
U0,AME,rq4pl_a1074f330e6553f0cefe25f45b2c70ebcbbea3786546914da7ddefc7e5e39d49,-0.000650769612255734,56,-1,PRIMARY_BUDGET_FIVE_SEED_MEAN,0.0001839747735115246,0.00020569004985844839,RQ4_U0_MEAN_CONTROL_v1.0,AME,AME,False,1000,-0.000650769612255734,"{'population_ddof0': 0.0001839747735115246, 'sample_ddof1': 0.0002056900498584484}",1,COMPLETE,2a93d7b6a937ad9de8d0ac9298f66317fb5515d2152fa9795b8e78528239a2c8
U0,AME,rq4pl_a9793baa644855553e8015d6a1b3d02070efe245762ffae94df09bd769cdcba2,0.0026626217999023093,5,1,PRIMARY_BUDGET_FIVE_SEED_MEAN,0.00010765507349455908,0.00012036203122828497,RQ4_U0_MEAN_CONTROL_v1.0,AME,AME,False,1000,0.0026626217999023093,"{'population_ddof0': 0.00010765507349455908, 'sample_ddof1': 0.00012036203122828497}",1,COMPLETE,2a93d7b6a937ad9de8d0ac9298f66317fb5515d2152fa9795b8e78528239a2c8
U0,AME,rq4pl_a9a9f8752e77fd422a9e11996f9c6ef7383c98dbd9fbbdefdd9ee2826a145f87,-0.0034278850423084652,80,-1,PRIMARY_BUDGET_FIVE_SEED_MEAN,0.00018335439520418475,0.00020499644582495927,RQ4_U0_MEAN_CONTROL_v1.0,AME,AME,False,1000,-0.0034278850423084652,"{'population_ddof0': 0.00018335439520418475, 'sample_ddof1': 0.00020499644582495927}",1,COMPLETE,2a93d7b6a937ad9de8d0ac9298f66317fb5515d2152fa9795b8e78528239a2c8
U0,AME,rq4pl_aafeaa0e17d1a236ab3d2a50b7c6ae0b1fad2ca480ec38ae3abc02cf28f07e57,0.00055127453283020426,33,1,PRIMARY_BUDGET_FIVE_SEED_MEAN,0.00024121319762432668,0.00026968455347904262,RQ4_U0_MEAN_CONTROL_v1.0,AME,AME,False,1000,0.00055127453283020426,"{'population_ddof0': 0.00024121319762432668, 'sample_ddof1': 0.0002696845534790426}",1,COMPLETE,2a93d7b6a937ad9de8d0ac9298f66317fb5515d2152fa9795b8e78528239a2c8
U0,AME,rq4pl_abccb2a01a9363ea2b127868d79a3d4d232a900f8b9c11f011fb7d0f3e58f6f5,0.0014927806953434792,18,1,PRIMARY_BUDGET_FIVE_SEED_MEAN,0.00025360265105772213,0.00028353638351961275,RQ4_U0_MEAN_CONTROL_v1.0,AME,AME,False,1000,0.0014927806953434792,"{'population_ddof0': 0.00025360265105772213, 'sample_ddof1': 0.00028353638351961275}",1,COMPLETE,2a93d7b6a937ad9de8d0ac9298f66317fb5515d2152fa9795b8e78528239a2c8
U0,AME,rq4pl_b453f91fa98c6b4bc6d049117656e8fe296ede0f009a6abfb6bf826a10c7b69f,-0.00016073656154228183,46,-1,PRIMARY_BUDGET_FIVE_SEED_MEAN,0.00013630710668315654,0.00015239597817992694,RQ4_U0_MEAN_CONTROL_v1.0,AME,AME,False,1000,-0.00016073656154228183,"{'population_ddof0': 0.00013630710668315654, 'sample_ddof1': 0.00015239597817992694}",0.80000000000000004,COMPLETE,2a93d7b6a937ad9de8d0ac9298f66317fb5515d2152fa9795b8e78528239a2c8
U0,AME,rq4pl_b594945677d01537de1189aa78917fab2bd6dabba146cd05a66184ddbd4b6d69,-0.0016076601773232745,67,-1,PRIMARY_BUDGET_FIVE_SEED_MEAN,9.6772586869340425e-05,0.00010819504129917437,RQ4_U0_MEAN_CONTROL_v1.0,AME,AME,False,1000,-0.0016076601773232745,"{'population_ddof0': 9.677258686934042e-05, 'sample_ddof1': 0.00010819504129917437}",1,COMPLETE,2a93d7b6a937ad9de8d0ac9298f66317fb5515d2152fa9795b8e78528239a2c8
U0,AME,rq4pl_b65281ddda280d90e9154f2cd65dc9f053001b6c6ee2440b3874b357418202a7,0.0019047151670645739,15,1,PRIMARY_BUDGET_FIVE_SEED_MEAN,0.00017990882632667009,0.00020114418270931905,RQ4_U0_MEAN_CONTROL_v1.0,AME,AME,False,1000,0.0019047151670645739,"{'population_ddof0': 0.0001799088263266701, 'sample_ddof1': 0.00020114418270931905}",1,COMPLETE,2a93d7b6a937ad9de8d0ac9298f66317fb5515d2152fa9795b8e78528239a2c8
U0,AME,rq4pl_bcfb0a9fdadc4fe473ea2d864a7d932ae5a2336b39487c0be1a3b3d5694bbe35,0.00039826752274118503,37,1,PRIMARY_BUDGET_FIVE_SEED_MEAN,0.00017733597342062856,0.00019826764571231068,RQ4_U0_MEAN_CONTROL_v1.0,AME,AME,False,1000,0.00039826752274118503,"{'population_ddof0': 0.00017733597342062856, 'sample_ddof1': 0.00019826764571231068}",1,COMPLETE,2a93d7b6a937ad9de8d0ac9298f66317fb5515d2152fa9795b8e78528239a2c8
U0,AME,rq4pl_bf99a403b1c9dfee592b4f101a1cc64d37e474df5c0ef6e34633edb95dace400,-0.00052946698781475841,53,-1,PRIMARY_BUDGET_FIVE_SEED_MEAN,0.00013019441685021863,0.00014556178318401647,RQ4_U0_MEAN_CONTROL_v1.0,AME,AME,False,1000,-0.00052946698781475841,"{'population_ddof0': 0.00013019441685021863, 'sample_ddof1': 0.00014556178318401647}",1,COMPLETE,2a93d7b6a937ad9de8d0ac9298f66317fb5515d2152fa9795b8e78528239a2c8
U0,AME,rq4pl_c1d8a9bfead19c50780def1c687d02f094e1ba4b78f034cf5f3af37ad6c6aa83,0.0027243021174646075,3,1,PRIMARY_BUDGET_FIVE_SEED_MEAN,0.00013001019639676824,0.00014535581845563601,RQ4_U0_MEAN_CONTROL_v1.0,AME,AME,False,1000,0.0027243021174646075,"{'population_ddof0': 0.00013001019639676824, 'sample_ddof1': 0.000145355818455636}",1,COMPLETE,2a93d7b6a937ad9de8d0ac9298f66317fb5515d2152fa9795b8e78528239a2c8
U0,AME,rq4pl_c44c57063c4095d7c5cba9f266f89308c3187577332638e14a2ac9352a3bcedc,0.0018302485905747727,16,1,PRIMARY_BUDGET_FIVE_SEED_MEAN,0.00010278197890050383,0.00011491374584173783,RQ4_U0_MEAN_CONTROL_v1.0,AME,AME,False,1000,0.0018302485905747727,"{'population_ddof0': 0.00010278197890050383, 'sample_ddof1': 0.00011491374584173783}",1,COMPLETE,2a93d7b6a937ad9de8d0ac9298f66317fb5515d2152fa9795b8e78528239a2c8
U0,AME,rq4pl_c50df2d0f34dccd5c6fd4c04df2554296de0951cfae153caf66c3d1b28edf2a5,-0.00023825010619180916,48,-1,PRIMARY_BUDGET_FIVE_SEED_MEAN,0.00010846945075105246,0.00012127253268070945,RQ4_U0_MEAN_CONTROL_v1.0,AME,AME,False,1000,-0.00023825010619180916,"{'population_ddof0': 0.00010846945075105246, 'sample_ddof1': 0.00012127253268070945}",1,COMPLETE,2a93d7b6a937ad9de8d0ac9298f66317fb5515d2152fa9795b8e78528239a2c8
U0,AME,rq4pl_cd34281667eacd7ba152507c2c178706fcec3377ca5e4e7a03e57d0afe4039cf,0.0023406468155226317,7,1,PRIMARY_BUDGET_FIVE_SEED_MEAN,0.00016199144920662638,0.00018111194609986048,RQ4_U0_MEAN_CONTROL_v1.0,AME,AME,False,1000,0.0023406468155226317,"{'population_ddof0': 0.00016199144920662638, 'sample_ddof1': 0.00018111194609986048}",1,COMPLETE,2a93d7b6a937ad9de8d0ac9298f66317fb5515d2152fa9795b8e78528239a2c8
U0,AME,rq4pl_d187d2566ae800dc511414b0bf0029f8d2abefaf8094e2056437ec93373a1302,-0.0021519593514159399,72,-1,PRIMARY_BUDGET_FIVE_SEED_MEAN,0.00017306032540225587,0.00019348732590383891,RQ4_U0_MEAN_CONTROL_v1.0,AME,AME,False,1000,-0.0021519593514159399,"{'population_ddof0': 0.00017306032540225587, 'sample_ddof1': 0.0001934873259038389}",1,COMPLETE,2a93d7b6a937ad9de8d0ac9298f66317fb5515d2152fa9795b8e78528239a2c8
U0,AME,rq4pl_d1f9fd6e3cdcde1fa8756288e24a1963811e664635bfe1c22e95c370eed88648,-0.00057701068573158261,54,-1,PRIMARY_BUDGET_FIVE_SEED_MEAN,0.00013812801282415114,0.00015443181313588232,RQ4_U0_MEAN_CONTROL_v1.0,AME,AME,False,1000,-0.00057701068573158261,"{'population_ddof0': 0.00013812801282415114, 'sample_ddof1': 0.00015443181313588232}",1,COMPLETE,2a93d7b6a937ad9de8d0ac9298f66317fb5515d2152fa9795b8e78528239a2c8
U0,AME,rq4pl_d4000a9d56e3e14c3e7e40a365bd148cb599b417a3a3cf16b73585515a81e23b,0.0022854765046157206,10,1,PRIMARY_BUDGET_FIVE_SEED_MEAN,0.00022422425873133218,0.00025069034236387973,RQ4_U0_MEAN_CONTROL_v1.0,AME,AME,False,1000,0.0022854765046157206,"{'population_ddof0': 0.00022422425873133218, 'sample_ddof1': 0.00025069034236387973}",1,COMPLETE,2a93d7b6a937ad9de8d0ac9298f66317fb5515d2152fa9795b8e78528239a2c8
U0,AME,rq4pl_d66b087b0e4957bdf0aafee5f81fa592b12fa633b7dc393d329e0222672b944b,0.00098043149584195596,26,1,PRIMARY_BUDGET_FIVE_SEED_MEAN,0.0001044708780821501,0.00011680199253039025,RQ4_U0_MEAN_CONTROL_v1.0,AME,AME,False,1000,0.00098043149584195596,"{'population_ddof0': 0.0001044708780821501, 'sample_ddof1': 0.00011680199253039025}",1,COMPLETE,2a93d7b6a937ad9de8d0ac9298f66317fb5515d2152fa9795b8e78528239a2c8
U0,AME,rq4pl_dbb38a3a562ab8c02a421b313352132a8954e8fe1fde0b346b91b568714e22b5,-0.0011594426988118865,62,-1,PRIMARY_BUDGET_FIVE_SEED_MEAN,0.00019277909526782877,0.00021553358082988656,RQ4_U0_MEAN_CONTROL_v1.0,AME,AME,False,1000,-0.0011594426988118865,"{'population_ddof0': 0.00019277909526782877, 'sample_ddof1': 0.00021553358082988656}",1,COMPLETE,2a93d7b6a937ad9de8d0ac9298f66317fb5515d2152fa9795b8e78528239a2c8
U0,AME,rq4pl_dd9c02a4f48d8522951eca749bbc246b9ba10de171f1f6810bf6cdbd5db9ba96,0.0023209597249512167,9,1,PRIMARY_BUDGET_FIVE_SEED_MEAN,0.00016870736332455795,0.00018862056634923324,RQ4_U0_MEAN_CONTROL_v1.0,AME,AME,False,1000,0.0023209597249512167,"{'population_ddof0': 0.00016870736332455795, 'sample_ddof1': 0.00018862056634923324}",1,COMPLETE,2a93d7b6a937ad9de8d0ac9298f66317fb5515d2152fa9795b8e78528239a2c8
U0,AME,rq4pl_ddded89f25c263e646c6de652144e12a3a857b99f36ea28a4e48059f0d3feedd,-0.0051546459092810856,82,-1,PRIMARY_BUDGET_FIVE_SEED_MEAN,0.00022896062881154196,0.00025598576509685232,RQ4_U0_MEAN_CONTROL_v1.0,AME,AME,False,1000,-0.0051546459092810856,"{'population_ddof0': 0.00022896062881154196, 'sample_ddof1': 0.0002559857650968523}",1,COMPLETE,2a93d7b6a937ad9de8d0ac9298f66317fb5515d2152fa9795b8e78528239a2c8
U0,AME,rq4pl_e05ca12594d92d5ffa238e73d9c4d2d58648d44595cc4b742e4987827e6005ec,-0.0058096841378002086,85,-1,PRIMARY_BUDGET_FIVE_SEED_MEAN,6.3400089882374096e-05,7.0883455378292561e-05,RQ4_U0_MEAN_CONTROL_v1.0,AME,AME,False,1000,-0.0058096841378002086,"{'population_ddof0': 6.34000898823741e-05, 'sample_ddof1': 7.088345537829256e-05}",1,COMPLETE,2a93d7b6a937ad9de8d0ac9298f66317fb5515d2152fa9795b8e78528239a2c8
U0,AME,rq4pl_e4bd54fcbb4fa282dda7e8b52bd3f36cabb08cbbb872585c2cfde9ab6fb52bc3,0.0012115287383721099,22,1,PRIMARY_BUDGET_FIVE_SEED_MEAN,0.00014113363471093831,0.00015779220056264098,RQ4_U0_MEAN_CONTROL_v1.0,AME,AME,False,1000,0.0012115287383721099,"{'population_ddof0': 0.0001411336347109383, 'sample_ddof1': 0.00015779220056264098}",1,COMPLETE,2a93d7b6a937ad9de8d0ac9298f66317fb5515d2152fa9795b8e78528239a2c8
U0,AME,rq4pl_ec4768bbd656fe4efb8d2ea314eb11fe6a2ab4f58c0075100553b6cdaa76dc40,0.00077081364415820548,29,1,PRIMARY_BUDGET_FIVE_SEED_MEAN,0.00014679063166511789,0.00016411691543166836,RQ4_U0_MEAN_CONTROL_v1.0,AME,AME,False,1000,0.00077081364415820548,"{'population_ddof0': 0.00014679063166511789, 'sample_ddof1': 0.00016411691543166836}",1,COMPLETE,2a93d7b6a937ad9de8d0ac9298f66317fb5515d2152fa9795b8e78528239a2c8
U0,AME,rq4pl_f06a3f01fb3c07b5ede9269d49c7052b89b2a70e6ebeb1c9a9490a8445c53c66,-0.00020752902476120217,47,-1,PRIMARY_BUDGET_FIVE_SEED_MEAN,9.9561374569094292e-05,0.00011131300073490684,RQ4_U0_MEAN_CONTROL_v1.0,AME,AME,False,1000,-0.00020752902476120217,"{'population_ddof0': 9.956137456909429e-05, 'sample_ddof1': 0.00011131300073490684}",1,COMPLETE,2a93d7b6a937ad9de8d0ac9298f66317fb5515d2152fa9795b8e78528239a2c8
U0,AME,rq4pl_f283062986cf5795c7e0e29998d378d3595c96b782e6a134e7bc7955513b7bda,-0.00096772185010302221,58,-1,PRIMARY_BUDGET_FIVE_SEED_MEAN,0.0001355613571454318,0.00015156220484965617,RQ4_U0_MEAN_CONTROL_v1.0,AME,AME,False,1000,-0.00096772185010302221,"{'population_ddof0': 0.0001355613571454318, 'sample_ddof1': 0.00015156220484965617}",1,COMPLETE,2a93d7b6a937ad9de8d0ac9298f66317fb5515d2152fa9795b8e78528239a2c8
U0,AME,rq4pl_f5199056462868814f42843c579cdd76cde8a2c78ce0473ab4111070b99d79ae,0.0012150664123895608,21,1,PRIMARY_BUDGET_FIVE_SEED_MEAN,0.00016996469667999751,0.00019002630777580364,RQ4_U0_MEAN_CONTROL_v1.0,AME,AME,False,1000,0.0012150664123895608,"{'population_ddof0': 0.0001699646966799975, 'sample_ddof1': 0.00019002630777580364}",1,COMPLETE,2a93d7b6a937ad9de8d0ac9298f66317fb5515d2152fa9795b8e78528239a2c8
U0,AME,rq4pl_f7a890ef24f1a183fda1bc7b51c391847589dc2ba49cbdc108238cd7c3f5de69,0.0023399126785023589,8,1,PRIMARY_BUDGET_FIVE_SEED_MEAN,8.9594527577269154e-05,0.0001001697270373767,RQ4_U0_MEAN_CONTROL_v1.0,AME,AME,False,1000,0.0023399126785023589,"{'population_ddof0': 8.959452757726915e-05, 'sample_ddof1': 0.0001001697270373767}",1,COMPLETE,2a93d7b6a937ad9de8d0ac9298f66317fb5515d2152fa9795b8e78528239a2c8
U0,AME,rq4pl_f96533b8d21a3e2fdc49eee8d6249c15c50d1169ec3cbf289a9b206512db5095,0.00033894937979511941,39,1,PRIMARY_BUDGET_FIVE_SEED_MEAN,0.00015000341228132524,0.00016770891335898502,RQ4_U0_MEAN_CONTROL_v1.0,AME,AME,False,1000,0.00033894937979511941,"{'population_ddof0': 0.00015000341228132524, 'sample_ddof1': 0.00016770891335898502}",1,COMPLETE,2a93d7b6a937ad9de8d0ac9298f66317fb5515d2152fa9795b8e78528239a2c8
U0,AME,rq4pl_fb1bfc39fd90c2e580b66654de71236ee19ebcbd49a84453055e3de655354d7a,-0.0016619317119045223,68,-1,PRIMARY_BUDGET_FIVE_SEED_MEAN,0.00012521376488341685,0.00013999324499899804,RQ4_U0_MEAN_CONTROL_v1.0,AME,AME,False,1000,-0.0016619317119045223,"{'population_ddof0': 0.00012521376488341685, 'sample_ddof1': 0.00013999324499899804}",1,COMPLETE,2a93d7b6a937ad9de8d0ac9298f66317fb5515d2152fa9795b8e78528239a2c8
