utility,rule,player_uid,primary_value,primary_rank,sign,source,seed_std_population,seed_std_sample,utility_condition_id,rule_id,estimator_id,is_exact,budget,seed_mean,seed_std,seed_sign_agreement,status,value_artifact_sha256
U1,StandaloneUtility,rq4pl_0532a4cb6907f03e27619a0515bb2e6743c95c10734472fdf9b78259d4b7de0d,0.65480006702727156,34,1,EXACT_ORACLE,,,RQ4_U1_CROSSFIT_FLOW_PREDICTIVE_v1.0,StandaloneUtility,StandaloneUtility,True,,,,,COMPLETE,2a93d7b6a937ad9de8d0ac9298f66317fb5515d2152fa9795b8e78528239a2c8
U1,StandaloneUtility,rq4pl_09be7cd9da11fbfb20ba616d65fb61ae0935d8c47abad11a95638192b4ab78a0,0.66083283175461127,21,1,EXACT_ORACLE,,,RQ4_U1_CROSSFIT_FLOW_PREDICTIVE_v1.0,StandaloneUtility,StandaloneUtility,True,,,,,COMPLETE,2a93d7b6a937ad9de8d0ac9298f66317fb5515d2152fa9795b8e78528239a2c8
U1,StandaloneUtility,rq4pl_1a5ade7ebe21d184c51a0987dde4ae0f770fe7723ce0cbcc92a96f9caa08b59c,0.60755355173646497,72,1,EXACT_ORACLE,,,RQ4_U1_CROSSFIT_FLOW_PREDICTIVE_v1.0,StandaloneUtility,StandaloneUtility,True,,,,,COMPLETE,2a93d7b6a937ad9de8d0ac9298f66317fb5515d2152fa9795b8e78528239a2c8
U1,StandaloneUtility,rq4pl_1c77b9285da3e18e2c9d13b01da8a49b4cbd86cce0d8c763e1f8a0ca9cef0d5e,0.6660563830675027,8,1,EXACT_ORACLE,,,RQ4_U1_CROSSFIT_FLOW_PREDICTIVE_v1.0,StandaloneUtility,StandaloneUtility,True,,,,,COMPLETE,2a93d7b6a937ad9de8d0ac9298f66317fb5515d2152fa9795b8e78528239a2c8
U1,StandaloneUtility,rq4pl_1d855e88db60ee7025904aa8a525479548a77e0d19058f0c53427d2ec1bb6f3c,0.57889303947234594,78,1,EXACT_ORACLE,,,RQ4_U1_CROSSFIT_FLOW_PREDICTIVE_v1.0,StandaloneUtility,StandaloneUtility,True,,,,,COMPLETE,2a93d7b6a937ad9de8d0ac9298f66317fb5515d2152fa9795b8e78528239a2c8
U1,StandaloneUtility,rq4pl_1f2b5330032d1122ed72a49f4c7e06d2316e19613ae92835c3fe7ce66f84ab95,0.66120685649953448,20,1,EXACT_ORACLE,,,RQ4_U1_CROSSFIT_FLOW_PREDICTIVE_v1.0,StandaloneUtility,StandaloneUtility,True,,,,,COMPLETE,2a93d7b6a937ad9de8d0ac9298f66317fb5515d2152fa9795b8e78528239a2c8
U1,StandaloneUtility,rq4pl_1f86fa31dfb5e650fec3539a3b633361c0ebda9e1dc7bd7e87c23b6f17736f50,0.66380819602075003,11,1,EXACT_ORACLE,,,RQ4_U1_CROSSFIT_FLOW_PREDICTIVE_v1.0,StandaloneUtility,StandaloneUtility,True,,,,,COMPLETE,2a93d7b6a937ad9de8d0ac9298f66317fb5515d2152fa9795b8e78528239a2c8
U1,StandaloneUtility,rq4pl_22b714056fe11fe49d00762cbf5773eb347e2123ce6d7c7d1d4ca39a52741230,0.65671393435151804,28,1,EXACT_ORACLE,,,RQ4_U1_CROSSFIT_FLOW_PREDICTIVE_v1.0,StandaloneUtility,StandaloneUtility,True,,,,,COMPLETE,2a93d7b6a937ad9de8d0ac9298f66317fb5515d2152fa9795b8e78528239a2c8
U1,StandaloneUtility,rq4pl_23ffb5c653f6ba9ac74f29404ba77e8845182799e69694089a03d53c723437af,0.6541508311181119,35,1,EXACT_ORACLE,,,RQ4_U1_CROSSFIT_FLOW_PREDICTIVE_v1.0,StandaloneUtility,StandaloneUtility,True,,,,,COMPLETE,2a93d7b6a937ad9de8d0ac9298f66317fb5515d2152fa9795b8e78528239a2c8
U1,StandaloneUtility,rq4pl_27dcd03e1448e916a58694d8ccf2c59e967462e922b5a9649173125124677da2,0.6473541255641273,48,1,EXACT_ORACLE,,,RQ4_U1_CROSSFIT_FLOW_PREDICTIVE_v1.0,StandaloneUtility,StandaloneUtility,True,,,,,COMPLETE,2a93d7b6a937ad9de8d0ac9298f66317fb5515d2152fa9795b8e78528239a2c8
U1,StandaloneUtility,rq4pl_28057b23871b792d5ccae17cf7598818485d47433583896088c62b56a9e852b7,0.65271039610545745,41,1,EXACT_ORACLE,,,RQ4_U1_CROSSFIT_FLOW_PREDICTIVE_v1.0,StandaloneUtility,StandaloneUtility,True,,,,,COMPLETE,2a93d7b6a937ad9de8d0ac9298f66317fb5515d2152fa9795b8e78528239a2c8
U1,StandaloneUtility,rq4pl_288ab04cc797e99e073777b2a2124b8734f384c4794cf8e4f20a68d6326a2997,0.65584451514202924,31,1,EXACT_ORACLE,,,RQ4_U1_CROSSFIT_FLOW_PREDICTIVE_v1.0,StandaloneUtility,StandaloneUtility,True,,,,,COMPLETE,2a93d7b6a937ad9de8d0ac9298f66317fb5515d2152fa9795b8e78528239a2c8
U1,StandaloneUtility,rq4pl_2a3723e60ab1bcdd4b2d572f38d5508552f6451ef1c1856cddf4cd922cba0cfe,0.65743375920083869,26,1,EXACT_ORACLE,,,RQ4_U1_CROSSFIT_FLOW_PREDICTIVE_v1.0,StandaloneUtility,StandaloneUtility,True,,,,,COMPLETE,2a93d7b6a937ad9de8d0ac9298f66317fb5515d2152fa9795b8e78528239a2c8
U1,StandaloneUtility,rq4pl_2cb5c1217ab2b40aff5a474651095e3574ed7d53da1422b5ca6bc3a002543c50,0.65169788090455338,42,1,EXACT_ORACLE,,,RQ4_U1_CROSSFIT_FLOW_PREDICTIVE_v1.0,StandaloneUtility,StandaloneUtility,True,,,,,COMPLETE,2a93d7b6a937ad9de8d0ac9298f66317fb5515d2152fa9795b8e78528239a2c8
U1,StandaloneUtility,rq4pl_2d8a206efdf69f46f6c09e1ca360dd0d276a4994d838e7c8089a6d654b88ffcb,0.64561932777671693,51,1,EXACT_ORACLE,,,RQ4_U1_CROSSFIT_FLOW_PREDICTIVE_v1.0,StandaloneUtility,StandaloneUtility,True,,,,,COMPLETE,2a93d7b6a937ad9de8d0ac9298f66317fb5515d2152fa9795b8e78528239a2c8
U1,StandaloneUtility,rq4pl_2e80f039f040a45eb52235ab80a0277dbfffc4ed7ccbe651ee5041205d6d9761,0.68293284546870936,2,1,EXACT_ORACLE,,,RQ4_U1_CROSSFIT_FLOW_PREDICTIVE_v1.0,StandaloneUtility,StandaloneUtility,True,,,,,COMPLETE,2a93d7b6a937ad9de8d0ac9298f66317fb5515d2152fa9795b8e78528239a2c8
U1,StandaloneUtility,rq4pl_3dd18371f820e26ab096783ac0736dc77d4623cbe21c9f5f82fee13254f040ca,0.66233602267283709,14,1,EXACT_ORACLE,,,RQ4_U1_CROSSFIT_FLOW_PREDICTIVE_v1.0,StandaloneUtility,StandaloneUtility,True,,,,,COMPLETE,2a93d7b6a937ad9de8d0ac9298f66317fb5515d2152fa9795b8e78528239a2c8
U1,StandaloneUtility,rq4pl_3f9e12a328d8b46d330804866e951e97191cfa133ea3142d9ea9e5f8caf78255,0.63122238988608192,61,1,EXACT_ORACLE,,,RQ4_U1_CROSSFIT_FLOW_PREDICTIVE_v1.0,StandaloneUtility,StandaloneUtility,True,,,,,COMPLETE,2a93d7b6a937ad9de8d0ac9298f66317fb5515d2152fa9795b8e78528239a2c8
U1,StandaloneUtility,rq4pl_4526181cef1978791c1b852517c9f484a85dc65e3d1a0ebcee60be0c6fcb4daa,0.65621122739310511,29,1,EXACT_ORACLE,,,RQ4_U1_CROSSFIT_FLOW_PREDICTIVE_v1.0,StandaloneUtility,StandaloneUtility,True,,,,,COMPLETE,2a93d7b6a937ad9de8d0ac9298f66317fb5515d2152fa9795b8e78528239a2c8
U1,StandaloneUtility,rq4pl_49a0fe00384016bb5def3279c2c707dca67b361547be80fc15389ac9c17f494d,0.51853255797438602,81,1,EXACT_ORACLE,,,RQ4_U1_CROSSFIT_FLOW_PREDICTIVE_v1.0,StandaloneUtility,StandaloneUtility,True,,,,,COMPLETE,2a93d7b6a937ad9de8d0ac9298f66317fb5515d2152fa9795b8e78528239a2c8
U1,StandaloneUtility,rq4pl_4e692c97ba95b2144be502eed69d3407185830e46bbcd157da519620b01d828a,0.58349399366677146,77,1,EXACT_ORACLE,,,RQ4_U1_CROSSFIT_FLOW_PREDICTIVE_v1.0,StandaloneUtility,StandaloneUtility,True,,,,,COMPLETE,2a93d7b6a937ad9de8d0ac9298f66317fb5515d2152fa9795b8e78528239a2c8
U1,StandaloneUtility,rq4pl_5037fd384d5294abdbe4ffce392704458d08fb0bae3ab918a40d9910c7afaf76,0.66125158352414615,19,1,EXACT_ORACLE,,,RQ4_U1_CROSSFIT_FLOW_PREDICTIVE_v1.0,StandaloneUtility,StandaloneUtility,True,,,,,COMPLETE,2a93d7b6a937ad9de8d0ac9298f66317fb5515d2152fa9795b8e78528239a2c8
U1,StandaloneUtility,rq4pl_50b52f48539311562de5f2c4511a487f16b741151bdafdf9aea7e9ce3acd2edf,0.68571899938699488,1,1,EXACT_ORACLE,,,RQ4_U1_CROSSFIT_FLOW_PREDICTIVE_v1.0,StandaloneUtility,StandaloneUtility,True,,,,,COMPLETE,2a93d7b6a937ad9de8d0ac9298f66317fb5515d2152fa9795b8e78528239a2c8
U1,StandaloneUtility,rq4pl_5184388a6f4710019ba3de190fa81206bc33d73d5cf9bdb1fb5ff0ab7aa78ce3,0.62242354221691654,67,1,EXACT_ORACLE,,,RQ4_U1_CROSSFIT_FLOW_PREDICTIVE_v1.0,StandaloneUtility,StandaloneUtility,True,,,,,COMPLETE,2a93d7b6a937ad9de8d0ac9298f66317fb5515d2152fa9795b8e78528239a2c8
U1,StandaloneUtility,rq4pl_528faab818aea81377a588b69617c8879424b2b7442ec09bcb9ed017ec4d6d3f,0.66811434940145153,4,1,EXACT_ORACLE,,,RQ4_U1_CROSSFIT_FLOW_PREDICTIVE_v1.0,StandaloneUtility,StandaloneUtility,True,,,,,COMPLETE,2a93d7b6a937ad9de8d0ac9298f66317fb5515d2152fa9795b8e78528239a2c8
U1,StandaloneUtility,rq4pl_531b9c0c619e4db6be919435fa31a4d082f65428f9aad61ca94aa5ea33f9e56d,0.64106832582565498,55,1,EXACT_ORACLE,,,RQ4_U1_CROSSFIT_FLOW_PREDICTIVE_v1.0,StandaloneUtility,StandaloneUtility,True,,,,,COMPLETE,2a93d7b6a937ad9de8d0ac9298f66317fb5515d2152fa9795b8e78528239a2c8
U1,StandaloneUtility,rq4pl_53e992688a427d676f535b232d898de29ce10d56c38aa1dee766e4ae5bddcaa9,0.63525765041922733,59,1,EXACT_ORACLE,,,RQ4_U1_CROSSFIT_FLOW_PREDICTIVE_v1.0,StandaloneUtility,StandaloneUtility,True,,,,,COMPLETE,2a93d7b6a937ad9de8d0ac9298f66317fb5515d2152fa9795b8e78528239a2c8
U1,StandaloneUtility,rq4pl_57ceee7a7bef5403fac868dcc505d822058df3cc9480a2a7d1878aed23af10b0,0.65760969387204427,24,1,EXACT_ORACLE,,,RQ4_U1_CROSSFIT_FLOW_PREDICTIVE_v1.0,StandaloneUtility,StandaloneUtility,True,,,,,COMPLETE,2a93d7b6a937ad9de8d0ac9298f66317fb5515d2152fa9795b8e78528239a2c8
U1,StandaloneUtility,rq4pl_5a2258b978ff34e7af144229f99d6c44cb7181831e348fc5629dcc0d2355dedf,0.66245438017515756,13,1,EXACT_ORACLE,,,RQ4_U1_CROSSFIT_FLOW_PREDICTIVE_v1.0,StandaloneUtility,StandaloneUtility,True,,,,,COMPLETE,2a93d7b6a937ad9de8d0ac9298f66317fb5515d2152fa9795b8e78528239a2c8
U1,StandaloneUtility,rq4pl_5ce73c4684c24f08ee44c4a4b831aa3856cf226ede09c76a2fa3b1f295805d90,0.65555664579976025,32,1,EXACT_ORACLE,,,RQ4_U1_CROSSFIT_FLOW_PREDICTIVE_v1.0,StandaloneUtility,StandaloneUtility,True,,,,,COMPLETE,2a93d7b6a937ad9de8d0ac9298f66317fb5515d2152fa9795b8e78528239a2c8
U1,StandaloneUtility,rq4pl_5e6791ad491883687a106c94a0b9e41c52aabc86cfcfa05a9493431e840b60d0,0.65325103390109496,40,1,EXACT_ORACLE,,,RQ4_U1_CROSSFIT_FLOW_PREDICTIVE_v1.0,StandaloneUtility,StandaloneUtility,True,,,,,COMPLETE,2a93d7b6a937ad9de8d0ac9298f66317fb5515d2152fa9795b8e78528239a2c8
U1,StandaloneUtility,rq4pl_5ed0bb4c8d3c870a714d77e2173f6576e6fdb37d1b4aeb30a571a4f3358d0209,0.44181683976830122,84,1,EXACT_ORACLE,,,RQ4_U1_CROSSFIT_FLOW_PREDICTIVE_v1.0,StandaloneUtility,StandaloneUtility,True,,,,,COMPLETE,2a93d7b6a937ad9de8d0ac9298f66317fb5515d2152fa9795b8e78528239a2c8
U1,StandaloneUtility,rq4pl_6214d02fd058209dcc56d1ae78ebd1fbb4e4cece516947fc2f4e8a164ee7ca01,0.65752108048086932,25,1,EXACT_ORACLE,,,RQ4_U1_CROSSFIT_FLOW_PREDICTIVE_v1.0,StandaloneUtility,StandaloneUtility,True,,,,,COMPLETE,2a93d7b6a937ad9de8d0ac9298f66317fb5515d2152fa9795b8e78528239a2c8
U1,StandaloneUtility,rq4pl_66bed34f45b4b3060987b79b022e3235a654f463837eee2d7269ac7e4626729b,0.65061909049099387,44,1,EXACT_ORACLE,,,RQ4_U1_CROSSFIT_FLOW_PREDICTIVE_v1.0,StandaloneUtility,StandaloneUtility,True,,,,,COMPLETE,2a93d7b6a937ad9de8d0ac9298f66317fb5515d2152fa9795b8e78528239a2c8
U1,StandaloneUtility,rq4pl_6885d49a65f7468a688cb02159a3cd7b0b97e7bd82fdbd711c96b370284cd669,0.58605459952445671,76,1,EXACT_ORACLE,,,RQ4_U1_CROSSFIT_FLOW_PREDICTIVE_v1.0,StandaloneUtility,StandaloneUtility,True,,,,,COMPLETE,2a93d7b6a937ad9de8d0ac9298f66317fb5515d2152fa9795b8e78528239a2c8
U1,StandaloneUtility,rq4pl_6d050112c2bb5784fe247e301c0e63d0f5b9d3b1b8fd618851ca9e9c2b78b867,0.59513582810971255,74,1,EXACT_ORACLE,,,RQ4_U1_CROSSFIT_FLOW_PREDICTIVE_v1.0,StandaloneUtility,StandaloneUtility,True,,,,,COMPLETE,2a93d7b6a937ad9de8d0ac9298f66317fb5515d2152fa9795b8e78528239a2c8
U1,StandaloneUtility,rq4pl_6e3dc67c674d01023007eb26f49f8c58bff8b7e8b7bea62d5909611192d8e970,0.64649844425397152,50,1,EXACT_ORACLE,,,RQ4_U1_CROSSFIT_FLOW_PREDICTIVE_v1.0,StandaloneUtility,StandaloneUtility,True,,,,,COMPLETE,2a93d7b6a937ad9de8d0ac9298f66317fb5515d2152fa9795b8e78528239a2c8
U1,StandaloneUtility,rq4pl_704732b7282cac1f404ca502930d30fda9625a2af72f54afdac7dae6d25c7c54,0.60923683972297249,71,1,EXACT_ORACLE,,,RQ4_U1_CROSSFIT_FLOW_PREDICTIVE_v1.0,StandaloneUtility,StandaloneUtility,True,,,,,COMPLETE,2a93d7b6a937ad9de8d0ac9298f66317fb5515d2152fa9795b8e78528239a2c8
U1,StandaloneUtility,rq4pl_72dbce4ede6a34ce4cea21bd1569cc93f5bc5ec1ebf84e08d809d24bd83d3fb9,0.66628410578546848,7,1,EXACT_ORACLE,,,RQ4_U1_CROSSFIT_FLOW_PREDICTIVE_v1.0,StandaloneUtility,StandaloneUtility,True,,,,,COMPLETE,2a93d7b6a937ad9de8d0ac9298f66317fb5515d2152fa9795b8e78528239a2c8
U1,StandaloneUtility,rq4pl_737f80c3dfd06ade34ad2149c1577883c219fbfba517f469b0a93f44cece88a5,0.66517958741168537,9,1,EXACT_ORACLE,,,RQ4_U1_CROSSFIT_FLOW_PREDICTIVE_v1.0,StandaloneUtility,StandaloneUtility,True,,,,,COMPLETE,2a93d7b6a937ad9de8d0ac9298f66317fb5515d2152fa9795b8e78528239a2c8
U1,StandaloneUtility,rq4pl_74622e5219312fc5296f8223c2d0d0885f85bd2a8d8ba7ec66a80fa237016b97,0.57000768887164222,80,1,EXACT_ORACLE,,,RQ4_U1_CROSSFIT_FLOW_PREDICTIVE_v1.0,StandaloneUtility,StandaloneUtility,True,,,,,COMPLETE,2a93d7b6a937ad9de8d0ac9298f66317fb5515d2152fa9795b8e78528239a2c8
U1,StandaloneUtility,rq4pl_751c80984b9439db6d959a253ef28d8ac8887109b64117f9e8ea128454eb21a9,0.66429187715984228,10,1,EXACT_ORACLE,,,RQ4_U1_CROSSFIT_FLOW_PREDICTIVE_v1.0,StandaloneUtility,StandaloneUtility,True,,,,,COMPLETE,2a93d7b6a937ad9de8d0ac9298f66317fb5515d2152fa9795b8e78528239a2c8
U1,StandaloneUtility,rq4pl_75cc85bb6c5b8925d272e917cc4dff9931194d33bba9d181181b84422284945c,0.64373515070056564,52,1,EXACT_ORACLE,,,RQ4_U1_CROSSFIT_FLOW_PREDICTIVE_v1.0,StandaloneUtility,StandaloneUtility,True,,,,,COMPLETE,2a93d7b6a937ad9de8d0ac9298f66317fb5515d2152fa9795b8e78528239a2c8
U1,StandaloneUtility,rq4pl_7f11a95cb3c782a07423244f0559dc07990186de3f2c3433ca7c031a299e1ed6,0.65499989364683453,33,1,EXACT_ORACLE,,,RQ4_U1_CROSSFIT_FLOW_PREDICTIVE_v1.0,StandaloneUtility,StandaloneUtility,True,,,,,COMPLETE,2a93d7b6a937ad9de8d0ac9298f66317fb5515d2152fa9795b8e78528239a2c8
U1,StandaloneUtility,rq4pl_81944e8b070b792bee63c694afa6df24ae334bcec84fb750323b7010e5b89f0c,0.45528281012272787,83,1,EXACT_ORACLE,,,RQ4_U1_CROSSFIT_FLOW_PREDICTIVE_v1.0,StandaloneUtility,StandaloneUtility,True,,,,,COMPLETE,2a93d7b6a937ad9de8d0ac9298f66317fb5515d2152fa9795b8e78528239a2c8
U1,StandaloneUtility,rq4pl_8418af3a52c899314f8cee1f68ef67042c14e244ec96f1651d6cf90adaf976e9,0.62292613866082391,66,1,EXACT_ORACLE,,,RQ4_U1_CROSSFIT_FLOW_PREDICTIVE_v1.0,StandaloneUtility,StandaloneUtility,True,,,,,COMPLETE,2a93d7b6a937ad9de8d0ac9298f66317fb5515d2152fa9795b8e78528239a2c8
U1,StandaloneUtility,rq4pl_873015599e1a61eaf581849d8f379b6279fe67f30b567aa06cb5672f7d93bb5b,0.6410844932036478,54,1,EXACT_ORACLE,,,RQ4_U1_CROSSFIT_FLOW_PREDICTIVE_v1.0,StandaloneUtility,StandaloneUtility,True,,,,,COMPLETE,2a93d7b6a937ad9de8d0ac9298f66317fb5515d2152fa9795b8e78528239a2c8
U1,StandaloneUtility,rq4pl_8856b5958742c42b6b8b3285816039d964d4aa58cfbb750974ed3865743975d2,0.66172832418646299,18,1,EXACT_ORACLE,,,RQ4_U1_CROSSFIT_FLOW_PREDICTIVE_v1.0,StandaloneUtility,StandaloneUtility,True,,,,,COMPLETE,2a93d7b6a937ad9de8d0ac9298f66317fb5515d2152fa9795b8e78528239a2c8
U1,StandaloneUtility,rq4pl_8bfd3ead1ec4a765b15f2943774d78b22d2b5775e679545109e954a7ee722859,0.58986663355262581,75,1,EXACT_ORACLE,,,RQ4_U1_CROSSFIT_FLOW_PREDICTIVE_v1.0,StandaloneUtility,StandaloneUtility,True,,,,,COMPLETE,2a93d7b6a937ad9de8d0ac9298f66317fb5515d2152fa9795b8e78528239a2c8
U1,StandaloneUtility,rq4pl_8f9e3c929255cb478c6971057add1a066e4d207215ff914c925dbac0a0764b2e,0.66071202539575236,22,1,EXACT_ORACLE,,,RQ4_U1_CROSSFIT_FLOW_PREDICTIVE_v1.0,StandaloneUtility,StandaloneUtility,True,,,,,COMPLETE,2a93d7b6a937ad9de8d0ac9298f66317fb5515d2152fa9795b8e78528239a2c8
U1,StandaloneUtility,rq4pl_91b95ed1e9b13d6acbb09a43677fd72ded41f866d90394cda2a5ddb957e36d36,0.60968971043501075,70,1,EXACT_ORACLE,,,RQ4_U1_CROSSFIT_FLOW_PREDICTIVE_v1.0,StandaloneUtility,StandaloneUtility,True,,,,,COMPLETE,2a93d7b6a937ad9de8d0ac9298f66317fb5515d2152fa9795b8e78528239a2c8
U1,StandaloneUtility,rq4pl_9716a8135adaa7ff5e78cd7aecee78cc286787b70d5f21f713826ded4b790aaa,0.64677873939069896,49,1,EXACT_ORACLE,,,RQ4_U1_CROSSFIT_FLOW_PREDICTIVE_v1.0,StandaloneUtility,StandaloneUtility,True,,,,,COMPLETE,2a93d7b6a937ad9de8d0ac9298f66317fb5515d2152fa9795b8e78528239a2c8
U1,StandaloneUtility,rq4pl_9768f8f32c61c8a69c5c8756077724eeeef5d2cf4841e2d12e6d8181c2910438,0.65057447356471354,45,1,EXACT_ORACLE,,,RQ4_U1_CROSSFIT_FLOW_PREDICTIVE_v1.0,StandaloneUtility,StandaloneUtility,True,,,,,COMPLETE,2a93d7b6a937ad9de8d0ac9298f66317fb5515d2152fa9795b8e78528239a2c8
U1,StandaloneUtility,rq4pl_99654ddaf213d54232ef4d4124775aa57c181595de1c34c3e29845e83aa37d49,0.63537254106308827,58,1,EXACT_ORACLE,,,RQ4_U1_CROSSFIT_FLOW_PREDICTIVE_v1.0,StandaloneUtility,StandaloneUtility,True,,,,,COMPLETE,2a93d7b6a937ad9de8d0ac9298f66317fb5515d2152fa9795b8e78528239a2c8
U1,StandaloneUtility,rq4pl_9d8d55b7ecd42bdf2bc5a4fa61d1e462b8d284af7c42aba26406dd2ddf39d05c,0.60374130061452624,73,1,EXACT_ORACLE,,,RQ4_U1_CROSSFIT_FLOW_PREDICTIVE_v1.0,StandaloneUtility,StandaloneUtility,True,,,,,COMPLETE,2a93d7b6a937ad9de8d0ac9298f66317fb5515d2152fa9795b8e78528239a2c8
U1,StandaloneUtility,rq4pl_a1074f330e6553f0cefe25f45b2c70ebcbbea3786546914da7ddefc7e5e39d49,0.65332866628364827,39,1,EXACT_ORACLE,,,RQ4_U1_CROSSFIT_FLOW_PREDICTIVE_v1.0,StandaloneUtility,StandaloneUtility,True,,,,,COMPLETE,2a93d7b6a937ad9de8d0ac9298f66317fb5515d2152fa9795b8e78528239a2c8
U1,StandaloneUtility,rq4pl_a9793baa644855553e8015d6a1b3d02070efe245762ffae94df09bd769cdcba2,0.61167099801177405,69,1,EXACT_ORACLE,,,RQ4_U1_CROSSFIT_FLOW_PREDICTIVE_v1.0,StandaloneUtility,StandaloneUtility,True,,,,,COMPLETE,2a93d7b6a937ad9de8d0ac9298f66317fb5515d2152fa9795b8e78528239a2c8
U1,StandaloneUtility,rq4pl_a9a9f8752e77fd422a9e11996f9c6ef7383c98dbd9fbbdefdd9ee2826a145f87,0.57316462694441928,79,1,EXACT_ORACLE,,,RQ4_U1_CROSSFIT_FLOW_PREDICTIVE_v1.0,StandaloneUtility,StandaloneUtility,True,,,,,COMPLETE,2a93d7b6a937ad9de8d0ac9298f66317fb5515d2152fa9795b8e78528239a2c8
U1,StandaloneUtility,rq4pl_aafeaa0e17d1a236ab3d2a50b7c6ae0b1fad2ca480ec38ae3abc02cf28f07e57,0.66189630409488875,16,1,EXACT_ORACLE,,,RQ4_U1_CROSSFIT_FLOW_PREDICTIVE_v1.0,StandaloneUtility,StandaloneUtility,True,,,,,COMPLETE,2a93d7b6a937ad9de8d0ac9298f66317fb5515d2152fa9795b8e78528239a2c8
U1,StandaloneUtility,rq4pl_abccb2a01a9363ea2b127868d79a3d4d232a900f8b9c11f011fb7d0f3e58f6f5,0.64931570016214368,46,1,EXACT_ORACLE,,,RQ4_U1_CROSSFIT_FLOW_PREDICTIVE_v1.0,StandaloneUtility,StandaloneUtility,True,,,,,COMPLETE,2a93d7b6a937ad9de8d0ac9298f66317fb5515d2152fa9795b8e78528239a2c8
U1,StandaloneUtility,rq4pl_b453f91fa98c6b4bc6d049117656e8fe296ede0f009a6abfb6bf826a10c7b69f,0.66327020080638754,12,1,EXACT_ORACLE,,,RQ4_U1_CROSSFIT_FLOW_PREDICTIVE_v1.0,StandaloneUtility,StandaloneUtility,True,,,,,COMPLETE,2a93d7b6a937ad9de8d0ac9298f66317fb5515d2152fa9795b8e78528239a2c8
U1,StandaloneUtility,rq4pl_b594945677d01537de1189aa78917fab2bd6dabba146cd05a66184ddbd4b6d69,0.64267735824339156,53,1,EXACT_ORACLE,,,RQ4_U1_CROSSFIT_FLOW_PREDICTIVE_v1.0,StandaloneUtility,StandaloneUtility,True,,,,,COMPLETE,2a93d7b6a937ad9de8d0ac9298f66317fb5515d2152fa9795b8e78528239a2c8
U1,StandaloneUtility,rq4pl_b65281ddda280d90e9154f2cd65dc9f053001b6c6ee2440b3874b357418202a7,0.63856938627592053,56,1,EXACT_ORACLE,,,RQ4_U1_CROSSFIT_FLOW_PREDICTIVE_v1.0,StandaloneUtility,StandaloneUtility,True,,,,,COMPLETE,2a93d7b6a937ad9de8d0ac9298f66317fb5515d2152fa9795b8e78528239a2c8
U1,StandaloneUtility,rq4pl_bcfb0a9fdadc4fe473ea2d864a7d932ae5a2336b39487c0be1a3b3d5694bbe35,0.66653661811078002,6,1,EXACT_ORACLE,,,RQ4_U1_CROSSFIT_FLOW_PREDICTIVE_v1.0,StandaloneUtility,StandaloneUtility,True,,,,,COMPLETE,2a93d7b6a937ad9de8d0ac9298f66317fb5515d2152fa9795b8e78528239a2c8
U1,StandaloneUtility,rq4pl_bf99a403b1c9dfee592b4f101a1cc64d37e474df5c0ef6e34633edb95dace400,0.65355882994096126,38,1,EXACT_ORACLE,,,RQ4_U1_CROSSFIT_FLOW_PREDICTIVE_v1.0,StandaloneUtility,StandaloneUtility,True,,,,,COMPLETE,2a93d7b6a937ad9de8d0ac9298f66317fb5515d2152fa9795b8e78528239a2c8
U1,StandaloneUtility,rq4pl_c1d8a9bfead19c50780def1c687d02f094e1ba4b78f034cf5f3af37ad6c6aa83,0.63081981570429779,62,1,EXACT_ORACLE,,,RQ4_U1_CROSSFIT_FLOW_PREDICTIVE_v1.0,StandaloneUtility,StandaloneUtility,True,,,,,COMPLETE,2a93d7b6a937ad9de8d0ac9298f66317fb5515d2152fa9795b8e78528239a2c8
U1,StandaloneUtility,rq4pl_c44c57063c4095d7c5cba9f266f89308c3187577332638e14a2ac9352a3bcedc,0.63709294822182705,57,1,EXACT_ORACLE,,,RQ4_U1_CROSSFIT_FLOW_PREDICTIVE_v1.0,StandaloneUtility,StandaloneUtility,True,,,,,COMPLETE,2a93d7b6a937ad9de8d0ac9298f66317fb5515d2152fa9795b8e78528239a2c8
U1,StandaloneUtility,rq4pl_c50df2d0f34dccd5c6fd4c04df2554296de0951cfae153caf66c3d1b28edf2a5,0.66809796944933442,5,1,EXACT_ORACLE,,,RQ4_U1_CROSSFIT_FLOW_PREDICTIVE_v1.0,StandaloneUtility,StandaloneUtility,True,,,,,COMPLETE,2a93d7b6a937ad9de8d0ac9298f66317fb5515d2152fa9795b8e78528239a2c8
U1,StandaloneUtility,rq4pl_cd34281667eacd7ba152507c2c178706fcec3377ca5e4e7a03e57d0afe4039cf,0.65588295938170371,30,1,EXACT_ORACLE,,,RQ4_U1_CROSSFIT_FLOW_PREDICTIVE_v1.0,StandaloneUtility,StandaloneUtility,True,,,,,COMPLETE,2a93d7b6a937ad9de8d0ac9298f66317fb5515d2152fa9795b8e78528239a2c8
U1,StandaloneUtility,rq4pl_d187d2566ae800dc511414b0bf0029f8d2abefaf8094e2056437ec93373a1302,0.62455388499002529,64,1,EXACT_ORACLE,,,RQ4_U1_CROSSFIT_FLOW_PREDICTIVE_v1.0,StandaloneUtility,StandaloneUtility,True,,,,,COMPLETE,2a93d7b6a937ad9de8d0ac9298f66317fb5515d2152fa9795b8e78528239a2c8
U1,StandaloneUtility,rq4pl_d1f9fd6e3cdcde1fa8756288e24a1963811e664635bfe1c22e95c370eed88648,0.64864446351012217,47,1,EXACT_ORACLE,,,RQ4_U1_CROSSFIT_FLOW_PREDICTIVE_v1.0,StandaloneUtility,StandaloneUtility,True,,,,,COMPLETE,2a93d7b6a937ad9de8d0ac9298f66317fb5515d2152fa9795b8e78528239a2c8
U1,StandaloneUtility,rq4pl_d4000a9d56e3e14c3e7e40a365bd148cb599b417a3a3cf16b73585515a81e23b,0.62866111041546568,63,1,EXACT_ORACLE,,,RQ4_U1_CROSSFIT_FLOW_PREDICTIVE_v1.0,StandaloneUtility,StandaloneUtility,True,,,,,COMPLETE,2a93d7b6a937ad9de8d0ac9298f66317fb5515d2152fa9795b8e78528239a2c8
U1,StandaloneUtility,rq4pl_d66b087b0e4957bdf0aafee5f81fa592b12fa633b7dc393d329e0222672b944b,0.66178405732942258,17,1,EXACT_ORACLE,,,RQ4_U1_CROSSFIT_FLOW_PREDICTIVE_v1.0,StandaloneUtility,StandaloneUtility,True,,,,,COMPLETE,2a93d7b6a937ad9de8d0ac9298f66317fb5515d2152fa9795b8e78528239a2c8
U1,StandaloneUtility,rq4pl_dbb38a3a562ab8c02a421b313352132a8954e8fe1fde0b346b91b568714e22b5,0.6571878450336669,27,1,EXACT_ORACLE,,,RQ4_U1_CROSSFIT_FLOW_PREDICTIVE_v1.0,StandaloneUtility,StandaloneUtility,True,,,,,COMPLETE,2a93d7b6a937ad9de8d0ac9298f66317fb5515d2152fa9795b8e78528239a2c8
U1,StandaloneUtility,rq4pl_dd9c02a4f48d8522951eca749bbc246b9ba10de171f1f6810bf6cdbd5db9ba96,0.61908475386980366,68,1,EXACT_ORACLE,,,RQ4_U1_CROSSFIT_FLOW_PREDICTIVE_v1.0,StandaloneUtility,StandaloneUtility,True,,,,,COMPLETE,2a93d7b6a937ad9de8d0ac9298f66317fb5515d2152fa9795b8e78528239a2c8
U1,StandaloneUtility,rq4pl_ddded89f25c263e646c6de652144e12a3a857b99f36ea28a4e48059f0d3feedd,0.47561474484923399,82,1,EXACT_ORACLE,,,RQ4_U1_CROSSFIT_FLOW_PREDICTIVE_v1.0,StandaloneUtility,StandaloneUtility,True,,,,,COMPLETE,2a93d7b6a937ad9de8d0ac9298f66317fb5515d2152fa9795b8e78528239a2c8
U1,StandaloneUtility,rq4pl_e05ca12594d92d5ffa238e73d9c4d2d58648d44595cc4b742e4987827e6005ec,0.42771997355975194,85,1,EXACT_ORACLE,,,RQ4_U1_CROSSFIT_FLOW_PREDICTIVE_v1.0,StandaloneUtility,StandaloneUtility,True,,,,,COMPLETE,2a93d7b6a937ad9de8d0ac9298f66317fb5515d2152fa9795b8e78528239a2c8
U1,StandaloneUtility,rq4pl_e4bd54fcbb4fa282dda7e8b52bd3f36cabb08cbbb872585c2cfde9ab6fb52bc3,0.65944999216421374,23,1,EXACT_ORACLE,,,RQ4_U1_CROSSFIT_FLOW_PREDICTIVE_v1.0,StandaloneUtility,StandaloneUtility,True,,,,,COMPLETE,2a93d7b6a937ad9de8d0ac9298f66317fb5515d2152fa9795b8e78528239a2c8
U1,StandaloneUtility,rq4pl_ec4768bbd656fe4efb8d2ea314eb11fe6a2ab4f58c0075100553b6cdaa76dc40,0.6806317021963928,3,1,EXACT_ORACLE,,,RQ4_U1_CROSSFIT_FLOW_PREDICTIVE_v1.0,StandaloneUtility,StandaloneUtility,True,,,,,COMPLETE,2a93d7b6a937ad9de8d0ac9298f66317fb5515d2152fa9795b8e78528239a2c8
U1,StandaloneUtility,rq4pl_f06a3f01fb3c07b5ede9269d49c7052b89b2a70e6ebeb1c9a9490a8445c53c66,0.65356930904526489,37,1,EXACT_ORACLE,,,RQ4_U1_CROSSFIT_FLOW_PREDICTIVE_v1.0,StandaloneUtility,StandaloneUtility,True,,,,,COMPLETE,2a93d7b6a937ad9de8d0ac9298f66317fb5515d2152fa9795b8e78528239a2c8
U1,StandaloneUtility,rq4pl_f283062986cf5795c7e0e29998d378d3595c96b782e6a134e7bc7955513b7bda,0.65151831466924914,43,1,EXACT_ORACLE,,,RQ4_U1_CROSSFIT_FLOW_PREDICTIVE_v1.0,StandaloneUtility,StandaloneUtility,True,,,,,COMPLETE,2a93d7b6a937ad9de8d0ac9298f66317fb5515d2152fa9795b8e78528239a2c8
U1,StandaloneUtility,rq4pl_f5199056462868814f42843c579cdd76cde8a2c78ce0473ab4111070b99d79ae,0.65402501283233727,36,1,EXACT_ORACLE,,,RQ4_U1_CROSSFIT_FLOW_PREDICTIVE_v1.0,StandaloneUtility,StandaloneUtility,True,,,,,COMPLETE,2a93d7b6a937ad9de8d0ac9298f66317fb5515d2152fa9795b8e78528239a2c8
U1,StandaloneUtility,rq4pl_f7a890ef24f1a183fda1bc7b51c391847589dc2ba49cbdc108238cd7c3f5de69,0.62304594172505079,65,1,EXACT_ORACLE,,,RQ4_U1_CROSSFIT_FLOW_PREDICTIVE_v1.0,StandaloneUtility,StandaloneUtility,True,,,,,COMPLETE,2a93d7b6a937ad9de8d0ac9298f66317fb5515d2152fa9795b8e78528239a2c8
U1,StandaloneUtility,rq4pl_f96533b8d21a3e2fdc49eee8d6249c15c50d1169ec3cbf289a9b206512db5095,0.66199136987016516,15,1,EXACT_ORACLE,,,RQ4_U1_CROSSFIT_FLOW_PREDICTIVE_v1.0,StandaloneUtility,StandaloneUtility,True,,,,,COMPLETE,2a93d7b6a937ad9de8d0ac9298f66317fb5515d2152fa9795b8e78528239a2c8
U1,StandaloneUtility,rq4pl_fb1bfc39fd90c2e580b66654de71236ee19ebcbd49a84453055e3de655354d7a,0.63141363544381979,60,1,EXACT_ORACLE,,,RQ4_U1_CROSSFIT_FLOW_PREDICTIVE_v1.0,StandaloneUtility,StandaloneUtility,True,,,,,COMPLETE,2a93d7b6a937ad9de8d0ac9298f66317fb5515d2152fa9795b8e78528239a2c8
U1,LeaveOneOut,rq4pl_0532a4cb6907f03e27619a0515bb2e6743c95c10734472fdf9b78259d4b7de0d,0.00017858127919267996,21,1,EXACT_ORACLE,,,RQ4_U1_CROSSFIT_FLOW_PREDICTIVE_v1.0,LeaveOneOut,LeaveOneOut,True,,,,,COMPLETE,2a93d7b6a937ad9de8d0ac9298f66317fb5515d2152fa9795b8e78528239a2c8
U1,LeaveOneOut,rq4pl_09be7cd9da11fbfb20ba616d65fb61ae0935d8c47abad11a95638192b4ab78a0,1.865639460840729e-05,46,1,EXACT_ORACLE,,,RQ4_U1_CROSSFIT_FLOW_PREDICTIVE_v1.0,LeaveOneOut,LeaveOneOut,True,,,,,COMPLETE,2a93d7b6a937ad9de8d0ac9298f66317fb5515d2152fa9795b8e78528239a2c8
U1,LeaveOneOut,rq4pl_1a5ade7ebe21d184c51a0987dde4ae0f770fe7723ce0cbcc92a96f9caa08b59c,-7.6372894638243594e-05,63,-1,EXACT_ORACLE,,,RQ4_U1_CROSSFIT_FLOW_PREDICTIVE_v1.0,LeaveOneOut,LeaveOneOut,True,,,,,COMPLETE,2a93d7b6a937ad9de8d0ac9298f66317fb5515d2152fa9795b8e78528239a2c8
U1,LeaveOneOut,rq4pl_1c77b9285da3e18e2c9d13b01da8a49b4cbd86cce0d8c763e1f8a0ca9cef0d5e,3.0177507898465628e-05,43,1,EXACT_ORACLE,,,RQ4_U1_CROSSFIT_FLOW_PREDICTIVE_v1.0,LeaveOneOut,LeaveOneOut,True,,,,,COMPLETE,2a93d7b6a937ad9de8d0ac9298f66317fb5515d2152fa9795b8e78528239a2c8
U1,LeaveOneOut,rq4pl_1d855e88db60ee7025904aa8a525479548a77e0d19058f0c53427d2ec1bb6f3c,5.7986845234392348e-05,36,1,EXACT_ORACLE,,,RQ4_U1_CROSSFIT_FLOW_PREDICTIVE_v1.0,LeaveOneOut,LeaveOneOut,True,,,,,COMPLETE,2a93d7b6a937ad9de8d0ac9298f66317fb5515d2152fa9795b8e78528239a2c8
U1,LeaveOneOut,rq4pl_1f2b5330032d1122ed72a49f4c7e06d2316e19613ae92835c3fe7ce66f84ab95,-5.7139654230375925e-06,52,-1,EXACT_ORACLE,,,RQ4_U1_CROSSFIT_FLOW_PREDICTIVE_v1.0,LeaveOneOut,LeaveOneOut,True,,,,,COMPLETE,2a93d7b6a937ad9de8d0ac9298f66317fb5515d2152fa9795b8e78528239a2c8
U1,LeaveOneOut,rq4pl_1f86fa31dfb5e650fec3539a3b633361c0ebda9e1dc7bd7e87c23b6f17736f50,4.7408901222567579e-05,39,1,EXACT_ORACLE,,,RQ4_U1_CROSSFIT_FLOW_PREDICTIVE_v1.0,LeaveOneOut,LeaveOneOut,True,,,,,COMPLETE,2a93d7b6a937ad9de8d0ac9298f66317fb5515d2152fa9795b8e78528239a2c8
U1,LeaveOneOut,rq4pl_22b714056fe11fe49d00762cbf5773eb347e2123ce6d7c7d1d4ca39a52741230,9.9682552357038823e-05,29,1,EXACT_ORACLE,,,RQ4_U1_CROSSFIT_FLOW_PREDICTIVE_v1.0,LeaveOneOut,LeaveOneOut,True,,,,,COMPLETE,2a93d7b6a937ad9de8d0ac9298f66317fb5515d2152fa9795b8e78528239a2c8
U1,LeaveOneOut,rq4pl_23ffb5c653f6ba9ac74f29404ba77e8845182799e69694089a03d53c723437af,-8.5020002679847551e-05,64,-1,EXACT_ORACLE,,,RQ4_U1_CROSSFIT_FLOW_PREDICTIVE_v1.0,LeaveOneOut,LeaveOneOut,True,,,,,COMPLETE,2a93d7b6a937ad9de8d0ac9298f66317fb5515d2152fa9795b8e78528239a2c8
U1,LeaveOneOut,rq4pl_27dcd03e1448e916a58694d8ccf2c59e967462e922b5a9649173125124677da2,-0.00012164635763745046,65,-1,EXACT_ORACLE,,,RQ4_U1_CROSSFIT_FLOW_PREDICTIVE_v1.0,LeaveOneOut,LeaveOneOut,True,,,,,COMPLETE,2a93d7b6a937ad9de8d0ac9298f66317fb5515d2152fa9795b8e78528239a2c8
U1,LeaveOneOut,rq4pl_28057b23871b792d5ccae17cf7598818485d47433583896088c62b56a9e852b7,0.00026192374166222887,12,1,EXACT_ORACLE,,,RQ4_U1_CROSSFIT_FLOW_PREDICTIVE_v1.0,LeaveOneOut,LeaveOneOut,True,,,,,COMPLETE,2a93d7b6a937ad9de8d0ac9298f66317fb5515d2152fa9795b8e78528239a2c8
U1,LeaveOneOut,rq4pl_288ab04cc797e99e073777b2a2124b8734f384c4794cf8e4f20a68d6326a2997,0.0001904666008324396,19,1,EXACT_ORACLE,,,RQ4_U1_CROSSFIT_FLOW_PREDICTIVE_v1.0,LeaveOneOut,LeaveOneOut,True,,,,,COMPLETE,2a93d7b6a937ad9de8d0ac9298f66317fb5515d2152fa9795b8e78528239a2c8
U1,LeaveOneOut,rq4pl_2a3723e60ab1bcdd4b2d572f38d5508552f6451ef1c1856cddf4cd922cba0cfe,5.3084605456166223e-05,37,1,EXACT_ORACLE,,,RQ4_U1_CROSSFIT_FLOW_PREDICTIVE_v1.0,LeaveOneOut,LeaveOneOut,True,,,,,COMPLETE,2a93d7b6a937ad9de8d0ac9298f66317fb5515d2152fa9795b8e78528239a2c8
U1,LeaveOneOut,rq4pl_2cb5c1217ab2b40aff5a474651095e3574ed7d53da1422b5ca6bc3a002543c50,1.0351772450678531e-05,49,1,EXACT_ORACLE,,,RQ4_U1_CROSSFIT_FLOW_PREDICTIVE_v1.0,LeaveOneOut,LeaveOneOut,True,,,,,COMPLETE,2a93d7b6a937ad9de8d0ac9298f66317fb5515d2152fa9795b8e78528239a2c8
U1,LeaveOneOut,rq4pl_2d8a206efdf69f46f6c09e1ca360dd0d276a4994d838e7c8089a6d654b88ffcb,-4.1609198105918566e-05,59,-1,EXACT_ORACLE,,,RQ4_U1_CROSSFIT_FLOW_PREDICTIVE_v1.0,LeaveOneOut,LeaveOneOut,True,,,,,COMPLETE,2a93d7b6a937ad9de8d0ac9298f66317fb5515d2152fa9795b8e78528239a2c8
U1,LeaveOneOut,rq4pl_2e80f039f040a45eb52235ab80a0277dbfffc4ed7ccbe651ee5041205d6d9761,0.00066778716142490424,8,1,EXACT_ORACLE,,,RQ4_U1_CROSSFIT_FLOW_PREDICTIVE_v1.0,LeaveOneOut,LeaveOneOut,True,,,,,COMPLETE,2a93d7b6a937ad9de8d0ac9298f66317fb5515d2152fa9795b8e78528239a2c8
U1,LeaveOneOut,rq4pl_3dd18371f820e26ab096783ac0736dc77d4623cbe21c9f5f82fee13254f040ca,0.00019111767499302434,18,1,EXACT_ORACLE,,,RQ4_U1_CROSSFIT_FLOW_PREDICTIVE_v1.0,LeaveOneOut,LeaveOneOut,True,,,,,COMPLETE,2a93d7b6a937ad9de8d0ac9298f66317fb5515d2152fa9795b8e78528239a2c8
U1,LeaveOneOut,rq4pl_3f9e12a328d8b46d330804866e951e97191cfa133ea3142d9ea9e5f8caf78255,-6.8891554453331949e-05,62,-1,EXACT_ORACLE,,,RQ4_U1_CROSSFIT_FLOW_PREDICTIVE_v1.0,LeaveOneOut,LeaveOneOut,True,,,,,COMPLETE,2a93d7b6a937ad9de8d0ac9298f66317fb5515d2152fa9795b8e78528239a2c8
U1,LeaveOneOut,rq4pl_4526181cef1978791c1b852517c9f484a85dc65e3d1a0ebcee60be0c6fcb4daa,0.00013598720671692544,26,1,EXACT_ORACLE,,,RQ4_U1_CROSSFIT_FLOW_PREDICTIVE_v1.0,LeaveOneOut,LeaveOneOut,True,,,,,COMPLETE,2a93d7b6a937ad9de8d0ac9298f66317fb5515d2152fa9795b8e78528239a2c8
U1,LeaveOneOut,rq4pl_49a0fe00384016bb5def3279c2c707dca67b361547be80fc15389ac9c17f494d,0.00081456850687777749,7,1,EXACT_ORACLE,,,RQ4_U1_CROSSFIT_FLOW_PREDICTIVE_v1.0,LeaveOneOut,LeaveOneOut,True,,,,,COMPLETE,2a93d7b6a937ad9de8d0ac9298f66317fb5515d2152fa9795b8e78528239a2c8
U1,LeaveOneOut,rq4pl_4e692c97ba95b2144be502eed69d3407185830e46bbcd157da519620b01d828a,0.00089927732342209854,6,1,EXACT_ORACLE,,,RQ4_U1_CROSSFIT_FLOW_PREDICTIVE_v1.0,LeaveOneOut,LeaveOneOut,True,,,,,COMPLETE,2a93d7b6a937ad9de8d0ac9298f66317fb5515d2152fa9795b8e78528239a2c8
U1,LeaveOneOut,rq4pl_5037fd384d5294abdbe4ffce392704458d08fb0bae3ab918a40d9910c7afaf76,5.8749093558518872e-05,35,1,EXACT_ORACLE,,,RQ4_U1_CROSSFIT_FLOW_PREDICTIVE_v1.0,LeaveOneOut,LeaveOneOut,True,,,,,COMPLETE,2a93d7b6a937ad9de8d0ac9298f66317fb5515d2152fa9795b8e78528239a2c8
U1,LeaveOneOut,rq4pl_50b52f48539311562de5f2c4511a487f16b741151bdafdf9aea7e9ce3acd2edf,0.00065240431828850198,9,1,EXACT_ORACLE,,,RQ4_U1_CROSSFIT_FLOW_PREDICTIVE_v1.0,LeaveOneOut,LeaveOneOut,True,,,,,COMPLETE,2a93d7b6a937ad9de8d0ac9298f66317fb5515d2152fa9795b8e78528239a2c8
U1,LeaveOneOut,rq4pl_5184388a6f4710019ba3de190fa81206bc33d73d5cf9bdb1fb5ff0ab7aa78ce3,-1.0941344865789127e-05,55,-1,EXACT_ORACLE,,,RQ4_U1_CROSSFIT_FLOW_PREDICTIVE_v1.0,LeaveOneOut,LeaveOneOut,True,,,,,COMPLETE,2a93d7b6a937ad9de8d0ac9298f66317fb5515d2152fa9795b8e78528239a2c8
U1,LeaveOneOut,rq4pl_528faab818aea81377a588b69617c8879424b2b7442ec09bcb9ed017ec4d6d3f,0.00061835535302667832,10,1,EXACT_ORACLE,,,RQ4_U1_CROSSFIT_FLOW_PREDICTIVE_v1.0,LeaveOneOut,LeaveOneOut,True,,,,,COMPLETE,2a93d7b6a937ad9de8d0ac9298f66317fb5515d2152fa9795b8e78528239a2c8
U1,LeaveOneOut,rq4pl_531b9c0c619e4db6be919435fa31a4d082f65428f9aad61ca94aa5ea33f9e56d,0.0014702355787650223,3,1,EXACT_ORACLE,,,RQ4_U1_CROSSFIT_FLOW_PREDICTIVE_v1.0,LeaveOneOut,LeaveOneOut,True,,,,,COMPLETE,2a93d7b6a937ad9de8d0ac9298f66317fb5515d2152fa9795b8e78528239a2c8
U1,LeaveOneOut,rq4pl_53e992688a427d676f535b232d898de29ce10d56c38aa1dee766e4ae5bddcaa9,-0.00068769897577691808,76,-1,EXACT_ORACLE,,,RQ4_U1_CROSSFIT_FLOW_PREDICTIVE_v1.0,LeaveOneOut,LeaveOneOut,True,,,,,COMPLETE,2a93d7b6a937ad9de8d0ac9298f66317fb5515d2152fa9795b8e78528239a2c8
U1,LeaveOneOut,rq4pl_57ceee7a7bef5403fac868dcc505d822058df3cc9480a2a7d1878aed23af10b0,1.8223394094629697e-05,47,1,EXACT_ORACLE,,,RQ4_U1_CROSSFIT_FLOW_PREDICTIVE_v1.0,LeaveOneOut,LeaveOneOut,True,,,,,COMPLETE,2a93d7b6a937ad9de8d0ac9298f66317fb5515d2152fa9795b8e78528239a2c8
U1,LeaveOneOut,rq4pl_5a2258b978ff34e7af144229f99d6c44cb7181831e348fc5629dcc0d2355dedf,6.9993851652960792e-05,32,1,EXACT_ORACLE,,,RQ4_U1_CROSSFIT_FLOW_PREDICTIVE_v1.0,LeaveOneOut,LeaveOneOut,True,,,,,COMPLETE,2a93d7b6a937ad9de8d0ac9298f66317fb5515d2152fa9795b8e78528239a2c8
U1,LeaveOneOut,rq4pl_5ce73c4684c24f08ee44c4a4b831aa3856cf226ede09c76a2fa3b1f295805d90,-1.3687601002176919e-05,56,-1,EXACT_ORACLE,,,RQ4_U1_CROSSFIT_FLOW_PREDICTIVE_v1.0,LeaveOneOut,LeaveOneOut,True,,,,,COMPLETE,2a93d7b6a937ad9de8d0ac9298f66317fb5515d2152fa9795b8e78528239a2c8
U1,LeaveOneOut,rq4pl_5e6791ad491883687a106c94a0b9e41c52aabc86cfcfa05a9493431e840b60d0,0.00013957435648814798,25,1,EXACT_ORACLE,,,RQ4_U1_CROSSFIT_FLOW_PREDICTIVE_v1.0,LeaveOneOut,LeaveOneOut,True,,,,,COMPLETE,2a93d7b6a937ad9de8d0ac9298f66317fb5515d2152fa9795b8e78528239a2c8
U1,LeaveOneOut,rq4pl_5ed0bb4c8d3c870a714d77e2173f6576e6fdb37d1b4aeb30a571a4f3358d0209,-0.0010405412957847915,83,-1,EXACT_ORACLE,,,RQ4_U1_CROSSFIT_FLOW_PREDICTIVE_v1.0,LeaveOneOut,LeaveOneOut,True,,,,,COMPLETE,2a93d7b6a937ad9de8d0ac9298f66317fb5515d2152fa9795b8e78528239a2c8
U1,LeaveOneOut,rq4pl_6214d02fd058209dcc56d1ae78ebd1fbb4e4cece516947fc2f4e8a164ee7ca01,0.00013409638266603796,27,1,EXACT_ORACLE,,,RQ4_U1_CROSSFIT_FLOW_PREDICTIVE_v1.0,LeaveOneOut,LeaveOneOut,True,,,,,COMPLETE,2a93d7b6a937ad9de8d0ac9298f66317fb5515d2152fa9795b8e78528239a2c8
U1,LeaveOneOut,rq4pl_66bed34f45b4b3060987b79b022e3235a654f463837eee2d7269ac7e4626729b,-0.00013992506349769229,66,-1,EXACT_ORACLE,,,RQ4_U1_CROSSFIT_FLOW_PREDICTIVE_v1.0,LeaveOneOut,LeaveOneOut,True,,,,,COMPLETE,2a93d7b6a937ad9de8d0ac9298f66317fb5515d2152fa9795b8e78528239a2c8
U1,LeaveOneOut,rq4pl_6885d49a65f7468a688cb02159a3cd7b0b97e7bd82fdbd711c96b370284cd669,-0.00030620194737973616,71,-1,EXACT_ORACLE,,,RQ4_U1_CROSSFIT_FLOW_PREDICTIVE_v1.0,LeaveOneOut,LeaveOneOut,True,,,,,COMPLETE,2a93d7b6a937ad9de8d0ac9298f66317fb5515d2152fa9795b8e78528239a2c8
U1,LeaveOneOut,rq4pl_6d050112c2bb5784fe247e301c0e63d0f5b9d3b1b8fd618851ca9e9c2b78b867,-6.0426562286886032e-05,60,-1,EXACT_ORACLE,,,RQ4_U1_CROSSFIT_FLOW_PREDICTIVE_v1.0,LeaveOneOut,LeaveOneOut,True,,,,,COMPLETE,2a93d7b6a937ad9de8d0ac9298f66317fb5515d2152fa9795b8e78528239a2c8
U1,LeaveOneOut,rq4pl_6e3dc67c674d01023007eb26f49f8c58bff8b7e8b7bea62d5909611192d8e970,-0.00015490492595260363,67,-1,EXACT_ORACLE,,,RQ4_U1_CROSSFIT_FLOW_PREDICTIVE_v1.0,LeaveOneOut,LeaveOneOut,True,,,,,COMPLETE,2a93d7b6a937ad9de8d0ac9298f66317fb5515d2152fa9795b8e78528239a2c8
U1,LeaveOneOut,rq4pl_704732b7282cac1f404ca502930d30fda9625a2af72f54afdac7dae6d25c7c54,-0.0013892893472217116,85,-1,EXACT_ORACLE,,,RQ4_U1_CROSSFIT_FLOW_PREDICTIVE_v1.0,LeaveOneOut,LeaveOneOut,True,,,,,COMPLETE,2a93d7b6a937ad9de8d0ac9298f66317fb5515d2152fa9795b8e78528239a2c8
U1,LeaveOneOut,rq4pl_72dbce4ede6a34ce4cea21bd1569cc93f5bc5ec1ebf84e08d809d24bd83d3fb9,2.4191678180240928e-05,44,1,EXACT_ORACLE,,,RQ4_U1_CROSSFIT_FLOW_PREDICTIVE_v1.0,LeaveOneOut,LeaveOneOut,True,,,,,COMPLETE,2a93d7b6a937ad9de8d0ac9298f66317fb5515d2152fa9795b8e78528239a2c8
U1,LeaveOneOut,rq4pl_737f80c3dfd06ade34ad2149c1577883c219fbfba517f469b0a93f44cece88a5,2.5552347959756361e-07,51,1,EXACT_ORACLE,,,RQ4_U1_CROSSFIT_FLOW_PREDICTIVE_v1.0,LeaveOneOut,LeaveOneOut,True,,,,,COMPLETE,2a93d7b6a937ad9de8d0ac9298f66317fb5515d2152fa9795b8e78528239a2c8
U1,LeaveOneOut,rq4pl_74622e5219312fc5296f8223c2d0d0885f85bd2a8d8ba7ec66a80fa237016b97,-0.00036289154891933073,73,-1,EXACT_ORACLE,,,RQ4_U1_CROSSFIT_FLOW_PREDICTIVE_v1.0,LeaveOneOut,LeaveOneOut,True,,,,,COMPLETE,2a93d7b6a937ad9de8d0ac9298f66317fb5515d2152fa9795b8e78528239a2c8
U1,LeaveOneOut,rq4pl_751c80984b9439db6d959a253ef28d8ac8887109b64117f9e8ea128454eb21a9,3.1005326432964608e-06,50,1,EXACT_ORACLE,,,RQ4_U1_CROSSFIT_FLOW_PREDICTIVE_v1.0,LeaveOneOut,LeaveOneOut,True,,,,,COMPLETE,2a93d7b6a937ad9de8d0ac9298f66317fb5515d2152fa9795b8e78528239a2c8
U1,LeaveOneOut,rq4pl_75cc85bb6c5b8925d272e917cc4dff9931194d33bba9d181181b84422284945c,-0.00046351863376192792,74,-1,EXACT_ORACLE,,,RQ4_U1_CROSSFIT_FLOW_PREDICTIVE_v1.0,LeaveOneOut,LeaveOneOut,True,,,,,COMPLETE,2a93d7b6a937ad9de8d0ac9298f66317fb5515d2152fa9795b8e78528239a2c8
U1,LeaveOneOut,rq4pl_7f11a95cb3c782a07423244f0559dc07990186de3f2c3433ca7c031a299e1ed6,0.0014879609529002691,2,1,EXACT_ORACLE,,,RQ4_U1_CROSSFIT_FLOW_PREDICTIVE_v1.0,LeaveOneOut,LeaveOneOut,True,,,,,COMPLETE,2a93d7b6a937ad9de8d0ac9298f66317fb5515d2152fa9795b8e78528239a2c8
U1,LeaveOneOut,rq4pl_81944e8b070b792bee63c694afa6df24ae334bcec84fb750323b7010e5b89f0c,-0.00084636435920948383,78,-1,EXACT_ORACLE,,,RQ4_U1_CROSSFIT_FLOW_PREDICTIVE_v1.0,LeaveOneOut,LeaveOneOut,True,,,,,COMPLETE,2a93d7b6a937ad9de8d0ac9298f66317fb5515d2152fa9795b8e78528239a2c8
U1,LeaveOneOut,rq4pl_8418af3a52c899314f8cee1f68ef67042c14e244ec96f1651d6cf90adaf976e9,3.6879901263220383e-05,41,1,EXACT_ORACLE,,,RQ4_U1_CROSSFIT_FLOW_PREDICTIVE_v1.0,LeaveOneOut,LeaveOneOut,True,,,,,COMPLETE,2a93d7b6a937ad9de8d0ac9298f66317fb5515d2152fa9795b8e78528239a2c8
U1,LeaveOneOut,rq4pl_873015599e1a61eaf581849d8f379b6279fe67f30b567aa06cb5672f7d93bb5b,5.2195107032693144e-05,38,1,EXACT_ORACLE,,,RQ4_U1_CROSSFIT_FLOW_PREDICTIVE_v1.0,LeaveOneOut,LeaveOneOut,True,,,,,COMPLETE,2a93d7b6a937ad9de8d0ac9298f66317fb5515d2152fa9795b8e78528239a2c8
U1,LeaveOneOut,rq4pl_8856b5958742c42b6b8b3285816039d964d4aa58cfbb750974ed3865743975d2,9.2232592060148555e-05,30,1,EXACT_ORACLE,,,RQ4_U1_CROSSFIT_FLOW_PREDICTIVE_v1.0,LeaveOneOut,LeaveOneOut,True,,,,,COMPLETE,2a93d7b6a937ad9de8d0ac9298f66317fb5515d2152fa9795b8e78528239a2c8
U1,LeaveOneOut,rq4pl_8bfd3ead1ec4a765b15f2943774d78b22d2b5775e679545109e954a7ee722859,-0.00030363762596752331,70,-1,EXACT_ORACLE,,,RQ4_U1_CROSSFIT_FLOW_PREDICTIVE_v1.0,LeaveOneOut,LeaveOneOut,True,,,,,COMPLETE,2a93d7b6a937ad9de8d0ac9298f66317fb5515d2152fa9795b8e78528239a2c8
U1,LeaveOneOut,rq4pl_8f9e3c929255cb478c6971057add1a066e4d207215ff914c925dbac0a0764b2e,-7.6462263055576685e-06,53,-1,EXACT_ORACLE,,,RQ4_U1_CROSSFIT_FLOW_PREDICTIVE_v1.0,LeaveOneOut,LeaveOneOut,True,,,,,COMPLETE,2a93d7b6a937ad9de8d0ac9298f66317fb5515d2152fa9795b8e78528239a2c8
U1,LeaveOneOut,rq4pl_91b95ed1e9b13d6acbb09a43677fd72ded41f866d90394cda2a5ddb957e36d36,0.0023498514864648268,1,1,EXACT_ORACLE,,,RQ4_U1_CROSSFIT_FLOW_PREDICTIVE_v1.0,LeaveOneOut,LeaveOneOut,True,,,,,COMPLETE,2a93d7b6a937ad9de8d0ac9298f66317fb5515d2152fa9795b8e78528239a2c8
U1,LeaveOneOut,rq4pl_9716a8135adaa7ff5e78cd7aecee78cc286787b70d5f21f713826ded4b790aaa,0.00019679373460923522,17,1,EXACT_ORACLE,,,RQ4_U1_CROSSFIT_FLOW_PREDICTIVE_v1.0,LeaveOneOut,LeaveOneOut,True,,,,,COMPLETE,2a93d7b6a937ad9de8d0ac9298f66317fb5515d2152fa9795b8e78528239a2c8
U1,LeaveOneOut,rq4pl_9768f8f32c61c8a69c5c8756077724eeeef5d2cf4841e2d12e6d8181c2910438,-0.00035999740830561233,72,-1,EXACT_ORACLE,,,RQ4_U1_CROSSFIT_FLOW_PREDICTIVE_v1.0,LeaveOneOut,LeaveOneOut,True,,,,,COMPLETE,2a93d7b6a937ad9de8d0ac9298f66317fb5515d2152fa9795b8e78528239a2c8
U1,LeaveOneOut,rq4pl_99654ddaf213d54232ef4d4124775aa57c181595de1c34c3e29845e83aa37d49,-0.00025896128708291499,69,-1,EXACT_ORACLE,,,RQ4_U1_CROSSFIT_FLOW_PREDICTIVE_v1.0,LeaveOneOut,LeaveOneOut,True,,,,,COMPLETE,2a93d7b6a937ad9de8d0ac9298f66317fb5515d2152fa9795b8e78528239a2c8
U1,LeaveOneOut,rq4pl_9d8d55b7ecd42bdf2bc5a4fa61d1e462b8d284af7c42aba26406dd2ddf39d05c,3.1990529890224551e-05,42,1,EXACT_ORACLE,,,RQ4_U1_CROSSFIT_FLOW_PREDICTIVE_v1.0,LeaveOneOut,LeaveOneOut,True,,,,,COMPLETE,2a93d7b6a937ad9de8d0ac9298f66317fb5515d2152fa9795b8e78528239a2c8
U1,LeaveOneOut,rq4pl_a1074f330e6553f0cefe25f45b2c70ebcbbea3786546914da7ddefc7e5e39d49,0.00019850924448649998,16,1,EXACT_ORACLE,,,RQ4_U1_CROSSFIT_FLOW_PREDICTIVE_v1.0,LeaveOneOut,LeaveOneOut,True,,,,,COMPLETE,2a93d7b6a937ad9de8d0ac9298f66317fb5515d2152fa9795b8e78528239a2c8
U1,LeaveOneOut,rq4pl_a9793baa644855553e8015d6a1b3d02070efe245762ffae94df09bd769cdcba2,-0.00089212697160856447,79,-1,EXACT_ORACLE,,,RQ4_U1_CROSSFIT_FLOW_PREDICTIVE_v1.0,LeaveOneOut,LeaveOneOut,True,,,,,COMPLETE,2a93d7b6a937ad9de8d0ac9298f66317fb5515d2152fa9795b8e78528239a2c8
U1,LeaveOneOut,rq4pl_a9a9f8752e77fd422a9e11996f9c6ef7383c98dbd9fbbdefdd9ee2826a145f87,0.0012418758332938262,5,1,EXACT_ORACLE,,,RQ4_U1_CROSSFIT_FLOW_PREDICTIVE_v1.0,LeaveOneOut,LeaveOneOut,True,,,,,COMPLETE,2a93d7b6a937ad9de8d0ac9298f66317fb5515d2152fa9795b8e78528239a2c8
U1,LeaveOneOut,rq4pl_aafeaa0e17d1a236ab3d2a50b7c6ae0b1fad2ca480ec38ae3abc02cf28f07e57,8.8651007112305891e-05,31,1,EXACT_ORACLE,,,RQ4_U1_CROSSFIT_FLOW_PREDICTIVE_v1.0,LeaveOneOut,LeaveOneOut,True,,,,,COMPLETE,2a93d7b6a937ad9de8d0ac9298f66317fb5515d2152fa9795b8e78528239a2c8
U1,LeaveOneOut,rq4pl_abccb2a01a9363ea2b127868d79a3d4d232a900f8b9c11f011fb7d0f3e58f6f5,-2.261392331281975e-05,58,-1,EXACT_ORACLE,,,RQ4_U1_CROSSFIT_FLOW_PREDICTIVE_v1.0,LeaveOneOut,LeaveOneOut,True,,,,,COMPLETE,2a93d7b6a937ad9de8d0ac9298f66317fb5515d2152fa9795b8e78528239a2c8
U1,LeaveOneOut,rq4pl_b453f91fa98c6b4bc6d049117656e8fe296ede0f009a6abfb6bf826a10c7b69f,0.00014942769433057279,24,1,EXACT_ORACLE,,,RQ4_U1_CROSSFIT_FLOW_PREDICTIVE_v1.0,LeaveOneOut,LeaveOneOut,True,,,,,COMPLETE,2a93d7b6a937ad9de8d0ac9298f66317fb5515d2152fa9795b8e78528239a2c8
U1,LeaveOneOut,rq4pl_b594945677d01537de1189aa78917fab2bd6dabba146cd05a66184ddbd4b6d69,0.00017461614226121913,22,1,EXACT_ORACLE,,,RQ4_U1_CROSSFIT_FLOW_PREDICTIVE_v1.0,LeaveOneOut,LeaveOneOut,True,,,,,COMPLETE,2a93d7b6a937ad9de8d0ac9298f66317fb5515d2152fa9795b8e78528239a2c8
U1,LeaveOneOut,rq4pl_b65281ddda280d90e9154f2cd65dc9f053001b6c6ee2440b3874b357418202a7,-0.00016853792848070537,68,-1,EXACT_ORACLE,,,RQ4_U1_CROSSFIT_FLOW_PREDICTIVE_v1.0,LeaveOneOut,LeaveOneOut,True,,,,,COMPLETE,2a93d7b6a937ad9de8d0ac9298f66317fb5515d2152fa9795b8e78528239a2c8
U1,LeaveOneOut,rq4pl_bcfb0a9fdadc4fe473ea2d864a7d932ae5a2336b39487c0be1a3b3d5694bbe35,0.00012271924352813546,28,1,EXACT_ORACLE,,,RQ4_U1_CROSSFIT_FLOW_PREDICTIVE_v1.0,LeaveOneOut,LeaveOneOut,True,,,,,COMPLETE,2a93d7b6a937ad9de8d0ac9298f66317fb5515d2152fa9795b8e78528239a2c8
U1,LeaveOneOut,rq4pl_bf99a403b1c9dfee592b4f101a1cc64d37e474df5c0ef6e34633edb95dace400,5.8839909844898841e-05,34,1,EXACT_ORACLE,,,RQ4_U1_CROSSFIT_FLOW_PREDICTIVE_v1.0,LeaveOneOut,LeaveOneOut,True,,,,,COMPLETE,2a93d7b6a937ad9de8d0ac9298f66317fb5515d2152fa9795b8e78528239a2c8
U1,LeaveOneOut,rq4pl_c1d8a9bfead19c50780def1c687d02f094e1ba4b78f034cf5f3af37ad6c6aa83,-1.6935918504934477e-05,57,-1,EXACT_ORACLE,,,RQ4_U1_CROSSFIT_FLOW_PREDICTIVE_v1.0,LeaveOneOut,LeaveOneOut,True,,,,,COMPLETE,2a93d7b6a937ad9de8d0ac9298f66317fb5515d2152fa9795b8e78528239a2c8
U1,LeaveOneOut,rq4pl_c44c57063c4095d7c5cba9f266f89308c3187577332638e14a2ac9352a3bcedc,-0.00090365304646822242,80,-1,EXACT_ORACLE,,,RQ4_U1_CROSSFIT_FLOW_PREDICTIVE_v1.0,LeaveOneOut,LeaveOneOut,True,,,,,COMPLETE,2a93d7b6a937ad9de8d0ac9298f66317fb5515d2152fa9795b8e78528239a2c8
U1,LeaveOneOut,rq4pl_c50df2d0f34dccd5c6fd4c04df2554296de0951cfae153caf66c3d1b28edf2a5,3.9918080447010063e-05,40,1,EXACT_ORACLE,,,RQ4_U1_CROSSFIT_FLOW_PREDICTIVE_v1.0,LeaveOneOut,LeaveOneOut,True,,,,,COMPLETE,2a93d7b6a937ad9de8d0ac9298f66317fb5515d2152fa9795b8e78528239a2c8
U1,LeaveOneOut,rq4pl_cd34281667eacd7ba152507c2c178706fcec3377ca5e4e7a03e57d0afe4039cf,2.3682677816494468e-05,45,1,EXACT_ORACLE,,,RQ4_U1_CROSSFIT_FLOW_PREDICTIVE_v1.0,LeaveOneOut,LeaveOneOut,True,,,,,COMPLETE,2a93d7b6a937ad9de8d0ac9298f66317fb5515d2152fa9795b8e78528239a2c8
U1,LeaveOneOut,rq4pl_d187d2566ae800dc511414b0bf0029f8d2abefaf8094e2056437ec93373a1302,0.00018125599690577143,20,1,EXACT_ORACLE,,,RQ4_U1_CROSSFIT_FLOW_PREDICTIVE_v1.0,LeaveOneOut,LeaveOneOut,True,,,,,COMPLETE,2a93d7b6a937ad9de8d0ac9298f66317fb5515d2152fa9795b8e78528239a2c8
U1,LeaveOneOut,rq4pl_d1f9fd6e3cdcde1fa8756288e24a1963811e664635bfe1c22e95c370eed88648,0.0002599731501078395,13,1,EXACT_ORACLE,,,RQ4_U1_CROSSFIT_FLOW_PREDICTIVE_v1.0,LeaveOneOut,LeaveOneOut,True,,,,,COMPLETE,2a93d7b6a937ad9de8d0ac9298f66317fb5515d2152fa9795b8e78528239a2c8
U1,LeaveOneOut,rq4pl_d4000a9d56e3e14c3e7e40a365bd148cb599b417a3a3cf16b73585515a81e23b,-6.5026229130737967e-05,61,-1,EXACT_ORACLE,,,RQ4_U1_CROSSFIT_FLOW_PREDICTIVE_v1.0,LeaveOneOut,LeaveOneOut,True,,,,,COMPLETE,2a93d7b6a937ad9de8d0ac9298f66317fb5515d2152fa9795b8e78528239a2c8
U1,LeaveOneOut,rq4pl_d66b087b0e4957bdf0aafee5f81fa592b12fa633b7dc393d329e0222672b944b,-1.0481096622938502e-05,54,-1,EXACT_ORACLE,,,RQ4_U1_CROSSFIT_FLOW_PREDICTIVE_v1.0,LeaveOneOut,LeaveOneOut,True,,,,,COMPLETE,2a93d7b6a937ad9de8d0ac9298f66317fb5515d2152fa9795b8e78528239a2c8
U1,LeaveOneOut,rq4pl_dbb38a3a562ab8c02a421b313352132a8954e8fe1fde0b346b91b568714e22b5,0.0001570682885079222,23,1,EXACT_ORACLE,,,RQ4_U1_CROSSFIT_FLOW_PREDICTIVE_v1.0,LeaveOneOut,LeaveOneOut,True,,,,,COMPLETE,2a93d7b6a937ad9de8d0ac9298f66317fb5515d2152fa9795b8e78528239a2c8
U1,LeaveOneOut,rq4pl_dd9c02a4f48d8522951eca749bbc246b9ba10de171f1f6810bf6cdbd5db9ba96,-0.00094915038950971198,82,-1,EXACT_ORACLE,,,RQ4_U1_CROSSFIT_FLOW_PREDICTIVE_v1.0,LeaveOneOut,LeaveOneOut,True,,,,,COMPLETE,2a93d7b6a937ad9de8d0ac9298f66317fb5515d2152fa9795b8e78528239a2c8
U1,LeaveOneOut,rq4pl_ddded89f25c263e646c6de652144e12a3a857b99f36ea28a4e48059f0d3feedd,-0.00064482913327335023,75,-1,EXACT_ORACLE,,,RQ4_U1_CROSSFIT_FLOW_PREDICTIVE_v1.0,LeaveOneOut,LeaveOneOut,True,,,,,COMPLETE,2a93d7b6a937ad9de8d0ac9298f66317fb5515d2152fa9795b8e78528239a2c8
U1,LeaveOneOut,rq4pl_e05ca12594d92d5ffa238e73d9c4d2d58648d44595cc4b742e4987827e6005ec,-0.00092103723159964179,81,-1,EXACT_ORACLE,,,RQ4_U1_CROSSFIT_FLOW_PREDICTIVE_v1.0,LeaveOneOut,LeaveOneOut,True,,,,,COMPLETE,2a93d7b6a937ad9de8d0ac9298f66317fb5515d2152fa9795b8e78528239a2c8
U1,LeaveOneOut,rq4pl_e4bd54fcbb4fa282dda7e8b52bd3f36cabb08cbbb872585c2cfde9ab6fb52bc3,-0.0011865983257851598,84,-1,EXACT_ORACLE,,,RQ4_U1_CROSSFIT_FLOW_PREDICTIVE_v1.0,LeaveOneOut,LeaveOneOut,True,,,,,COMPLETE,2a93d7b6a937ad9de8d0ac9298f66317fb5515d2152fa9795b8e78528239a2c8
U1,LeaveOneOut,rq4pl_ec4768bbd656fe4efb8d2ea314eb11fe6a2ab4f58c0075100553b6cdaa76dc40,0.0013519398545036587,4,1,EXACT_ORACLE,,,RQ4_U1_CROSSFIT_FLOW_PREDICTIVE_v1.0,LeaveOneOut,LeaveOneOut,True,,,,,COMPLETE,2a93d7b6a937ad9de8d0ac9298f66317fb5515d2152fa9795b8e78528239a2c8
U1,LeaveOneOut,rq4pl_f06a3f01fb3c07b5ede9269d49c7052b89b2a70e6ebeb1c9a9490a8445c53c66,0.00028940980471936495,11,1,EXACT_ORACLE,,,RQ4_U1_CROSSFIT_FLOW_PREDICTIVE_v1.0,LeaveOneOut,LeaveOneOut,True,,,,,COMPLETE,2a93d7b6a937ad9de8d0ac9298f66317fb5515d2152fa9795b8e78528239a2c8
U1,LeaveOneOut,rq4pl_f283062986cf5795c7e0e29998d378d3595c96b782e6a134e7bc7955513b7bda,0.00023484306179444303,14,1,EXACT_ORACLE,,,RQ4_U1_CROSSFIT_FLOW_PREDICTIVE_v1.0,LeaveOneOut,LeaveOneOut,True,,,,,COMPLETE,2a93d7b6a937ad9de8d0ac9298f66317fb5515d2152fa9795b8e78528239a2c8
U1,LeaveOneOut,rq4pl_f5199056462868814f42843c579cdd76cde8a2c78ce0473ab4111070b99d79ae,1.2705826445191803e-05,48,1,EXACT_ORACLE,,,RQ4_U1_CROSSFIT_FLOW_PREDICTIVE_v1.0,LeaveOneOut,LeaveOneOut,True,,,,,COMPLETE,2a93d7b6a937ad9de8d0ac9298f66317fb5515d2152fa9795b8e78528239a2c8
U1,LeaveOneOut,rq4pl_f7a890ef24f1a183fda1bc7b51c391847589dc2ba49cbdc108238cd7c3f5de69,-0.00076785722437944237,77,-1,EXACT_ORACLE,,,RQ4_U1_CROSSFIT_FLOW_PREDICTIVE_v1.0,LeaveOneOut,LeaveOneOut,True,,,,,COMPLETE,2a93d7b6a937ad9de8d0ac9298f66317fb5515d2152fa9795b8e78528239a2c8
U1,LeaveOneOut,rq4pl_f96533b8d21a3e2fdc49eee8d6249c15c50d1169ec3cbf289a9b206512db5095,6.7440895844761428e-05,33,1,EXACT_ORACLE,,,RQ4_U1_CROSSFIT_FLOW_PREDICTIVE_v1.0,LeaveOneOut,LeaveOneOut,True,,,,,COMPLETE,2a93d7b6a937ad9de8d0ac9298f66317fb5515d2152fa9795b8e78528239a2c8
U1,LeaveOneOut,rq4pl_fb1bfc39fd90c2e580b66654de71236ee19ebcbd49a84453055e3de655354d7a,0.00021232860231257256,15,1,EXACT_ORACLE,,,RQ4_U1_CROSSFIT_FLOW_PREDICTIVE_v1.0,LeaveOneOut,LeaveOneOut,True,,,,,COMPLETE,2a93d7b6a937ad9de8d0ac9298f66317fb5515d2152fa9795b8e78528239a2c8
U1,Shapley,rq4pl_0532a4cb6907f03e27619a0515bb2e6743c95c10734472fdf9b78259d4b7de0d,0.010589006437156984,32,1,PRIMARY_BUDGET_FIVE_SEED_MEAN,0.001157092540491924,0.0012936687883989349,RQ4_U1_CROSSFIT_FLOW_PREDICTIVE_v1.0,Shapley,MonteCarloShapley,False,2000,0.010589006437156984,"{'population_ddof0': 0.001157092540491924, 'sample_ddof1': 0.0012936687883989349}",1,COMPLETE,2a93d7b6a937ad9de8d0ac9298f66317fb5515d2152fa9795b8e78528239a2c8
U1,Shapley,rq4pl_09be7cd9da11fbfb20ba616d65fb61ae0935d8c47abad11a95638192b4ab78a0,0.010746633191422059,26,1,PRIMARY_BUDGET_FIVE_SEED_MEAN,0.00092530722657448161,0.0010345249293461703,RQ4_U1_CROSSFIT_FLOW_PREDICTIVE_v1.0,Shapley,MonteCarloShapley,False,2000,0.010746633191422059,"{'population_ddof0': 0.0009253072265744816, 'sample_ddof1': 0.0010345249293461703}",1,COMPLETE,2a93d7b6a937ad9de8d0ac9298f66317fb5515d2152fa9795b8e78528239a2c8
U1,Shapley,rq4pl_1a5ade7ebe21d184c51a0987dde4ae0f770fe7723ce0cbcc92a96f9caa08b59c,0.0082699093396644933,71,1,PRIMARY_BUDGET_FIVE_SEED_MEAN,0.0012742938674855191,0.0014247038555043649,RQ4_U1_CROSSFIT_FLOW_PREDICTIVE_v1.0,Shapley,MonteCarloShapley,False,2000,0.0082699093396644933,"{'population_ddof0': 0.001274293867485519, 'sample_ddof1': 0.0014247038555043649}",1,COMPLETE,2a93d7b6a937ad9de8d0ac9298f66317fb5515d2152fa9795b8e78528239a2c8
U1,Shapley,rq4pl_1c77b9285da3e18e2c9d13b01da8a49b4cbd86cce0d8c763e1f8a0ca9cef0d5e,0.010730752802660832,27,1,PRIMARY_BUDGET_FIVE_SEED_MEAN,0.0012210321643470298,0.001365155461096827,RQ4_U1_CROSSFIT_FLOW_PREDICTIVE_v1.0,Shapley,MonteCarloShapley,False,2000,0.010730752802660832,"{'population_ddof0': 0.0012210321643470298, 'sample_ddof1': 0.001365155461096827}",1,COMPLETE,2a93d7b6a937ad9de8d0ac9298f66317fb5515d2152fa9795b8e78528239a2c8
U1,Shapley,rq4pl_1d855e88db60ee7025904aa8a525479548a77e0d19058f0c53427d2ec1bb6f3c,0.0065413324681096677,78,1,PRIMARY_BUDGET_FIVE_SEED_MEAN,0.0009600185129304455,0.0010733333272853684,RQ4_U1_CROSSFIT_FLOW_PREDICTIVE_v1.0,Shapley,MonteCarloShapley,False,2000,0.0065413324681096677,"{'population_ddof0': 0.0009600185129304455, 'sample_ddof1': 0.0010733333272853684}",1,COMPLETE,2a93d7b6a937ad9de8d0ac9298f66317fb5515d2152fa9795b8e78528239a2c8
U1,Shapley,rq4pl_1f2b5330032d1122ed72a49f4c7e06d2316e19613ae92835c3fe7ce66f84ab95,0.010156859500756319,45,1,PRIMARY_BUDGET_FIVE_SEED_MEAN,0.0023696737096963226,0.0026493757496875397,RQ4_U1_CROSSFIT_FLOW_PREDICTIVE_v1.0,Shapley,MonteCarloShapley,False,2000,0.010156859500756319,"{'population_ddof0': 0.0023696737096963226, 'sample_ddof1': 0.0026493757496875397}",1,COMPLETE,2a93d7b6a937ad9de8d0ac9298f66317fb5515d2152fa9795b8e78528239a2c8
U1,Shapley,rq4pl_1f86fa31dfb5e650fec3539a3b633361c0ebda9e1dc7bd7e87c23b6f17736f50,0.011271503774523715,18,1,PRIMARY_BUDGET_FIVE_SEED_MEAN,0.0024723425749135215,0.0027641630305867502,RQ4_U1_CROSSFIT_FLOW_PREDICTIVE_v1.0,Shapley,MonteCarloShapley,False,2000,0.011271503774523715,"{'population_ddof0': 0.0024723425749135215, 'sample_ddof1': 0.00276416303058675}",1,COMPLETE,2a93d7b6a937ad9de8d0ac9298f66317fb5515d2152fa9795b8e78528239a2c8
U1,Shapley,rq4pl_22b714056fe11fe49d00762cbf5773eb347e2123ce6d7c7d1d4ca39a52741230,0.010445633460427008,37,1,PRIMARY_BUDGET_FIVE_SEED_MEAN,0.0020047652955971365,0.0022413957399438286,RQ4_U1_CROSSFIT_FLOW_PREDICTIVE_v1.0,Shapley,MonteCarloShapley,False,2000,0.010445633460427008,"{'population_ddof0': 0.0020047652955971365, 'sample_ddof1': 0.0022413957399438286}",1,COMPLETE,2a93d7b6a937ad9de8d0ac9298f66317fb5515d2152fa9795b8e78528239a2c8
U1,Shapley,rq4pl_23ffb5c653f6ba9ac74f29404ba77e8845182799e69694089a03d53c723437af,0.0099401541814688292,49,1,PRIMARY_BUDGET_FIVE_SEED_MEAN,0.0014384349557919319,0.0016082191711813323,RQ4_U1_CROSSFIT_FLOW_PREDICTIVE_v1.0,Shapley,MonteCarloShapley,False,2000,0.0099401541814688292,"{'population_ddof0': 0.0014384349557919319, 'sample_ddof1': 0.0016082191711813323}",1,COMPLETE,2a93d7b6a937ad9de8d0ac9298f66317fb5515d2152fa9795b8e78528239a2c8
U1,Shapley,rq4pl_27dcd03e1448e916a58694d8ccf2c59e967462e922b5a9649173125124677da2,0.010652062999246517,30,1,PRIMARY_BUDGET_FIVE_SEED_MEAN,0.0018647644889821277,0.0020848700796958475,RQ4_U1_CROSSFIT_FLOW_PREDICTIVE_v1.0,Shapley,MonteCarloShapley,False,2000,0.010652062999246517,"{'population_ddof0': 0.0018647644889821277, 'sample_ddof1': 0.0020848700796958475}",1,COMPLETE,2a93d7b6a937ad9de8d0ac9298f66317fb5515d2152fa9795b8e78528239a2c8
U1,Shapley,rq4pl_28057b23871b792d5ccae17cf7598818485d47433583896088c62b56a9e852b7,0.0095232451800867125,57,1,PRIMARY_BUDGET_FIVE_SEED_MEAN,0.0010581193394086977,0.0011830133856125101,RQ4_U1_CROSSFIT_FLOW_PREDICTIVE_v1.0,Shapley,MonteCarloShapley,False,2000,0.0095232451800867125,"{'population_ddof0': 0.0010581193394086977, 'sample_ddof1': 0.0011830133856125101}",1,COMPLETE,2a93d7b6a937ad9de8d0ac9298f66317fb5515d2152fa9795b8e78528239a2c8
U1,Shapley,rq4pl_288ab04cc797e99e073777b2a2124b8734f384c4794cf8e4f20a68d6326a2997,0.010990545311578151,20,1,PRIMARY_BUDGET_FIVE_SEED_MEAN,0.001394257133598557,0.0015588268644201899,RQ4_U1_CROSSFIT_FLOW_PREDICTIVE_v1.0,Shapley,MonteCarloShapley,False,2000,0.010990545311578151,"{'population_ddof0': 0.001394257133598557, 'sample_ddof1': 0.0015588268644201899}",1,COMPLETE,2a93d7b6a937ad9de8d0ac9298f66317fb5515d2152fa9795b8e78528239a2c8
U1,Shapley,rq4pl_2a3723e60ab1bcdd4b2d572f38d5508552f6451ef1c1856cddf4cd922cba0cfe,0.01029494318950803,41,1,PRIMARY_BUDGET_FIVE_SEED_MEAN,0.0017632520669466391,0.0019713757415798475,RQ4_U1_CROSSFIT_FLOW_PREDICTIVE_v1.0,Shapley,MonteCarloShapley,False,2000,0.01029494318950803,"{'population_ddof0': 0.001763252066946639, 'sample_ddof1': 0.0019713757415798475}",1,COMPLETE,2a93d7b6a937ad9de8d0ac9298f66317fb5515d2152fa9795b8e78528239a2c8
U1,Shapley,rq4pl_2cb5c1217ab2b40aff5a474651095e3574ed7d53da1422b5ca6bc3a002543c50,0.0098650598012867199,52,1,PRIMARY_BUDGET_FIVE_SEED_MEAN,0.0010274127809536322,0.0011486824095822113,RQ4_U1_CROSSFIT_FLOW_PREDICTIVE_v1.0,Shapley,MonteCarloShapley,False,2000,0.0098650598012867199,"{'population_ddof0': 0.0010274127809536322, 'sample_ddof1': 0.0011486824095822113}",1,COMPLETE,2a93d7b6a937ad9de8d0ac9298f66317fb5515d2152fa9795b8e78528239a2c8
U1,Shapley,rq4pl_2d8a206efdf69f46f6c09e1ca360dd0d276a4994d838e7c8089a6d654b88ffcb,0.008702415570745128,68,1,PRIMARY_BUDGET_FIVE_SEED_MEAN,0.0025932679752321375,0.00289936173824615,RQ4_U1_CROSSFIT_FLOW_PREDICTIVE_v1.0,Shapley,MonteCarloShapley,False,2000,0.008702415570745128,"{'population_ddof0': 0.0025932679752321375, 'sample_ddof1': 0.00289936173824615}",1,COMPLETE,2a93d7b6a937ad9de8d0ac9298f66317fb5515d2152fa9795b8e78528239a2c8
U1,Shapley,rq4pl_2e80f039f040a45eb52235ab80a0277dbfffc4ed7ccbe651ee5041205d6d9761,0.013889145451625912,4,1,PRIMARY_BUDGET_FIVE_SEED_MEAN,0.0009192090887674702,0.0010277070040098509,RQ4_U1_CROSSFIT_FLOW_PREDICTIVE_v1.0,Shapley,MonteCarloShapley,False,2000,0.013889145451625912,"{'population_ddof0': 0.0009192090887674702, 'sample_ddof1': 0.001027707004009851}",1,COMPLETE,2a93d7b6a937ad9de8d0ac9298f66317fb5515d2152fa9795b8e78528239a2c8
U1,Shapley,rq4pl_3dd18371f820e26ab096783ac0736dc77d4623cbe21c9f5f82fee13254f040ca,0.010702064077071836,29,1,PRIMARY_BUDGET_FIVE_SEED_MEAN,0.0005751671018938045,0.0006430563691280475,RQ4_U1_CROSSFIT_FLOW_PREDICTIVE_v1.0,Shapley,MonteCarloShapley,False,2000,0.010702064077071836,"{'population_ddof0': 0.0005751671018938045, 'sample_ddof1': 0.0006430563691280475}",1,COMPLETE,2a93d7b6a937ad9de8d0ac9298f66317fb5515d2152fa9795b8e78528239a2c8
U1,Shapley,rq4pl_3f9e12a328d8b46d330804866e951e97191cfa133ea3142d9ea9e5f8caf78255,0.009432290146809668,58,1,PRIMARY_BUDGET_FIVE_SEED_MEAN,0.001293257620769609,0.0014459059762302448,RQ4_U1_CROSSFIT_FLOW_PREDICTIVE_v1.0,Shapley,MonteCarloShapley,False,2000,0.009432290146809668,"{'population_ddof0': 0.001293257620769609, 'sample_ddof1': 0.0014459059762302448}",1,COMPLETE,2a93d7b6a937ad9de8d0ac9298f66317fb5515d2152fa9795b8e78528239a2c8
U1,Shapley,rq4pl_4526181cef1978791c1b852517c9f484a85dc65e3d1a0ebcee60be0c6fcb4daa,0.010167216380597017,43,1,PRIMARY_BUDGET_FIVE_SEED_MEAN,0.0019523228189392806,0.0021827632685861224,RQ4_U1_CROSSFIT_FLOW_PREDICTIVE_v1.0,Shapley,MonteCarloShapley,False,2000,0.010167216380597017,"{'population_ddof0': 0.0019523228189392806, 'sample_ddof1': 0.0021827632685861224}",1,COMPLETE,2a93d7b6a937ad9de8d0ac9298f66317fb5515d2152fa9795b8e78528239a2c8
U1,Shapley,rq4pl_49a0fe00384016bb5def3279c2c707dca67b361547be80fc15389ac9c17f494d,0.0039171520113066979,82,1,PRIMARY_BUDGET_FIVE_SEED_MEAN,0.0013463809832611939,0.0015052997010925181,RQ4_U1_CROSSFIT_FLOW_PREDICTIVE_v1.0,Shapley,MonteCarloShapley,False,2000,0.0039171520113066979,"{'population_ddof0': 0.001346380983261194, 'sample_ddof1': 0.0015052997010925181}",1,COMPLETE,2a93d7b6a937ad9de8d0ac9298f66317fb5515d2152fa9795b8e78528239a2c8
U1,Shapley,rq4pl_4e692c97ba95b2144be502eed69d3407185830e46bbcd157da519620b01d828a,0.0087236384150791661,67,1,PRIMARY_BUDGET_FIVE_SEED_MEAN,0.0014492713960254531,0.0016203346796794657,RQ4_U1_CROSSFIT_FLOW_PREDICTIVE_v1.0,Shapley,MonteCarloShapley,False,2000,0.0087236384150791661,"{'population_ddof0': 0.0014492713960254531, 'sample_ddof1': 0.0016203346796794657}",1,COMPLETE,2a93d7b6a937ad9de8d0ac9298f66317fb5515d2152fa9795b8e78528239a2c8
U1,Shapley,rq4pl_5037fd384d5294abdbe4ffce392704458d08fb0bae3ab918a40d9910c7afaf76,0.011457350866229224,16,1,PRIMARY_BUDGET_FIVE_SEED_MEAN,0.0012940077280517005,0.001446744621666832,RQ4_U1_CROSSFIT_FLOW_PREDICTIVE_v1.0,Shapley,MonteCarloShapley,False,2000,0.011457350866229224,"{'population_ddof0': 0.0012940077280517005, 'sample_ddof1': 0.001446744621666832}",1,COMPLETE,2a93d7b6a937ad9de8d0ac9298f66317fb5515d2152fa9795b8e78528239a2c8
U1,Shapley,rq4pl_50b52f48539311562de5f2c4511a487f16b741151bdafdf9aea7e9ce3acd2edf,0.011751132810791869,13,1,PRIMARY_BUDGET_FIVE_SEED_MEAN,0.0013711310148729638,0.0015329710776571112,RQ4_U1_CROSSFIT_FLOW_PREDICTIVE_v1.0,Shapley,MonteCarloShapley,False,2000,0.011751132810791869,"{'population_ddof0': 0.0013711310148729638, 'sample_ddof1': 0.0015329710776571112}",1,COMPLETE,2a93d7b6a937ad9de8d0ac9298f66317fb5515d2152fa9795b8e78528239a2c8
U1,Shapley,rq4pl_5184388a6f4710019ba3de190fa81206bc33d73d5cf9bdb1fb5ff0ab7aa78ce3,0.010591864572154767,31,1,PRIMARY_BUDGET_FIVE_SEED_MEAN,0.0013973624435181253,0.0015622987064558694,RQ4_U1_CROSSFIT_FLOW_PREDICTIVE_v1.0,Shapley,MonteCarloShapley,False,2000,0.010591864572154767,"{'population_ddof0': 0.0013973624435181253, 'sample_ddof1': 0.0015622987064558694}",1,COMPLETE,2a93d7b6a937ad9de8d0ac9298f66317fb5515d2152fa9795b8e78528239a2c8
U1,Shapley,rq4pl_528faab818aea81377a588b69617c8879424b2b7442ec09bcb9ed017ec4d6d3f,0.01457764472811891,2,1,PRIMARY_BUDGET_FIVE_SEED_MEAN,0.0012024966315972827,0.0013444321054830227,RQ4_U1_CROSSFIT_FLOW_PREDICTIVE_v1.0,Shapley,MonteCarloShapley,False,2000,0.01457764472811891,"{'population_ddof0': 0.0012024966315972827, 'sample_ddof1': 0.0013444321054830227}",1,COMPLETE,2a93d7b6a937ad9de8d0ac9298f66317fb5515d2152fa9795b8e78528239a2c8
U1,Shapley,rq4pl_531b9c0c619e4db6be919435fa31a4d082f65428f9aad61ca94aa5ea33f9e56d,0.013890572074054581,3,1,PRIMARY_BUDGET_FIVE_SEED_MEAN,0.0014481562582411272,0.0016190879177344502,RQ4_U1_CROSSFIT_FLOW_PREDICTIVE_v1.0,Shapley,MonteCarloShapley,False,2000,0.013890572074054581,"{'population_ddof0': 0.0014481562582411272, 'sample_ddof1': 0.0016190879177344502}",1,COMPLETE,2a93d7b6a937ad9de8d0ac9298f66317fb5515d2152fa9795b8e78528239a2c8
U1,Shapley,rq4pl_53e992688a427d676f535b232d898de29ce10d56c38aa1dee766e4ae5bddcaa9,0.0076886144508545012,74,1,PRIMARY_BUDGET_FIVE_SEED_MEAN,0.0016375371389529901,0.0018308221791897021,RQ4_U1_CROSSFIT_FLOW_PREDICTIVE_v1.0,Shapley,MonteCarloShapley,False,2000,0.0076886144508545012,"{'population_ddof0': 0.00163753713895299, 'sample_ddof1': 0.001830822179189702}",1,COMPLETE,2a93d7b6a937ad9de8d0ac9298f66317fb5515d2152fa9795b8e78528239a2c8
U1,Shapley,rq4pl_57ceee7a7bef5403fac868dcc505d822058df3cc9480a2a7d1878aed23af10b0,0.011496632350446559,15,1,PRIMARY_BUDGET_FIVE_SEED_MEAN,0.0020524208393968729,0.0022946762576642934,RQ4_U1_CROSSFIT_FLOW_PREDICTIVE_v1.0,Shapley,MonteCarloShapley,False,2000,0.011496632350446559,"{'population_ddof0': 0.002052420839396873, 'sample_ddof1': 0.0022946762576642934}",1,COMPLETE,2a93d7b6a937ad9de8d0ac9298f66317fb5515d2152fa9795b8e78528239a2c8
U1,Shapley,rq4pl_5a2258b978ff34e7af144229f99d6c44cb7181831e348fc5629dcc0d2355dedf,0.012423069669897563,7,1,PRIMARY_BUDGET_FIVE_SEED_MEAN,0.0016514339376680046,0.0018463592724879043,RQ4_U1_CROSSFIT_FLOW_PREDICTIVE_v1.0,Shapley,MonteCarloShapley,False,2000,0.012423069669897563,"{'population_ddof0': 0.0016514339376680046, 'sample_ddof1': 0.0018463592724879043}",1,COMPLETE,2a93d7b6a937ad9de8d0ac9298f66317fb5515d2152fa9795b8e78528239a2c8
U1,Shapley,rq4pl_5ce73c4684c24f08ee44c4a4b831aa3856cf226ede09c76a2fa3b1f295805d90,0.010454566632359052,36,1,PRIMARY_BUDGET_FIVE_SEED_MEAN,0.0013834904770705198,0.0015467893764766483,RQ4_U1_CROSSFIT_FLOW_PREDICTIVE_v1.0,Shapley,MonteCarloShapley,False,2000,0.010454566632359052,"{'population_ddof0': 0.0013834904770705198, 'sample_ddof1': 0.0015467893764766483}",1,COMPLETE,2a93d7b6a937ad9de8d0ac9298f66317fb5515d2152fa9795b8e78528239a2c8
U1,Shapley,rq4pl_5e6791ad491883687a106c94a0b9e41c52aabc86cfcfa05a9493431e840b60d0,0.010415445450048074,38,1,PRIMARY_BUDGET_FIVE_SEED_MEAN,0.0011182191875195719,0.0012502070585191738,RQ4_U1_CROSSFIT_FLOW_PREDICTIVE_v1.0,Shapley,MonteCarloShapley,False,2000,0.010415445450048074,"{'population_ddof0': 0.0011182191875195719, 'sample_ddof1': 0.0012502070585191738}",1,COMPLETE,2a93d7b6a937ad9de8d0ac9298f66317fb5515d2152fa9795b8e78528239a2c8
U1,Shapley,rq4pl_5ed0bb4c8d3c870a714d77e2173f6576e6fdb37d1b4aeb30a571a4f3358d0209,0.0025932624315914881,83,1,PRIMARY_BUDGET_FIVE_SEED_MEAN,0.001296140267489759,0.0014491288732409308,RQ4_U1_CROSSFIT_FLOW_PREDICTIVE_v1.0,Shapley,MonteCarloShapley,False,2000,0.0025932624315914881,"{'population_ddof0': 0.001296140267489759, 'sample_ddof1': 0.0014491288732409308}",1,COMPLETE,2a93d7b6a937ad9de8d0ac9298f66317fb5515d2152fa9795b8e78528239a2c8
U1,Shapley,rq4pl_6214d02fd058209dcc56d1ae78ebd1fbb4e4cece516947fc2f4e8a164ee7ca01,0.010987264333941227,21,1,PRIMARY_BUDGET_FIVE_SEED_MEAN,0.001373105035658158,0.0015351780999894571,RQ4_U1_CROSSFIT_FLOW_PREDICTIVE_v1.0,Shapley,MonteCarloShapley,False,2000,0.010987264333941227,"{'population_ddof0': 0.001373105035658158, 'sample_ddof1': 0.0015351780999894571}",1,COMPLETE,2a93d7b6a937ad9de8d0ac9298f66317fb5515d2152fa9795b8e78528239a2c8
U1,Shapley,rq4pl_66bed34f45b4b3060987b79b022e3235a654f463837eee2d7269ac7e4626729b,0.010135911300936907,46,1,PRIMARY_BUDGET_FIVE_SEED_MEAN,0.0024423632657871669,0.0027306451440242459,RQ4_U1_CROSSFIT_FLOW_PREDICTIVE_v1.0,Shapley,MonteCarloShapley,False,2000,0.010135911300936907,"{'population_ddof0': 0.002442363265787167, 'sample_ddof1': 0.002730645144024246}",1,COMPLETE,2a93d7b6a937ad9de8d0ac9298f66317fb5515d2152fa9795b8e78528239a2c8
U1,Shapley,rq4pl_6885d49a65f7468a688cb02159a3cd7b0b97e7bd82fdbd711c96b370284cd669,0.0078769588132397376,73,1,PRIMARY_BUDGET_FIVE_SEED_MEAN,0.00072261609675603096,0.00080790935699102528,RQ4_U1_CROSSFIT_FLOW_PREDICTIVE_v1.0,Shapley,MonteCarloShapley,False,2000,0.0078769588132397376,"{'population_ddof0': 0.000722616096756031, 'sample_ddof1': 0.0008079093569910253}",1,COMPLETE,2a93d7b6a937ad9de8d0ac9298f66317fb5515d2152fa9795b8e78528239a2c8
U1,Shapley,rq4pl_6d050112c2bb5784fe247e301c0e63d0f5b9d3b1b8fd618851ca9e9c2b78b867,0.0092086787171769512,62,1,PRIMARY_BUDGET_FIVE_SEED_MEAN,0.00089052384859210939,0.00099563593051834351,RQ4_U1_CROSSFIT_FLOW_PREDICTIVE_v1.0,Shapley,MonteCarloShapley,False,2000,0.0092086787171769512,"{'population_ddof0': 0.0008905238485921094, 'sample_ddof1': 0.0009956359305183435}",1,COMPLETE,2a93d7b6a937ad9de8d0ac9298f66317fb5515d2152fa9795b8e78528239a2c8
U1,Shapley,rq4pl_6e3dc67c674d01023007eb26f49f8c58bff8b7e8b7bea62d5909611192d8e970,0.010474733390929039,35,1,PRIMARY_BUDGET_FIVE_SEED_MEAN,0.00058457342113264602,0.00065357295374610428,RQ4_U1_CROSSFIT_FLOW_PREDICTIVE_v1.0,Shapley,MonteCarloShapley,False,2000,0.010474733390929039,"{'population_ddof0': 0.000584573421132646, 'sample_ddof1': 0.0006535729537461043}",1,COMPLETE,2a93d7b6a937ad9de8d0ac9298f66317fb5515d2152fa9795b8e78528239a2c8
U1,Shapley,rq4pl_704732b7282cac1f404ca502930d30fda9625a2af72f54afdac7dae6d25c7c54,0.0061575789044790198,79,1,PRIMARY_BUDGET_FIVE_SEED_MEAN,0.0015078425618544448,0.001685819233836985,RQ4_U1_CROSSFIT_FLOW_PREDICTIVE_v1.0,Shapley,MonteCarloShapley,False,2000,0.0061575789044790198,"{'population_ddof0': 0.0015078425618544448, 'sample_ddof1': 0.001685819233836985}",1,COMPLETE,2a93d7b6a937ad9de8d0ac9298f66317fb5515d2152fa9795b8e78528239a2c8
U1,Shapley,rq4pl_72dbce4ede6a34ce4cea21bd1569cc93f5bc5ec1ebf84e08d809d24bd83d3fb9,0.010935036053217115,23,1,PRIMARY_BUDGET_FIVE_SEED_MEAN,0.001461252464811004,0.0016337299218032622,RQ4_U1_CROSSFIT_FLOW_PREDICTIVE_v1.0,Shapley,MonteCarloShapley,False,2000,0.010935036053217115,"{'population_ddof0': 0.001461252464811004, 'sample_ddof1': 0.0016337299218032622}",1,COMPLETE,2a93d7b6a937ad9de8d0ac9298f66317fb5515d2152fa9795b8e78528239a2c8
U1,Shapley,rq4pl_737f80c3dfd06ade34ad2149c1577883c219fbfba517f469b0a93f44cece88a5,0.011377219741247894,17,1,PRIMARY_BUDGET_FIVE_SEED_MEAN,0.001550952849706145,0.0017340180009199776,RQ4_U1_CROSSFIT_FLOW_PREDICTIVE_v1.0,Shapley,MonteCarloShapley,False,2000,0.011377219741247894,"{'population_ddof0': 0.001550952849706145, 'sample_ddof1': 0.0017340180009199776}",1,COMPLETE,2a93d7b6a937ad9de8d0ac9298f66317fb5515d2152fa9795b8e78528239a2c8
U1,Shapley,rq4pl_74622e5219312fc5296f8223c2d0d0885f85bd2a8d8ba7ec66a80fa237016b97,0.0075939684447349888,75,1,PRIMARY_BUDGET_FIVE_SEED_MEAN,0.0011825139245040541,0.0013220907597655597,RQ4_U1_CROSSFIT_FLOW_PREDICTIVE_v1.0,Shapley,MonteCarloShapley,False,2000,0.0075939684447349888,"{'population_ddof0': 0.001182513924504054, 'sample_ddof1': 0.0013220907597655597}",1,COMPLETE,2a93d7b6a937ad9de8d0ac9298f66317fb5515d2152fa9795b8e78528239a2c8
U1,Shapley,rq4pl_751c80984b9439db6d959a253ef28d8ac8887109b64117f9e8ea128454eb21a9,0.0095832305921246703,56,1,PRIMARY_BUDGET_FIVE_SEED_MEAN,0.0010310517624873804,0.0011527509146213751,RQ4_U1_CROSSFIT_FLOW_PREDICTIVE_v1.0,Shapley,MonteCarloShapley,False,2000,0.0095832305921246703,"{'population_ddof0': 0.0010310517624873804, 'sample_ddof1': 0.001152750914621375}",1,COMPLETE,2a93d7b6a937ad9de8d0ac9298f66317fb5515d2152fa9795b8e78528239a2c8
U1,Shapley,rq4pl_75cc85bb6c5b8925d272e917cc4dff9931194d33bba9d181181b84422284945c,0.0086478626960932135,69,1,PRIMARY_BUDGET_FIVE_SEED_MEAN,0.0010989892810213124,0.0012287073694536371,RQ4_U1_CROSSFIT_FLOW_PREDICTIVE_v1.0,Shapley,MonteCarloShapley,False,2000,0.0086478626960932135,"{'population_ddof0': 0.0010989892810213124, 'sample_ddof1': 0.001228707369453637}",1,COMPLETE,2a93d7b6a937ad9de8d0ac9298f66317fb5515d2152fa9795b8e78528239a2c8
U1,Shapley,rq4pl_7f11a95cb3c782a07423244f0559dc07990186de3f2c3433ca7c031a299e1ed6,0.013811971136633064,5,1,PRIMARY_BUDGET_FIVE_SEED_MEAN,0.0016011200281954602,0.0017901066115907146,RQ4_U1_CROSSFIT_FLOW_PREDICTIVE_v1.0,Shapley,MonteCarloShapley,False,2000,0.013811971136633064,"{'population_ddof0': 0.0016011200281954602, 'sample_ddof1': 0.0017901066115907146}",1,COMPLETE,2a93d7b6a937ad9de8d0ac9298f66317fb5515d2152fa9795b8e78528239a2c8
U1,Shapley,rq4pl_81944e8b070b792bee63c694afa6df24ae334bcec84fb750323b7010e5b89f0c,0.0018848274698959687,84,1,PRIMARY_BUDGET_FIVE_SEED_MEAN,0.0011617444665018972,0.0012988697997912346,RQ4_U1_CROSSFIT_FLOW_PREDICTIVE_v1.0,Shapley,MonteCarloShapley,False,2000,0.0018848274698959687,"{'population_ddof0': 0.0011617444665018972, 'sample_ddof1': 0.0012988697997912346}",1,COMPLETE,2a93d7b6a937ad9de8d0ac9298f66317fb5515d2152fa9795b8e78528239a2c8
U1,Shapley,rq4pl_8418af3a52c899314f8cee1f68ef67042c14e244ec96f1651d6cf90adaf976e9,0.010980689068336932,22,1,PRIMARY_BUDGET_FIVE_SEED_MEAN,0.0010420135793530339,0.0011650065984556276,RQ4_U1_CROSSFIT_FLOW_PREDICTIVE_v1.0,Shapley,MonteCarloShapley,False,2000,0.010980689068336932,"{'population_ddof0': 0.001042013579353034, 'sample_ddof1': 0.0011650065984556276}",1,COMPLETE,2a93d7b6a937ad9de8d0ac9298f66317fb5515d2152fa9795b8e78528239a2c8
U1,Shapley,rq4pl_873015599e1a61eaf581849d8f379b6279fe67f30b567aa06cb5672f7d93bb5b,0.0091971297182847685,63,1,PRIMARY_BUDGET_FIVE_SEED_MEAN,0.00067684330039335331,0.00075673381489742406,RQ4_U1_CROSSFIT_FLOW_PREDICTIVE_v1.0,Shapley,MonteCarloShapley,False,2000,0.0091971297182847685,"{'population_ddof0': 0.0006768433003933533, 'sample_ddof1': 0.0007567338148974241}",1,COMPLETE,2a93d7b6a937ad9de8d0ac9298f66317fb5515d2152fa9795b8e78528239a2c8
U1,Shapley,rq4pl_8856b5958742c42b6b8b3285816039d964d4aa58cfbb750974ed3865743975d2,0.009276749339433019,61,1,PRIMARY_BUDGET_FIVE_SEED_MEAN,0.00097924402359898322,0.0010948281016638674,RQ4_U1_CROSSFIT_FLOW_PREDICTIVE_v1.0,Shapley,MonteCarloShapley,False,2000,0.009276749339433019,"{'population_ddof0': 0.0009792440235989832, 'sample_ddof1': 0.0010948281016638674}",1,COMPLETE,2a93d7b6a937ad9de8d0ac9298f66317fb5515d2152fa9795b8e78528239a2c8
U1,Shapley,rq4pl_8bfd3ead1ec4a765b15f2943774d78b22d2b5775e679545109e954a7ee722859,0.0073948479706800229,77,1,PRIMARY_BUDGET_FIVE_SEED_MEAN,0.001269879898478246,0.0014197688881289448,RQ4_U1_CROSSFIT_FLOW_PREDICTIVE_v1.0,Shapley,MonteCarloShapley,False,2000,0.0073948479706800229,"{'population_ddof0': 0.001269879898478246, 'sample_ddof1': 0.0014197688881289448}",1,COMPLETE,2a93d7b6a937ad9de8d0ac9298f66317fb5515d2152fa9795b8e78528239a2c8
U1,Shapley,rq4pl_8f9e3c929255cb478c6971057add1a066e4d207215ff914c925dbac0a0764b2e,0.010844445248249464,24,1,PRIMARY_BUDGET_FIVE_SEED_MEAN,0.0017486342629235772,0.0019550325398411793,RQ4_U1_CROSSFIT_FLOW_PREDICTIVE_v1.0,Shapley,MonteCarloShapley,False,2000,0.010844445248249464,"{'population_ddof0': 0.0017486342629235772, 'sample_ddof1': 0.0019550325398411793}",1,COMPLETE,2a93d7b6a937ad9de8d0ac9298f66317fb5515d2152fa9795b8e78528239a2c8
U1,Shapley,rq4pl_91b95ed1e9b13d6acbb09a43677fd72ded41f866d90394cda2a5ddb957e36d36,0.016502304290770986,1,1,PRIMARY_BUDGET_FIVE_SEED_MEAN,0.0011469606117864542,0.0012823409477346289,RQ4_U1_CROSSFIT_FLOW_PREDICTIVE_v1.0,Shapley,MonteCarloShapley,False,2000,0.016502304290770986,"{'population_ddof0': 0.0011469606117864542, 'sample_ddof1': 0.001282340947734629}",1,COMPLETE,2a93d7b6a937ad9de8d0ac9298f66317fb5515d2152fa9795b8e78528239a2c8
U1,Shapley,rq4pl_9716a8135adaa7ff5e78cd7aecee78cc286787b70d5f21f713826ded4b790aaa,0.0099971502001376927,48,1,PRIMARY_BUDGET_FIVE_SEED_MEAN,0.00083233297320080041,0.00093057655399575012,RQ4_U1_CROSSFIT_FLOW_PREDICTIVE_v1.0,Shapley,MonteCarloShapley,False,2000,0.0099971502001376927,"{'population_ddof0': 0.0008323329732008004, 'sample_ddof1': 0.0009305765539957501}",1,COMPLETE,2a93d7b6a937ad9de8d0ac9298f66317fb5515d2152fa9795b8e78528239a2c8
U1,Shapley,rq4pl_9768f8f32c61c8a69c5c8756077724eeeef5d2cf4841e2d12e6d8181c2910438,0.0090691885297334712,65,1,PRIMARY_BUDGET_FIVE_SEED_MEAN,0.00085112708694749881,0.00095158901195299065,RQ4_U1_CROSSFIT_FLOW_PREDICTIVE_v1.0,Shapley,MonteCarloShapley,False,2000,0.0090691885297334712,"{'population_ddof0': 0.0008511270869474988, 'sample_ddof1': 0.0009515890119529907}",1,COMPLETE,2a93d7b6a937ad9de8d0ac9298f66317fb5515d2152fa9795b8e78528239a2c8
U1,Shapley,rq4pl_99654ddaf213d54232ef4d4124775aa57c181595de1c34c3e29845e83aa37d49,0.0080311711053545863,72,1,PRIMARY_BUDGET_FIVE_SEED_MEAN,0.0019720750253458897,0.002204846906701515,RQ4_U1_CROSSFIT_FLOW_PREDICTIVE_v1.0,Shapley,MonteCarloShapley,False,2000,0.0080311711053545863,"{'population_ddof0': 0.0019720750253458897, 'sample_ddof1': 0.002204846906701515}",1,COMPLETE,2a93d7b6a937ad9de8d0ac9298f66317fb5515d2152fa9795b8e78528239a2c8
U1,Shapley,rq4pl_9d8d55b7ecd42bdf2bc5a4fa61d1e462b8d284af7c42aba26406dd2ddf39d05c,0.0092963334837548577,60,1,PRIMARY_BUDGET_FIVE_SEED_MEAN,0.00060849720666802205,0.00068032055911421781,RQ4_U1_CROSSFIT_FLOW_PREDICTIVE_v1.0,Shapley,MonteCarloShapley,False,2000,0.0092963334837548577,"{'population_ddof0': 0.000608497206668022, 'sample_ddof1': 0.0006803205591142178}",1,COMPLETE,2a93d7b6a937ad9de8d0ac9298f66317fb5515d2152fa9795b8e78528239a2c8
U1,Shapley,rq4pl_a1074f330e6553f0cefe25f45b2c70ebcbbea3786546914da7ddefc7e5e39d49,0.010162370052561275,44,1,PRIMARY_BUDGET_FIVE_SEED_MEAN,0.0014037182759000389,0.0015694047430856457,RQ4_U1_CROSSFIT_FLOW_PREDICTIVE_v1.0,Shapley,MonteCarloShapley,False,2000,0.010162370052561275,"{'population_ddof0': 0.001403718275900039, 'sample_ddof1': 0.0015694047430856457}",1,COMPLETE,2a93d7b6a937ad9de8d0ac9298f66317fb5515d2152fa9795b8e78528239a2c8
U1,Shapley,rq4pl_a9793baa644855553e8015d6a1b3d02070efe245762ffae94df09bd769cdcba2,0.0074351084468803228,76,1,PRIMARY_BUDGET_FIVE_SEED_MEAN,0.00087053281329431734,0.00097328527358511317,RQ4_U1_CROSSFIT_FLOW_PREDICTIVE_v1.0,Shapley,MonteCarloShapley,False,2000,0.0074351084468803228,"{'population_ddof0': 0.0008705328132943173, 'sample_ddof1': 0.0009732852735851132}",1,COMPLETE,2a93d7b6a937ad9de8d0ac9298f66317fb5515d2152fa9795b8e78528239a2c8
U1,Shapley,rq4pl_a9a9f8752e77fd422a9e11996f9c6ef7383c98dbd9fbbdefdd9ee2826a145f87,0.0090057445295504811,66,1,PRIMARY_BUDGET_FIVE_SEED_MEAN,0.001521495926042302,0.0017010841590597897,RQ4_U1_CROSSFIT_FLOW_PREDICTIVE_v1.0,Shapley,MonteCarloShapley,False,2000,0.0090057445295504811,"{'population_ddof0': 0.001521495926042302, 'sample_ddof1': 0.0017010841590597897}",1,COMPLETE,2a93d7b6a937ad9de8d0ac9298f66317fb5515d2152fa9795b8e78528239a2c8
U1,Shapley,rq4pl_aafeaa0e17d1a236ab3d2a50b7c6ae0b1fad2ca480ec38ae3abc02cf28f07e57,0.011556623287649195,14,1,PRIMARY_BUDGET_FIVE_SEED_MEAN,0.0012133717681852088,0.0013565908778206219,RQ4_U1_CROSSFIT_FLOW_PREDICTIVE_v1.0,Shapley,MonteCarloShapley,False,2000,0.011556623287649195,"{'population_ddof0': 0.0012133717681852088, 'sample_ddof1': 0.001356590877820622}",1,COMPLETE,2a93d7b6a937ad9de8d0ac9298f66317fb5515d2152fa9795b8e78528239a2c8
U1,Shapley,rq4pl_abccb2a01a9363ea2b127868d79a3d4d232a900f8b9c11f011fb7d0f3e58f6f5,0.010792684056907965,25,1,PRIMARY_BUDGET_FIVE_SEED_MEAN,0.001350134120464678,0.0015094958360504548,RQ4_U1_CROSSFIT_FLOW_PREDICTIVE_v1.0,Shapley,MonteCarloShapley,False,2000,0.010792684056907965,"{'population_ddof0': 0.001350134120464678, 'sample_ddof1': 0.0015094958360504548}",1,COMPLETE,2a93d7b6a937ad9de8d0ac9298f66317fb5515d2152fa9795b8e78528239a2c8
U1,Shapley,rq4pl_b453f91fa98c6b4bc6d049117656e8fe296ede0f009a6abfb6bf826a10c7b69f,0.011758034463925074,12,1,PRIMARY_BUDGET_FIVE_SEED_MEAN,0.0020442428524772012,0.0022855329903285482,RQ4_U1_CROSSFIT_FLOW_PREDICTIVE_v1.0,Shapley,MonteCarloShapley,False,2000,0.011758034463925074,"{'population_ddof0': 0.002044242852477201, 'sample_ddof1': 0.002285532990328548}",1,COMPLETE,2a93d7b6a937ad9de8d0ac9298f66317fb5515d2152fa9795b8e78528239a2c8
U1,Shapley,rq4pl_b594945677d01537de1189aa78917fab2bd6dabba146cd05a66184ddbd4b6d69,0.0097945214945618694,55,1,PRIMARY_BUDGET_FIVE_SEED_MEAN,0.00085874101921498463,0.00096010164701607937,RQ4_U1_CROSSFIT_FLOW_PREDICTIVE_v1.0,Shapley,MonteCarloShapley,False,2000,0.0097945214945618694,"{'population_ddof0': 0.0008587410192149846, 'sample_ddof1': 0.0009601016470160794}",1,COMPLETE,2a93d7b6a937ad9de8d0ac9298f66317fb5515d2152fa9795b8e78528239a2c8
U1,Shapley,rq4pl_b65281ddda280d90e9154f2cd65dc9f053001b6c6ee2440b3874b357418202a7,0.010216278475784615,42,1,PRIMARY_BUDGET_FIVE_SEED_MEAN,0.00082012323481435987,0.0009169256514859654,RQ4_U1_CROSSFIT_FLOW_PREDICTIVE_v1.0,Shapley,MonteCarloShapley,False,2000,0.010216278475784615,"{'population_ddof0': 0.0008201232348143599, 'sample_ddof1': 0.0009169256514859654}",1,COMPLETE,2a93d7b6a937ad9de8d0ac9298f66317fb5515d2152fa9795b8e78528239a2c8
U1,Shapley,rq4pl_bcfb0a9fdadc4fe473ea2d864a7d932ae5a2336b39487c0be1a3b3d5694bbe35,0.012125286548992975,10,1,PRIMARY_BUDGET_FIVE_SEED_MEAN,0.001016884218231925,0.0011369111186066577,RQ4_U1_CROSSFIT_FLOW_PREDICTIVE_v1.0,Shapley,MonteCarloShapley,False,2000,0.012125286548992975,"{'population_ddof0': 0.001016884218231925, 'sample_ddof1': 0.0011369111186066577}",1,COMPLETE,2a93d7b6a937ad9de8d0ac9298f66317fb5515d2152fa9795b8e78528239a2c8
U1,Shapley,rq4pl_bf99a403b1c9dfee592b4f101a1cc64d37e474df5c0ef6e34633edb95dace400,0.010415284430553043,39,1,PRIMARY_BUDGET_FIVE_SEED_MEAN,0.0020877849679701009,0.002334214555391683,RQ4_U1_CROSSFIT_FLOW_PREDICTIVE_v1.0,Shapley,MonteCarloShapley,False,2000,0.010415284430553043,"{'population_ddof0': 0.002087784967970101, 'sample_ddof1': 0.002334214555391683}",1,COMPLETE,2a93d7b6a937ad9de8d0ac9298f66317fb5515d2152fa9795b8e78528239a2c8
U1,Shapley,rq4pl_c1d8a9bfead19c50780def1c687d02f094e1ba4b78f034cf5f3af37ad6c6aa83,0.0098828384503989088,51,1,PRIMARY_BUDGET_FIVE_SEED_MEAN,0.0012172219439504971,0.0013608955051888751,RQ4_U1_CROSSFIT_FLOW_PREDICTIVE_v1.0,Shapley,MonteCarloShapley,False,2000,0.0098828384503989088,"{'population_ddof0': 0.001217221943950497, 'sample_ddof1': 0.001360895505188875}",1,COMPLETE,2a93d7b6a937ad9de8d0ac9298f66317fb5515d2152fa9795b8e78528239a2c8
U1,Shapley,rq4pl_c44c57063c4095d7c5cba9f266f89308c3187577332638e14a2ac9352a3bcedc,0.0091435804260271043,64,1,PRIMARY_BUDGET_FIVE_SEED_MEAN,0.0024867119835452404,0.0027802285178352482,RQ4_U1_CROSSFIT_FLOW_PREDICTIVE_v1.0,Shapley,MonteCarloShapley,False,2000,0.0091435804260271043,"{'population_ddof0': 0.0024867119835452404, 'sample_ddof1': 0.0027802285178352482}",1,COMPLETE,2a93d7b6a937ad9de8d0ac9298f66317fb5515d2152fa9795b8e78528239a2c8
U1,Shapley,rq4pl_c50df2d0f34dccd5c6fd4c04df2554296de0951cfae153caf66c3d1b28edf2a5,0.012221029957603297,8,1,PRIMARY_BUDGET_FIVE_SEED_MEAN,0.00097339391030714956,0.0010882874761655597,RQ4_U1_CROSSFIT_FLOW_PREDICTIVE_v1.0,Shapley,MonteCarloShapley,False,2000,0.012221029957603297,"{'population_ddof0': 0.0009733939103071496, 'sample_ddof1': 0.0010882874761655597}",1,COMPLETE,2a93d7b6a937ad9de8d0ac9298f66317fb5515d2152fa9795b8e78528239a2c8
U1,Shapley,rq4pl_cd34281667eacd7ba152507c2c178706fcec3377ca5e4e7a03e57d0afe4039cf,0.009885862664282017,50,1,PRIMARY_BUDGET_FIVE_SEED_MEAN,0.0012292538203161085,0.0013743475519140654,RQ4_U1_CROSSFIT_FLOW_PREDICTIVE_v1.0,Shapley,MonteCarloShapley,False,2000,0.009885862664282017,"{'population_ddof0': 0.0012292538203161085, 'sample_ddof1': 0.0013743475519140654}",1,COMPLETE,2a93d7b6a937ad9de8d0ac9298f66317fb5515d2152fa9795b8e78528239a2c8
U1,Shapley,rq4pl_d187d2566ae800dc511414b0bf0029f8d2abefaf8094e2056437ec93373a1302,0.0092979209567940931,59,1,PRIMARY_BUDGET_FIVE_SEED_MEAN,0.00095854679784668337,0.0010716878997999665,RQ4_U1_CROSSFIT_FLOW_PREDICTIVE_v1.0,Shapley,MonteCarloShapley,False,2000,0.0092979209567940931,"{'population_ddof0': 0.0009585467978466834, 'sample_ddof1': 0.0010716878997999665}",1,COMPLETE,2a93d7b6a937ad9de8d0ac9298f66317fb5515d2152fa9795b8e78528239a2c8
U1,Shapley,rq4pl_d1f9fd6e3cdcde1fa8756288e24a1963811e664635bfe1c22e95c370eed88648,0.01055091576002138,33,1,PRIMARY_BUDGET_FIVE_SEED_MEAN,0.0013240241484708361,0.001480303999916032,RQ4_U1_CROSSFIT_FLOW_PREDICTIVE_v1.0,Shapley,MonteCarloShapley,False,2000,0.01055091576002138,"{'population_ddof0': 0.0013240241484708361, 'sample_ddof1': 0.001480303999916032}",1,COMPLETE,2a93d7b6a937ad9de8d0ac9298f66317fb5515d2152fa9795b8e78528239a2c8
U1,Shapley,rq4pl_d4000a9d56e3e14c3e7e40a365bd148cb599b417a3a3cf16b73585515a81e23b,0.010358759299764226,40,1,PRIMARY_BUDGET_FIVE_SEED_MEAN,0.00126176620656775,0.0014106975047987653,RQ4_U1_CROSSFIT_FLOW_PREDICTIVE_v1.0,Shapley,MonteCarloShapley,False,2000,0.010358759299764226,"{'population_ddof0': 0.00126176620656775, 'sample_ddof1': 0.0014106975047987653}",1,COMPLETE,2a93d7b6a937ad9de8d0ac9298f66317fb5515d2152fa9795b8e78528239a2c8
U1,Shapley,rq4pl_d66b087b0e4957bdf0aafee5f81fa592b12fa633b7dc393d329e0222672b944b,0.01219885736750732,9,1,PRIMARY_BUDGET_FIVE_SEED_MEAN,0.0019245957610556229,0.0021517634754641577,RQ4_U1_CROSSFIT_FLOW_PREDICTIVE_v1.0,Shapley,MonteCarloShapley,False,2000,0.01219885736750732,"{'population_ddof0': 0.001924595761055623, 'sample_ddof1': 0.0021517634754641577}",1,COMPLETE,2a93d7b6a937ad9de8d0ac9298f66317fb5515d2152fa9795b8e78528239a2c8
U1,Shapley,rq4pl_dbb38a3a562ab8c02a421b313352132a8954e8fe1fde0b346b91b568714e22b5,0.01010338624093007,47,1,PRIMARY_BUDGET_FIVE_SEED_MEAN,0.0013936297871388081,0.0015581254697554685,RQ4_U1_CROSSFIT_FLOW_PREDICTIVE_v1.0,Shapley,MonteCarloShapley,False,2000,0.01010338624093007,"{'population_ddof0': 0.001393629787138808, 'sample_ddof1': 0.0015581254697554685}",1,COMPLETE,2a93d7b6a937ad9de8d0ac9298f66317fb5515d2152fa9795b8e78528239a2c8
U1,Shapley,rq4pl_dd9c02a4f48d8522951eca749bbc246b9ba10de171f1f6810bf6cdbd5db9ba96,0.0054609548275546694,80,1,PRIMARY_BUDGET_FIVE_SEED_MEAN,0.0015299761768857499,0.0017105653677358895,RQ4_U1_CROSSFIT_FLOW_PREDICTIVE_v1.0,Shapley,MonteCarloShapley,False,2000,0.0054609548275546694,"{'population_ddof0': 0.00152997617688575, 'sample_ddof1': 0.0017105653677358895}",1,COMPLETE,2a93d7b6a937ad9de8d0ac9298f66317fb5515d2152fa9795b8e78528239a2c8
U1,Shapley,rq4pl_ddded89f25c263e646c6de652144e12a3a857b99f36ea28a4e48059f0d3feedd,0.0039325791292357856,81,1,PRIMARY_BUDGET_FIVE_SEED_MEAN,0.00087640992849318585,0.00097985608813324666,RQ4_U1_CROSSFIT_FLOW_PREDICTIVE_v1.0,Shapley,MonteCarloShapley,False,2000,0.0039325791292357856,"{'population_ddof0': 0.0008764099284931859, 'sample_ddof1': 0.0009798560881332467}",1,COMPLETE,2a93d7b6a937ad9de8d0ac9298f66317fb5515d2152fa9795b8e78528239a2c8
U1,Shapley,rq4pl_e05ca12594d92d5ffa238e73d9c4d2d58648d44595cc4b742e4987827e6005ec,0.0014407862991946362,85,1,PRIMARY_BUDGET_FIVE_SEED_MEAN,0.00065058690589675711,0.00072737827342820389,RQ4_U1_CROSSFIT_FLOW_PREDICTIVE_v1.0,Shapley,MonteCarloShapley,False,2000,0.0014407862991946362,"{'population_ddof0': 0.0006505869058967571, 'sample_ddof1': 0.0007273782734282039}",1,COMPLETE,2a93d7b6a937ad9de8d0ac9298f66317fb5515d2152fa9795b8e78528239a2c8
U1,Shapley,rq4pl_e4bd54fcbb4fa282dda7e8b52bd3f36cabb08cbbb872585c2cfde9ab6fb52bc3,0.011269561364719436,19,1,PRIMARY_BUDGET_FIVE_SEED_MEAN,0.0016505693297253112,0.0018453926114210301,RQ4_U1_CROSSFIT_FLOW_PREDICTIVE_v1.0,Shapley,MonteCarloShapley,False,2000,0.011269561364719436,"{'population_ddof0': 0.0016505693297253112, 'sample_ddof1': 0.00184539261142103}",1,COMPLETE,2a93d7b6a937ad9de8d0ac9298f66317fb5515d2152fa9795b8e78528239a2c8
U1,Shapley,rq4pl_ec4768bbd656fe4efb8d2ea314eb11fe6a2ab4f58c0075100553b6cdaa76dc40,0.013765050766932777,6,1,PRIMARY_BUDGET_FIVE_SEED_MEAN,0.0011720904453409859,0.0013104369557802231,RQ4_U1_CROSSFIT_FLOW_PREDICTIVE_v1.0,Shapley,MonteCarloShapley,False,2000,0.013765050766932777,"{'population_ddof0': 0.0011720904453409859, 'sample_ddof1': 0.001310436955780223}",1,COMPLETE,2a93d7b6a937ad9de8d0ac9298f66317fb5515d2152fa9795b8e78528239a2c8
U1,Shapley,rq4pl_f06a3f01fb3c07b5ede9269d49c7052b89b2a70e6ebeb1c9a9490a8445c53c66,0.010710098958691169,28,1,PRIMARY_BUDGET_FIVE_SEED_MEAN,0.0015246017445153695,0.0017045565696755668,RQ4_U1_CROSSFIT_FLOW_PREDICTIVE_v1.0,Shapley,MonteCarloShapley,False,2000,0.010710098958691169,"{'population_ddof0': 0.0015246017445153695, 'sample_ddof1': 0.0017045565696755668}",1,COMPLETE,2a93d7b6a937ad9de8d0ac9298f66317fb5515d2152fa9795b8e78528239a2c8
U1,Shapley,rq4pl_f283062986cf5795c7e0e29998d378d3595c96b782e6a134e7bc7955513b7bda,0.0097963905030141202,54,1,PRIMARY_BUDGET_FIVE_SEED_MEAN,0.0018555894553346512,0.0020746120802300448,RQ4_U1_CROSSFIT_FLOW_PREDICTIVE_v1.0,Shapley,MonteCarloShapley,False,2000,0.0097963905030141202,"{'population_ddof0': 0.0018555894553346512, 'sample_ddof1': 0.002074612080230045}",1,COMPLETE,2a93d7b6a937ad9de8d0ac9298f66317fb5515d2152fa9795b8e78528239a2c8
U1,Shapley,rq4pl_f5199056462868814f42843c579cdd76cde8a2c78ce0473ab4111070b99d79ae,0.0098218437047136592,53,1,PRIMARY_BUDGET_FIVE_SEED_MEAN,0.0013998118371506291,0.0015650372117888363,RQ4_U1_CROSSFIT_FLOW_PREDICTIVE_v1.0,Shapley,MonteCarloShapley,False,2000,0.0098218437047136592,"{'population_ddof0': 0.0013998118371506291, 'sample_ddof1': 0.0015650372117888363}",1,COMPLETE,2a93d7b6a937ad9de8d0ac9298f66317fb5515d2152fa9795b8e78528239a2c8
U1,Shapley,rq4pl_f7a890ef24f1a183fda1bc7b51c391847589dc2ba49cbdc108238cd7c3f5de69,0.0086102342577573186,70,1,PRIMARY_BUDGET_FIVE_SEED_MEAN,0.0012797053010400303,0.0014307540221461701,RQ4_U1_CROSSFIT_FLOW_PREDICTIVE_v1.0,Shapley,MonteCarloShapley,False,2000,0.0086102342577573186,"{'population_ddof0': 0.0012797053010400303, 'sample_ddof1': 0.00143075402214617}",1,COMPLETE,2a93d7b6a937ad9de8d0ac9298f66317fb5515d2152fa9795b8e78528239a2c8
U1,Shapley,rq4pl_f96533b8d21a3e2fdc49eee8d6249c15c50d1169ec3cbf289a9b206512db5095,0.011941472620280605,11,1,PRIMARY_BUDGET_FIVE_SEED_MEAN,0.0015246926082111828,0.0017046581583758293,RQ4_U1_CROSSFIT_FLOW_PREDICTIVE_v1.0,Shapley,MonteCarloShapley,False,2000,0.011941472620280605,"{'population_ddof0': 0.0015246926082111828, 'sample_ddof1': 0.0017046581583758293}",1,COMPLETE,2a93d7b6a937ad9de8d0ac9298f66317fb5515d2152fa9795b8e78528239a2c8
U1,Shapley,rq4pl_fb1bfc39fd90c2e580b66654de71236ee19ebcbd49a84453055e3de655354d7a,0.010544483095449749,34,1,PRIMARY_BUDGET_FIVE_SEED_MEAN,0.0014063119366191845,0.0015723045439249362,RQ4_U1_CROSSFIT_FLOW_PREDICTIVE_v1.0,Shapley,MonteCarloShapley,False,2000,0.010544483095449749,"{'population_ddof0': 0.0014063119366191845, 'sample_ddof1': 0.0015723045439249362}",1,COMPLETE,2a93d7b6a937ad9de8d0ac9298f66317fb5515d2152fa9795b8e78528239a2c8
U1,BetaShapley,rq4pl_0532a4cb6907f03e27619a0515bb2e6743c95c10734472fdf9b78259d4b7de0d,0.038758903160953616,40,1,PRIMARY_BUDGET_FIVE_SEED_MEAN,0.0044314699538743983,0.0049545340285555061,RQ4_U1_CROSSFIT_FLOW_PREDICTIVE_v1.0,BetaShapley,BetaShapley,False,2000,0.038758903160953616,"{'population_ddof0': 0.004431469953874398, 'sample_ddof1': 0.004954534028555506}",1,COMPLETE,2a93d7b6a937ad9de8d0ac9298f66317fb5515d2152fa9795b8e78528239a2c8
U1,BetaShapley,rq4pl_09be7cd9da11fbfb20ba616d65fb61ae0935d8c47abad11a95638192b4ab78a0,0.040467910486890968,26,1,PRIMARY_BUDGET_FIVE_SEED_MEAN,0.0035736731993975253,0.0039954881016110132,RQ4_U1_CROSSFIT_FLOW_PREDICTIVE_v1.0,BetaShapley,BetaShapley,False,2000,0.040467910486890968,"{'population_ddof0': 0.0035736731993975253, 'sample_ddof1': 0.003995488101611013}",1,COMPLETE,2a93d7b6a937ad9de8d0ac9298f66317fb5515d2152fa9795b8e78528239a2c8
U1,BetaShapley,rq4pl_1a5ade7ebe21d184c51a0987dde4ae0f770fe7723ce0cbcc92a96f9caa08b59c,0.031237086278938519,73,1,PRIMARY_BUDGET_FIVE_SEED_MEAN,0.0048506133627125719,0.0054231506057970773,RQ4_U1_CROSSFIT_FLOW_PREDICTIVE_v1.0,BetaShapley,BetaShapley,False,2000,0.031237086278938519,"{'population_ddof0': 0.004850613362712572, 'sample_ddof1': 0.005423150605797077}",1,COMPLETE,2a93d7b6a937ad9de8d0ac9298f66317fb5515d2152fa9795b8e78528239a2c8
U1,BetaShapley,rq4pl_1c77b9285da3e18e2c9d13b01da8a49b4cbd86cce0d8c763e1f8a0ca9cef0d5e,0.039859374539567179,28,1,PRIMARY_BUDGET_FIVE_SEED_MEAN,0.0048096788588873132,0.0053773844392078253,RQ4_U1_CROSSFIT_FLOW_PREDICTIVE_v1.0,BetaShapley,BetaShapley,False,2000,0.039859374539567179,"{'population_ddof0': 0.004809678858887313, 'sample_ddof1': 0.005377384439207825}",1,COMPLETE,2a93d7b6a937ad9de8d0ac9298f66317fb5515d2152fa9795b8e78528239a2c8
U1,BetaShapley,rq4pl_1d855e88db60ee7025904aa8a525479548a77e0d19058f0c53427d2ec1bb6f3c,0.026529913963832707,79,1,PRIMARY_BUDGET_FIVE_SEED_MEAN,0.0037375600144385146,0.004178719131134807,RQ4_U1_CROSSFIT_FLOW_PREDICTIVE_v1.0,BetaShapley,BetaShapley,False,2000,0.026529913963832707,"{'population_ddof0': 0.0037375600144385146, 'sample_ddof1': 0.004178719131134807}",1,COMPLETE,2a93d7b6a937ad9de8d0ac9298f66317fb5515d2152fa9795b8e78528239a2c8
U1,BetaShapley,rq4pl_1f2b5330032d1122ed72a49f4c7e06d2316e19613ae92835c3fe7ce66f84ab95,0.038237241593659134,44,1,PRIMARY_BUDGET_FIVE_SEED_MEAN,0.0091210512059520122,0.010197645261382568,RQ4_U1_CROSSFIT_FLOW_PREDICTIVE_v1.0,BetaShapley,BetaShapley,False,2000,0.038237241593659134,"{'population_ddof0': 0.009121051205952012, 'sample_ddof1': 0.010197645261382568}",1,COMPLETE,2a93d7b6a937ad9de8d0ac9298f66317fb5515d2152fa9795b8e78528239a2c8
U1,BetaShapley,rq4pl_1f86fa31dfb5e650fec3539a3b633361c0ebda9e1dc7bd7e87c23b6f17736f50,0.041274594472551204,20,1,PRIMARY_BUDGET_FIVE_SEED_MEAN,0.0095114178508304819,0.010634088438430956,RQ4_U1_CROSSFIT_FLOW_PREDICTIVE_v1.0,BetaShapley,BetaShapley,False,2000,0.041274594472551204,"{'population_ddof0': 0.009511417850830482, 'sample_ddof1': 0.010634088438430956}",1,COMPLETE,2a93d7b6a937ad9de8d0ac9298f66317fb5515d2152fa9795b8e78528239a2c8
U1,BetaShapley,rq4pl_22b714056fe11fe49d00762cbf5773eb347e2123ce6d7c7d1d4ca39a52741230,0.039658120470268163,31,1,PRIMARY_BUDGET_FIVE_SEED_MEAN,0.0077044923813539739,0.0086138843484183589,RQ4_U1_CROSSFIT_FLOW_PREDICTIVE_v1.0,BetaShapley,BetaShapley,False,2000,0.039658120470268163,"{'population_ddof0': 0.007704492381353974, 'sample_ddof1': 0.008613884348418359}",1,COMPLETE,2a93d7b6a937ad9de8d0ac9298f66317fb5515d2152fa9795b8e78528239a2c8
U1,BetaShapley,rq4pl_23ffb5c653f6ba9ac74f29404ba77e8845182799e69694089a03d53c723437af,0.037831550725448651,46,1,PRIMARY_BUDGET_FIVE_SEED_MEAN,0.0055274464415733335,0.0061798729926736476,RQ4_U1_CROSSFIT_FLOW_PREDICTIVE_v1.0,BetaShapley,BetaShapley,False,2000,0.037831550725448651,"{'population_ddof0': 0.0055274464415733335, 'sample_ddof1': 0.006179872992673648}",1,COMPLETE,2a93d7b6a937ad9de8d0ac9298f66317fb5515d2152fa9795b8e78528239a2c8
U1,BetaShapley,rq4pl_27dcd03e1448e916a58694d8ccf2c59e967462e922b5a9649173125124677da2,0.040664806192162679,24,1,PRIMARY_BUDGET_FIVE_SEED_MEAN,0.0072068594091998861,0.0080575137716274586,RQ4_U1_CROSSFIT_FLOW_PREDICTIVE_v1.0,BetaShapley,BetaShapley,False,2000,0.040664806192162679,"{'population_ddof0': 0.007206859409199886, 'sample_ddof1': 0.008057513771627459}",1,COMPLETE,2a93d7b6a937ad9de8d0ac9298f66317fb5515d2152fa9795b8e78528239a2c8
U1,BetaShapley,rq4pl_28057b23871b792d5ccae17cf7598818485d47433583896088c62b56a9e852b7,0.034662296621218322,66,1,PRIMARY_BUDGET_FIVE_SEED_MEAN,0.0040424046617331929,0.004519545808098731,RQ4_U1_CROSSFIT_FLOW_PREDICTIVE_v1.0,BetaShapley,BetaShapley,False,2000,0.034662296621218322,"{'population_ddof0': 0.004042404661733193, 'sample_ddof1': 0.004519545808098731}",1,COMPLETE,2a93d7b6a937ad9de8d0ac9298f66317fb5515d2152fa9795b8e78528239a2c8
U1,BetaShapley,rq4pl_288ab04cc797e99e073777b2a2124b8734f384c4794cf8e4f20a68d6326a2997,0.040303177910122355,27,1,PRIMARY_BUDGET_FIVE_SEED_MEAN,0.0053391140225464845,0.0059693109470181421,RQ4_U1_CROSSFIT_FLOW_PREDICTIVE_v1.0,BetaShapley,BetaShapley,False,2000,0.040303177910122355,"{'population_ddof0': 0.0053391140225464845, 'sample_ddof1': 0.005969310947018142}",1,COMPLETE,2a93d7b6a937ad9de8d0ac9298f66317fb5515d2152fa9795b8e78528239a2c8
U1,BetaShapley,rq4pl_2a3723e60ab1bcdd4b2d572f38d5508552f6451ef1c1856cddf4cd922cba0cfe,0.038446103788106624,43,1,PRIMARY_BUDGET_FIVE_SEED_MEAN,0.0067568178179571664,0.0075543519762670116,RQ4_U1_CROSSFIT_FLOW_PREDICTIVE_v1.0,BetaShapley,BetaShapley,False,2000,0.038446103788106624,"{'population_ddof0': 0.0067568178179571664, 'sample_ddof1': 0.007554351976267012}",1,COMPLETE,2a93d7b6a937ad9de8d0ac9298f66317fb5515d2152fa9795b8e78528239a2c8
U1,BetaShapley,rq4pl_2cb5c1217ab2b40aff5a474651095e3574ed7d53da1422b5ca6bc3a002543c50,0.037119541814920415,52,1,PRIMARY_BUDGET_FIVE_SEED_MEAN,0.0040402774586850466,0.0045171675227899319,RQ4_U1_CROSSFIT_FLOW_PREDICTIVE_v1.0,BetaShapley,BetaShapley,False,2000,0.037119541814920415,"{'population_ddof0': 0.004040277458685047, 'sample_ddof1': 0.004517167522789932}",1,COMPLETE,2a93d7b6a937ad9de8d0ac9298f66317fb5515d2152fa9795b8e78528239a2c8
U1,BetaShapley,rq4pl_2d8a206efdf69f46f6c09e1ca360dd0d276a4994d838e7c8089a6d654b88ffcb,0.033377672026102624,70,1,PRIMARY_BUDGET_FIVE_SEED_MEAN,0.0099634211056669544,0.011139443440363713,RQ4_U1_CROSSFIT_FLOW_PREDICTIVE_v1.0,BetaShapley,BetaShapley,False,2000,0.033377672026102624,"{'population_ddof0': 0.009963421105666954, 'sample_ddof1': 0.011139443440363713}",1,COMPLETE,2a93d7b6a937ad9de8d0ac9298f66317fb5515d2152fa9795b8e78528239a2c8
U1,BetaShapley,rq4pl_2e80f039f040a45eb52235ab80a0277dbfffc4ed7ccbe651ee5041205d6d9761,0.047865307784714678,3,1,PRIMARY_BUDGET_FIVE_SEED_MEAN,0.0035644452410165017,0.0039851709304942595,RQ4_U1_CROSSFIT_FLOW_PREDICTIVE_v1.0,BetaShapley,BetaShapley,False,2000,0.047865307784714678,"{'population_ddof0': 0.0035644452410165017, 'sample_ddof1': 0.0039851709304942595}",1,COMPLETE,2a93d7b6a937ad9de8d0ac9298f66317fb5515d2152fa9795b8e78528239a2c8
U1,BetaShapley,rq4pl_3dd18371f820e26ab096783ac0736dc77d4623cbe21c9f5f82fee13254f040ca,0.039007510429735451,36,1,PRIMARY_BUDGET_FIVE_SEED_MEAN,0.002210434228577128,0.0024713405974453834,RQ4_U1_CROSSFIT_FLOW_PREDICTIVE_v1.0,BetaShapley,BetaShapley,False,2000,0.039007510429735451,"{'population_ddof0': 0.002210434228577128, 'sample_ddof1': 0.0024713405974453834}",1,COMPLETE,2a93d7b6a937ad9de8d0ac9298f66317fb5515d2152fa9795b8e78528239a2c8
U1,BetaShapley,rq4pl_3f9e12a328d8b46d330804866e951e97191cfa133ea3142d9ea9e5f8caf78255,0.035861068924322649,59,1,PRIMARY_BUDGET_FIVE_SEED_MEAN,0.0049855349910003311,0.0055739975720402709,RQ4_U1_CROSSFIT_FLOW_PREDICTIVE_v1.0,BetaShapley,BetaShapley,False,2000,0.035861068924322649,"{'population_ddof0': 0.004985534991000331, 'sample_ddof1': 0.005573997572040271}",1,COMPLETE,2a93d7b6a937ad9de8d0ac9298f66317fb5515d2152fa9795b8e78528239a2c8
U1,BetaShapley,rq4pl_4526181cef1978791c1b852517c9f484a85dc65e3d1a0ebcee60be0c6fcb4daa,0.037760060993324449,47,1,PRIMARY_BUDGET_FIVE_SEED_MEAN,0.0075128194218010286,0.0083995874649138817,RQ4_U1_CROSSFIT_FLOW_PREDICTIVE_v1.0,BetaShapley,BetaShapley,False,2000,0.037760060993324449,"{'population_ddof0': 0.007512819421801029, 'sample_ddof1': 0.008399587464913882}",1,COMPLETE,2a93d7b6a937ad9de8d0ac9298f66317fb5515d2152fa9795b8e78528239a2c8
U1,BetaShapley,rq4pl_49a0fe00384016bb5def3279c2c707dca67b361547be80fc15389ac9c17f494d,0.016453691387724262,83,1,PRIMARY_BUDGET_FIVE_SEED_MEAN,0.0052846345994885828,0.0059084011003519227,RQ4_U1_CROSSFIT_FLOW_PREDICTIVE_v1.0,BetaShapley,BetaShapley,False,2000,0.016453691387724262,"{'population_ddof0': 0.005284634599488583, 'sample_ddof1': 0.005908401100351923}",1,COMPLETE,2a93d7b6a937ad9de8d0ac9298f66317fb5515d2152fa9795b8e78528239a2c8
U1,BetaShapley,rq4pl_4e692c97ba95b2144be502eed69d3407185830e46bbcd157da519620b01d828a,0.031052620640568414,75,1,PRIMARY_BUDGET_FIVE_SEED_MEAN,0.0056167459876608379,0.0062797129203794148,RQ4_U1_CROSSFIT_FLOW_PREDICTIVE_v1.0,BetaShapley,BetaShapley,False,2000,0.031052620640568414,"{'population_ddof0': 0.005616745987660838, 'sample_ddof1': 0.006279712920379415}",1,COMPLETE,2a93d7b6a937ad9de8d0ac9298f66317fb5515d2152fa9795b8e78528239a2c8
U1,BetaShapley,rq4pl_5037fd384d5294abdbe4ffce392704458d08fb0bae3ab918a40d9910c7afaf76,0.042805209693424044,16,1,PRIMARY_BUDGET_FIVE_SEED_MEAN,0.0049931622457768787,0.0055825251021213058,RQ4_U1_CROSSFIT_FLOW_PREDICTIVE_v1.0,BetaShapley,BetaShapley,False,2000,0.042805209693424044,"{'population_ddof0': 0.004993162245776879, 'sample_ddof1': 0.005582525102121306}",1,COMPLETE,2a93d7b6a937ad9de8d0ac9298f66317fb5515d2152fa9795b8e78528239a2c8
U1,BetaShapley,rq4pl_50b52f48539311562de5f2c4511a487f16b741151bdafdf9aea7e9ce3acd2edf,0.039846143660801255,29,1,PRIMARY_BUDGET_FIVE_SEED_MEAN,0.0053950810791390229,0.0060318840185388887,RQ4_U1_CROSSFIT_FLOW_PREDICTIVE_v1.0,BetaShapley,BetaShapley,False,2000,0.039846143660801255,"{'population_ddof0': 0.005395081079139023, 'sample_ddof1': 0.006031884018538889}",1,COMPLETE,2a93d7b6a937ad9de8d0ac9298f66317fb5515d2152fa9795b8e78528239a2c8
U1,BetaShapley,rq4pl_5184388a6f4710019ba3de190fa81206bc33d73d5cf9bdb1fb5ff0ab7aa78ce3,0.039832867096803927,30,1,PRIMARY_BUDGET_FIVE_SEED_MEAN,0.0054253598342567802,0.0060657366958975769,RQ4_U1_CROSSFIT_FLOW_PREDICTIVE_v1.0,BetaShapley,BetaShapley,False,2000,0.039832867096803927,"{'population_ddof0': 0.00542535983425678, 'sample_ddof1': 0.006065736695897577}",1,COMPLETE,2a93d7b6a937ad9de8d0ac9298f66317fb5515d2152fa9795b8e78528239a2c8
U1,BetaShapley,rq4pl_528faab818aea81377a588b69617c8879424b2b7442ec09bcb9ed017ec4d6d3f,0.049699208339884407,2,1,PRIMARY_BUDGET_FIVE_SEED_MEAN,0.0047467039223125862,0.0053069763196779115,RQ4_U1_CROSSFIT_FLOW_PREDICTIVE_v1.0,BetaShapley,BetaShapley,False,2000,0.049699208339884407,"{'population_ddof0': 0.004746703922312586, 'sample_ddof1': 0.0053069763196779115}",1,COMPLETE,2a93d7b6a937ad9de8d0ac9298f66317fb5515d2152fa9795b8e78528239a2c8
U1,BetaShapley,rq4pl_531b9c0c619e4db6be919435fa31a4d082f65428f9aad61ca94aa5ea33f9e56d,0.043930445987773806,10,1,PRIMARY_BUDGET_FIVE_SEED_MEAN,0.0057632069164806317,0.0064434612168238221,RQ4_U1_CROSSFIT_FLOW_PREDICTIVE_v1.0,BetaShapley,BetaShapley,False,2000,0.043930445987773806,"{'population_ddof0': 0.005763206916480632, 'sample_ddof1': 0.006443461216823822}",1,COMPLETE,2a93d7b6a937ad9de8d0ac9298f66317fb5515d2152fa9795b8e78528239a2c8
U1,BetaShapley,rq4pl_53e992688a427d676f535b232d898de29ce10d56c38aa1dee766e4ae5bddcaa9,0.033093912286669656,71,1,PRIMARY_BUDGET_FIVE_SEED_MEAN,0.0062351955027868909,0.0069711604986162339,RQ4_U1_CROSSFIT_FLOW_PREDICTIVE_v1.0,BetaShapley,BetaShapley,False,2000,0.033093912286669656,"{'population_ddof0': 0.006235195502786891, 'sample_ddof1': 0.006971160498616234}",1,COMPLETE,2a93d7b6a937ad9de8d0ac9298f66317fb5515d2152fa9795b8e78528239a2c8
U1,BetaShapley,rq4pl_57ceee7a7bef5403fac868dcc505d822058df3cc9480a2a7d1878aed23af10b0,0.043048058211821193,14,1,PRIMARY_BUDGET_FIVE_SEED_MEAN,0.0080089850868438027,0.0089543175424824008,RQ4_U1_CROSSFIT_FLOW_PREDICTIVE_v1.0,BetaShapley,BetaShapley,False,2000,0.043048058211821193,"{'population_ddof0': 0.008008985086843803, 'sample_ddof1': 0.0089543175424824}",1,COMPLETE,2a93d7b6a937ad9de8d0ac9298f66317fb5515d2152fa9795b8e78528239a2c8
U1,BetaShapley,rq4pl_5a2258b978ff34e7af144229f99d6c44cb7181831e348fc5629dcc0d2355dedf,0.045708179390485354,4,1,PRIMARY_BUDGET_FIVE_SEED_MEAN,0.0064334688136850962,0.007192836799262403,RQ4_U1_CROSSFIT_FLOW_PREDICTIVE_v1.0,BetaShapley,BetaShapley,False,2000,0.045708179390485354,"{'population_ddof0': 0.006433468813685096, 'sample_ddof1': 0.007192836799262403}",1,COMPLETE,2a93d7b6a937ad9de8d0ac9298f66317fb5515d2152fa9795b8e78528239a2c8
U1,BetaShapley,rq4pl_5ce73c4684c24f08ee44c4a4b831aa3856cf226ede09c76a2fa3b1f295805d90,0.03955311514989783,32,1,PRIMARY_BUDGET_FIVE_SEED_MEAN,0.0053503391943879475,0.005981861070666456,RQ4_U1_CROSSFIT_FLOW_PREDICTIVE_v1.0,BetaShapley,BetaShapley,False,2000,0.03955311514989783,"{'population_ddof0': 0.0053503391943879475, 'sample_ddof1': 0.005981861070666456}",1,COMPLETE,2a93d7b6a937ad9de8d0ac9298f66317fb5515d2152fa9795b8e78528239a2c8
U1,BetaShapley,rq4pl_5e6791ad491883687a106c94a0b9e41c52aabc86cfcfa05a9493431e840b60d0,0.038077271002476064,45,1,PRIMARY_BUDGET_FIVE_SEED_MEAN,0.0043440914527703503,0.0048568418944351602,RQ4_U1_CROSSFIT_FLOW_PREDICTIVE_v1.0,BetaShapley,BetaShapley,False,2000,0.038077271002476064,"{'population_ddof0': 0.00434409145277035, 'sample_ddof1': 0.00485684189443516}",1,COMPLETE,2a93d7b6a937ad9de8d0ac9298f66317fb5515d2152fa9795b8e78528239a2c8
U1,BetaShapley,rq4pl_5ed0bb4c8d3c870a714d77e2173f6576e6fdb37d1b4aeb30a571a4f3358d0209,0.017100922334972023,82,1,PRIMARY_BUDGET_FIVE_SEED_MEAN,0.0049826762489609518,0.0055708014012751774,RQ4_U1_CROSSFIT_FLOW_PREDICTIVE_v1.0,BetaShapley,BetaShapley,False,2000,0.017100922334972023,"{'population_ddof0': 0.004982676248960952, 'sample_ddof1': 0.005570801401275177}",1,COMPLETE,2a93d7b6a937ad9de8d0ac9298f66317fb5515d2152fa9795b8e78528239a2c8
U1,BetaShapley,rq4pl_6214d02fd058209dcc56d1ae78ebd1fbb4e4cece516947fc2f4e8a164ee7ca01,0.040792251229354537,22,1,PRIMARY_BUDGET_FIVE_SEED_MEAN,0.0053401516427885182,0.0059704710417161503,RQ4_U1_CROSSFIT_FLOW_PREDICTIVE_v1.0,BetaShapley,BetaShapley,False,2000,0.040792251229354537,"{'population_ddof0': 0.005340151642788518, 'sample_ddof1': 0.00597047104171615}",1,COMPLETE,2a93d7b6a937ad9de8d0ac9298f66317fb5515d2152fa9795b8e78528239a2c8
U1,BetaShapley,rq4pl_66bed34f45b4b3060987b79b022e3235a654f463837eee2d7269ac7e4626729b,0.038917677276097573,38,1,PRIMARY_BUDGET_FIVE_SEED_MEAN,0.0093534077030017065,0.010457427722590991,RQ4_U1_CROSSFIT_FLOW_PREDICTIVE_v1.0,BetaShapley,BetaShapley,False,2000,0.038917677276097573,"{'population_ddof0': 0.009353407703001707, 'sample_ddof1': 0.01045742772259099}",1,COMPLETE,2a93d7b6a937ad9de8d0ac9298f66317fb5515d2152fa9795b8e78528239a2c8
U1,BetaShapley,rq4pl_6885d49a65f7468a688cb02159a3cd7b0b97e7bd82fdbd711c96b370284cd669,0.03160173665232259,72,1,PRIMARY_BUDGET_FIVE_SEED_MEAN,0.0027350327383455345,0.0030578595618140055,RQ4_U1_CROSSFIT_FLOW_PREDICTIVE_v1.0,BetaShapley,BetaShapley,False,2000,0.03160173665232259,"{'population_ddof0': 0.0027350327383455345, 'sample_ddof1': 0.0030578595618140055}",1,COMPLETE,2a93d7b6a937ad9de8d0ac9298f66317fb5515d2152fa9795b8e78528239a2c8
U1,BetaShapley,rq4pl_6d050112c2bb5784fe247e301c0e63d0f5b9d3b1b8fd618851ca9e9c2b78b867,0.03488559585068772,64,1,PRIMARY_BUDGET_FIVE_SEED_MEAN,0.003458977009365473,0.0038672538627750625,RQ4_U1_CROSSFIT_FLOW_PREDICTIVE_v1.0,BetaShapley,BetaShapley,False,2000,0.03488559585068772,"{'population_ddof0': 0.003458977009365473, 'sample_ddof1': 0.0038672538627750625}",1,COMPLETE,2a93d7b6a937ad9de8d0ac9298f66317fb5515d2152fa9795b8e78528239a2c8
U1,BetaShapley,rq4pl_6e3dc67c674d01023007eb26f49f8c58bff8b7e8b7bea62d5909611192d8e970,0.040565698149750619,25,1,PRIMARY_BUDGET_FIVE_SEED_MEAN,0.002239105657308667,0.0025033962292732642,RQ4_U1_CROSSFIT_FLOW_PREDICTIVE_v1.0,BetaShapley,BetaShapley,False,2000,0.040565698149750619,"{'population_ddof0': 0.002239105657308667, 'sample_ddof1': 0.002503396229273264}",1,COMPLETE,2a93d7b6a937ad9de8d0ac9298f66317fb5515d2152fa9795b8e78528239a2c8
U1,BetaShapley,rq4pl_704732b7282cac1f404ca502930d30fda9625a2af72f54afdac7dae6d25c7c54,0.0307954582155338,76,1,PRIMARY_BUDGET_FIVE_SEED_MEAN,0.0057511041891976878,0.0064299299563649204,RQ4_U1_CROSSFIT_FLOW_PREDICTIVE_v1.0,BetaShapley,BetaShapley,False,2000,0.0307954582155338,"{'population_ddof0': 0.005751104189197688, 'sample_ddof1': 0.0064299299563649204}",1,COMPLETE,2a93d7b6a937ad9de8d0ac9298f66317fb5515d2152fa9795b8e78528239a2c8
U1,BetaShapley,rq4pl_72dbce4ede6a34ce4cea21bd1569cc93f5bc5ec1ebf84e08d809d24bd83d3fb9,0.041029926465787327,21,1,PRIMARY_BUDGET_FIVE_SEED_MEAN,0.0056346241435396918,0.0062997013063081416,RQ4_U1_CROSSFIT_FLOW_PREDICTIVE_v1.0,BetaShapley,BetaShapley,False,2000,0.041029926465787327,"{'population_ddof0': 0.005634624143539692, 'sample_ddof1': 0.006299701306308142}",1,COMPLETE,2a93d7b6a937ad9de8d0ac9298f66317fb5515d2152fa9795b8e78528239a2c8
U1,BetaShapley,rq4pl_737f80c3dfd06ade34ad2149c1577883c219fbfba517f469b0a93f44cece88a5,0.042618757428677913,17,1,PRIMARY_BUDGET_FIVE_SEED_MEAN,0.0060359454025973687,0.0067483921143425257,RQ4_U1_CROSSFIT_FLOW_PREDICTIVE_v1.0,BetaShapley,BetaShapley,False,2000,0.042618757428677913,"{'population_ddof0': 0.006035945402597369, 'sample_ddof1': 0.006748392114342526}",1,COMPLETE,2a93d7b6a937ad9de8d0ac9298f66317fb5515d2152fa9795b8e78528239a2c8
U1,BetaShapley,rq4pl_74622e5219312fc5296f8223c2d0d0885f85bd2a8d8ba7ec66a80fa237016b97,0.031069006966151669,74,1,PRIMARY_BUDGET_FIVE_SEED_MEAN,0.0045520080677301424,0.0050892997367860335,RQ4_U1_CROSSFIT_FLOW_PREDICTIVE_v1.0,BetaShapley,BetaShapley,False,2000,0.031069006966151669,"{'population_ddof0': 0.004552008067730142, 'sample_ddof1': 0.0050892997367860335}",1,COMPLETE,2a93d7b6a937ad9de8d0ac9298f66317fb5515d2152fa9795b8e78528239a2c8
U1,BetaShapley,rq4pl_751c80984b9439db6d959a253ef28d8ac8887109b64117f9e8ea128454eb21a9,0.036142939223597431,57,1,PRIMARY_BUDGET_FIVE_SEED_MEAN,0.0039694399522752898,0.0044379687829455353,RQ4_U1_CROSSFIT_FLOW_PREDICTIVE_v1.0,BetaShapley,BetaShapley,False,2000,0.036142939223597431,"{'population_ddof0': 0.00396943995227529, 'sample_ddof1': 0.004437968782945535}",1,COMPLETE,2a93d7b6a937ad9de8d0ac9298f66317fb5515d2152fa9795b8e78528239a2c8
U1,BetaShapley,rq4pl_75cc85bb6c5b8925d272e917cc4dff9931194d33bba9d181181b84422284945c,0.035561264572663689,60,1,PRIMARY_BUDGET_FIVE_SEED_MEAN,0.0042600822143428474,0.0047629167105042187,RQ4_U1_CROSSFIT_FLOW_PREDICTIVE_v1.0,BetaShapley,BetaShapley,False,2000,0.035561264572663689,"{'population_ddof0': 0.004260082214342847, 'sample_ddof1': 0.004762916710504219}",1,COMPLETE,2a93d7b6a937ad9de8d0ac9298f66317fb5515d2152fa9795b8e78528239a2c8
U1,BetaShapley,rq4pl_7f11a95cb3c782a07423244f0559dc07990186de3f2c3433ca7c031a299e1ed6,0.043817410417352952,12,1,PRIMARY_BUDGET_FIVE_SEED_MEAN,0.0061950018441532008,0.0069262226221315573,RQ4_U1_CROSSFIT_FLOW_PREDICTIVE_v1.0,BetaShapley,BetaShapley,False,2000,0.043817410417352952,"{'population_ddof0': 0.006195001844153201, 'sample_ddof1': 0.006926222622131557}",1,COMPLETE,2a93d7b6a937ad9de8d0ac9298f66317fb5515d2152fa9795b8e78528239a2c8
U1,BetaShapley,rq4pl_81944e8b070b792bee63c694afa6df24ae334bcec84fb750323b7010e5b89f0c,0.013327035317659696,84,1,PRIMARY_BUDGET_FIVE_SEED_MEAN,0.0044783262532202481,0.005006920963811206,RQ4_U1_CROSSFIT_FLOW_PREDICTIVE_v1.0,BetaShapley,BetaShapley,False,2000,0.013327035317659696,"{'population_ddof0': 0.004478326253220248, 'sample_ddof1': 0.005006920963811206}",1,COMPLETE,2a93d7b6a937ad9de8d0ac9298f66317fb5515d2152fa9795b8e78528239a2c8
U1,BetaShapley,rq4pl_8418af3a52c899314f8cee1f68ef67042c14e244ec96f1651d6cf90adaf976e9,0.041610119112934635,18,1,PRIMARY_BUDGET_FIVE_SEED_MEAN,0.0040215989506418035,0.0044962843159384478,RQ4_U1_CROSSFIT_FLOW_PREDICTIVE_v1.0,BetaShapley,BetaShapley,False,2000,0.041610119112934635,"{'population_ddof0': 0.0040215989506418035, 'sample_ddof1': 0.004496284315938448}",1,COMPLETE,2a93d7b6a937ad9de8d0ac9298f66317fb5515d2152fa9795b8e78528239a2c8
U1,BetaShapley,rq4pl_873015599e1a61eaf581849d8f379b6279fe67f30b567aa06cb5672f7d93bb5b,0.034702065288751374,65,1,PRIMARY_BUDGET_FIVE_SEED_MEAN,0.0025814901814821827,0.0028861937645212146,RQ4_U1_CROSSFIT_FLOW_PREDICTIVE_v1.0,BetaShapley,BetaShapley,False,2000,0.034702065288751374,"{'population_ddof0': 0.0025814901814821827, 'sample_ddof1': 0.0028861937645212146}",1,COMPLETE,2a93d7b6a937ad9de8d0ac9298f66317fb5515d2152fa9795b8e78528239a2c8
U1,BetaShapley,rq4pl_8856b5958742c42b6b8b3285816039d964d4aa58cfbb750974ed3865743975d2,0.034363090140094067,68,1,PRIMARY_BUDGET_FIVE_SEED_MEAN,0.0037696361869169704,0.0042145813821947249,RQ4_U1_CROSSFIT_FLOW_PREDICTIVE_v1.0,BetaShapley,BetaShapley,False,2000,0.034363090140094067,"{'population_ddof0': 0.0037696361869169704, 'sample_ddof1': 0.004214581382194725}",1,COMPLETE,2a93d7b6a937ad9de8d0ac9298f66317fb5515d2152fa9795b8e78528239a2c8
U1,BetaShapley,rq4pl_8bfd3ead1ec4a765b15f2943774d78b22d2b5775e679545109e954a7ee722859,0.029805616908626049,77,1,PRIMARY_BUDGET_FIVE_SEED_MEAN,0.0048591405775012201,0.0054326843217601568,RQ4_U1_CROSSFIT_FLOW_PREDICTIVE_v1.0,BetaShapley,BetaShapley,False,2000,0.029805616908626049,"{'population_ddof0': 0.00485914057750122, 'sample_ddof1': 0.005432684321760157}",1,COMPLETE,2a93d7b6a937ad9de8d0ac9298f66317fb5515d2152fa9795b8e78528239a2c8
U1,BetaShapley,rq4pl_8f9e3c929255cb478c6971057add1a066e4d207215ff914c925dbac0a0764b2e,0.041518138539971911,19,1,PRIMARY_BUDGET_FIVE_SEED_MEAN,0.006743132454764076,0.0075390512750687496,RQ4_U1_CROSSFIT_FLOW_PREDICTIVE_v1.0,BetaShapley,BetaShapley,False,2000,0.041518138539971911,"{'population_ddof0': 0.006743132454764076, 'sample_ddof1': 0.00753905127506875}",1,COMPLETE,2a93d7b6a937ad9de8d0ac9298f66317fb5515d2152fa9795b8e78528239a2c8
U1,BetaShapley,rq4pl_91b95ed1e9b13d6acbb09a43677fd72ded41f866d90394cda2a5ddb957e36d36,0.049984772296458965,1,1,PRIMARY_BUDGET_FIVE_SEED_MEAN,0.0045087753590646569,0.0050409640990722974,RQ4_U1_CROSSFIT_FLOW_PREDICTIVE_v1.0,BetaShapley,BetaShapley,False,2000,0.049984772296458965,"{'population_ddof0': 0.004508775359064657, 'sample_ddof1': 0.0050409640990722974}",1,COMPLETE,2a93d7b6a937ad9de8d0ac9298f66317fb5515d2152fa9795b8e78528239a2c8
U1,BetaShapley,rq4pl_9716a8135adaa7ff5e78cd7aecee78cc286787b70d5f21f713826ded4b790aaa,0.036751807689647288,54,1,PRIMARY_BUDGET_FIVE_SEED_MEAN,0.0032427230838290235,0.0036254746238247224,RQ4_U1_CROSSFIT_FLOW_PREDICTIVE_v1.0,BetaShapley,BetaShapley,False,2000,0.036751807689647288,"{'population_ddof0': 0.0032427230838290235, 'sample_ddof1': 0.0036254746238247224}",1,COMPLETE,2a93d7b6a937ad9de8d0ac9298f66317fb5515d2152fa9795b8e78528239a2c8
U1,BetaShapley,rq4pl_9768f8f32c61c8a69c5c8756077724eeeef5d2cf4841e2d12e6d8181c2910438,0.036270798125054113,55,1,PRIMARY_BUDGET_FIVE_SEED_MEAN,0.0032312137834509861,0.0036126068348153449,RQ4_U1_CROSSFIT_FLOW_PREDICTIVE_v1.0,BetaShapley,BetaShapley,False,2000,0.036270798125054113,"{'population_ddof0': 0.003231213783450986, 'sample_ddof1': 0.003612606834815345}",1,COMPLETE,2a93d7b6a937ad9de8d0ac9298f66317fb5515d2152fa9795b8e78528239a2c8
U1,BetaShapley,rq4pl_99654ddaf213d54232ef4d4124775aa57c181595de1c34c3e29845e83aa37d49,0.035077326685810269,63,1,PRIMARY_BUDGET_FIVE_SEED_MEAN,0.0075490203280148896,0.0084400613084845266,RQ4_U1_CROSSFIT_FLOW_PREDICTIVE_v1.0,BetaShapley,BetaShapley,False,2000,0.035077326685810269,"{'population_ddof0': 0.00754902032801489, 'sample_ddof1': 0.008440061308484527}",1,COMPLETE,2a93d7b6a937ad9de8d0ac9298f66317fb5515d2152fa9795b8e78528239a2c8
U1,BetaShapley,rq4pl_9d8d55b7ecd42bdf2bc5a4fa61d1e462b8d284af7c42aba26406dd2ddf39d05c,0.035157557409125489,62,1,PRIMARY_BUDGET_FIVE_SEED_MEAN,0.0023102620427848963,0.0025829514867522778,RQ4_U1_CROSSFIT_FLOW_PREDICTIVE_v1.0,BetaShapley,BetaShapley,False,2000,0.035157557409125489,"{'population_ddof0': 0.0023102620427848963, 'sample_ddof1': 0.002582951486752278}",1,COMPLETE,2a93d7b6a937ad9de8d0ac9298f66317fb5515d2152fa9795b8e78528239a2c8
U1,BetaShapley,rq4pl_a1074f330e6553f0cefe25f45b2c70ebcbbea3786546914da7ddefc7e5e39d49,0.037404675380070557,49,1,PRIMARY_BUDGET_FIVE_SEED_MEAN,0.0054574018776309642,0.0061015607894589121,RQ4_U1_CROSSFIT_FLOW_PREDICTIVE_v1.0,BetaShapley,BetaShapley,False,2000,0.037404675380070557,"{'population_ddof0': 0.005457401877630964, 'sample_ddof1': 0.006101560789458912}",1,COMPLETE,2a93d7b6a937ad9de8d0ac9298f66317fb5515d2152fa9795b8e78528239a2c8
U1,BetaShapley,rq4pl_a9793baa644855553e8015d6a1b3d02070efe245762ffae94df09bd769cdcba2,0.033836306909351591,69,1,PRIMARY_BUDGET_FIVE_SEED_MEAN,0.0034269835595443308,0.0038314840984576609,RQ4_U1_CROSSFIT_FLOW_PREDICTIVE_v1.0,BetaShapley,BetaShapley,False,2000,0.033836306909351591,"{'population_ddof0': 0.0034269835595443308, 'sample_ddof1': 0.003831484098457661}",1,COMPLETE,2a93d7b6a937ad9de8d0ac9298f66317fb5515d2152fa9795b8e78528239a2c8
U1,BetaShapley,rq4pl_a9a9f8752e77fd422a9e11996f9c6ef7383c98dbd9fbbdefdd9ee2826a145f87,0.029235258836885936,78,1,PRIMARY_BUDGET_FIVE_SEED_MEAN,0.0057634160413828741,0.0064436950255724237,RQ4_U1_CROSSFIT_FLOW_PREDICTIVE_v1.0,BetaShapley,BetaShapley,False,2000,0.029235258836885936,"{'population_ddof0': 0.005763416041382874, 'sample_ddof1': 0.006443695025572424}",1,COMPLETE,2a93d7b6a937ad9de8d0ac9298f66317fb5515d2152fa9795b8e78528239a2c8
U1,BetaShapley,rq4pl_aafeaa0e17d1a236ab3d2a50b7c6ae0b1fad2ca480ec38ae3abc02cf28f07e57,0.042994458155239244,15,1,PRIMARY_BUDGET_FIVE_SEED_MEAN,0.0047142842698468593,0.0052707300463177694,RQ4_U1_CROSSFIT_FLOW_PREDICTIVE_v1.0,BetaShapley,BetaShapley,False,2000,0.042994458155239244,"{'population_ddof0': 0.004714284269846859, 'sample_ddof1': 0.0052707300463177694}",1,COMPLETE,2a93d7b6a937ad9de8d0ac9298f66317fb5515d2152fa9795b8e78528239a2c8
U1,BetaShapley,rq4pl_abccb2a01a9363ea2b127868d79a3d4d232a900f8b9c11f011fb7d0f3e58f6f5,0.040689339996914556,23,1,PRIMARY_BUDGET_FIVE_SEED_MEAN,0.0052563737947407211,0.0058768045600943895,RQ4_U1_CROSSFIT_FLOW_PREDICTIVE_v1.0,BetaShapley,BetaShapley,False,2000,0.040689339996914556,"{'population_ddof0': 0.005256373794740721, 'sample_ddof1': 0.0058768045600943895}",1,COMPLETE,2a93d7b6a937ad9de8d0ac9298f66317fb5515d2152fa9795b8e78528239a2c8
U1,BetaShapley,rq4pl_b453f91fa98c6b4bc6d049117656e8fe296ede0f009a6abfb6bf826a10c7b69f,0.043101114710175317,13,1,PRIMARY_BUDGET_FIVE_SEED_MEAN,0.0078639107792243812,0.0087921195356695288,RQ4_U1_CROSSFIT_FLOW_PREDICTIVE_v1.0,BetaShapley,BetaShapley,False,2000,0.043101114710175317,"{'population_ddof0': 0.007863910779224381, 'sample_ddof1': 0.008792119535669529}",1,COMPLETE,2a93d7b6a937ad9de8d0ac9298f66317fb5515d2152fa9795b8e78528239a2c8
U1,BetaShapley,rq4pl_b594945677d01537de1189aa78917fab2bd6dabba146cd05a66184ddbd4b6d69,0.036031866042457117,58,1,PRIMARY_BUDGET_FIVE_SEED_MEAN,0.0032797962994786795,0.0036669237389932927,RQ4_U1_CROSSFIT_FLOW_PREDICTIVE_v1.0,BetaShapley,BetaShapley,False,2000,0.036031866042457117,"{'population_ddof0': 0.0032797962994786795, 'sample_ddof1': 0.0036669237389932927}",1,COMPLETE,2a93d7b6a937ad9de8d0ac9298f66317fb5515d2152fa9795b8e78528239a2c8
U1,BetaShapley,rq4pl_b65281ddda280d90e9154f2cd65dc9f053001b6c6ee2440b3874b357418202a7,0.039402989348184071,35,1,PRIMARY_BUDGET_FIVE_SEED_MEAN,0.0032292808114212012,0.0036104457063867428,RQ4_U1_CROSSFIT_FLOW_PREDICTIVE_v1.0,BetaShapley,BetaShapley,False,2000,0.039402989348184071,"{'population_ddof0': 0.0032292808114212012, 'sample_ddof1': 0.003610445706386743}",1,COMPLETE,2a93d7b6a937ad9de8d0ac9298f66317fb5515d2152fa9795b8e78528239a2c8
U1,BetaShapley,rq4pl_bcfb0a9fdadc4fe473ea2d864a7d932ae5a2336b39487c0be1a3b3d5694bbe35,0.04422438208350913,9,1,PRIMARY_BUDGET_FIVE_SEED_MEAN,0.0038532999126868507,0.0043081202712309009,RQ4_U1_CROSSFIT_FLOW_PREDICTIVE_v1.0,BetaShapley,BetaShapley,False,2000,0.04422438208350913,"{'population_ddof0': 0.0038532999126868507, 'sample_ddof1': 0.004308120271230901}",1,COMPLETE,2a93d7b6a937ad9de8d0ac9298f66317fb5515d2152fa9795b8e78528239a2c8
U1,BetaShapley,rq4pl_bf99a403b1c9dfee592b4f101a1cc64d37e474df5c0ef6e34633edb95dace400,0.039512248964300958,33,1,PRIMARY_BUDGET_FIVE_SEED_MEAN,0.0080439126410468912,0.0089933677352253567,RQ4_U1_CROSSFIT_FLOW_PREDICTIVE_v1.0,BetaShapley,BetaShapley,False,2000,0.039512248964300958,"{'population_ddof0': 0.008043912641046891, 'sample_ddof1': 0.008993367735225357}",1,COMPLETE,2a93d7b6a937ad9de8d0ac9298f66317fb5515d2152fa9795b8e78528239a2c8
U1,BetaShapley,rq4pl_c1d8a9bfead19c50780def1c687d02f094e1ba4b78f034cf5f3af37ad6c6aa83,0.036228306617327212,56,1,PRIMARY_BUDGET_FIVE_SEED_MEAN,0.0045806420449345311,0.0051213134965336291,RQ4_U1_CROSSFIT_FLOW_PREDICTIVE_v1.0,BetaShapley,BetaShapley,False,2000,0.036228306617327212,"{'population_ddof0': 0.004580642044934531, 'sample_ddof1': 0.005121313496533629}",1,COMPLETE,2a93d7b6a937ad9de8d0ac9298f66317fb5515d2152fa9795b8e78528239a2c8
U1,BetaShapley,rq4pl_c44c57063c4095d7c5cba9f266f89308c3187577332638e14a2ac9352a3bcedc,0.03899844770138141,37,1,PRIMARY_BUDGET_FIVE_SEED_MEAN,0.0096581003007785281,0.010798084403025977,RQ4_U1_CROSSFIT_FLOW_PREDICTIVE_v1.0,BetaShapley,BetaShapley,False,2000,0.03899844770138141,"{'population_ddof0': 0.009658100300778528, 'sample_ddof1': 0.010798084403025977}",1,COMPLETE,2a93d7b6a937ad9de8d0ac9298f66317fb5515d2152fa9795b8e78528239a2c8
U1,BetaShapley,rq4pl_c50df2d0f34dccd5c6fd4c04df2554296de0951cfae153caf66c3d1b28edf2a5,0.045420571153715013,6,1,PRIMARY_BUDGET_FIVE_SEED_MEAN,0.0037456809163400949,0.004187798575480078,RQ4_U1_CROSSFIT_FLOW_PREDICTIVE_v1.0,BetaShapley,BetaShapley,False,2000,0.045420571153715013,"{'population_ddof0': 0.003745680916340095, 'sample_ddof1': 0.004187798575480078}",1,COMPLETE,2a93d7b6a937ad9de8d0ac9298f66317fb5515d2152fa9795b8e78528239a2c8
U1,BetaShapley,rq4pl_cd34281667eacd7ba152507c2c178706fcec3377ca5e4e7a03e57d0afe4039cf,0.037586525650384256,48,1,PRIMARY_BUDGET_FIVE_SEED_MEAN,0.0047168089488887135,0.0052735527232972467,RQ4_U1_CROSSFIT_FLOW_PREDICTIVE_v1.0,BetaShapley,BetaShapley,False,2000,0.037586525650384256,"{'population_ddof0': 0.0047168089488887135, 'sample_ddof1': 0.005273552723297247}",1,COMPLETE,2a93d7b6a937ad9de8d0ac9298f66317fb5515d2152fa9795b8e78528239a2c8
U1,BetaShapley,rq4pl_d187d2566ae800dc511414b0bf0029f8d2abefaf8094e2056437ec93373a1302,0.034618611317686135,67,1,PRIMARY_BUDGET_FIVE_SEED_MEAN,0.00370921748188332,0.0041470312164108491,RQ4_U1_CROSSFIT_FLOW_PREDICTIVE_v1.0,BetaShapley,BetaShapley,False,2000,0.034618611317686135,"{'population_ddof0': 0.00370921748188332, 'sample_ddof1': 0.004147031216410849}",1,COMPLETE,2a93d7b6a937ad9de8d0ac9298f66317fb5515d2152fa9795b8e78528239a2c8
U1,BetaShapley,rq4pl_d1f9fd6e3cdcde1fa8756288e24a1963811e664635bfe1c22e95c370eed88648,0.038867337175316354,39,1,PRIMARY_BUDGET_FIVE_SEED_MEAN,0.0051052349175553452,0.0057078261583796436,RQ4_U1_CROSSFIT_FLOW_PREDICTIVE_v1.0,BetaShapley,BetaShapley,False,2000,0.038867337175316354,"{'population_ddof0': 0.005105234917555345, 'sample_ddof1': 0.005707826158379644}",1,COMPLETE,2a93d7b6a937ad9de8d0ac9298f66317fb5515d2152fa9795b8e78528239a2c8
U1,BetaShapley,rq4pl_d4000a9d56e3e14c3e7e40a365bd148cb599b417a3a3cf16b73585515a81e23b,0.03872496296716034,41,1,PRIMARY_BUDGET_FIVE_SEED_MEAN,0.0049173568603499487,0.0054977721046837128,RQ4_U1_CROSSFIT_FLOW_PREDICTIVE_v1.0,BetaShapley,BetaShapley,False,2000,0.03872496296716034,"{'population_ddof0': 0.004917356860349949, 'sample_ddof1': 0.005497772104683713}",1,COMPLETE,2a93d7b6a937ad9de8d0ac9298f66317fb5515d2152fa9795b8e78528239a2c8
U1,BetaShapley,rq4pl_d66b087b0e4957bdf0aafee5f81fa592b12fa633b7dc393d329e0222672b944b,0.045624298513383552,5,1,PRIMARY_BUDGET_FIVE_SEED_MEAN,0.0074746945702584616,0.0083569625850732493,RQ4_U1_CROSSFIT_FLOW_PREDICTIVE_v1.0,BetaShapley,BetaShapley,False,2000,0.045624298513383552,"{'population_ddof0': 0.007474694570258462, 'sample_ddof1': 0.00835696258507325}",1,COMPLETE,2a93d7b6a937ad9de8d0ac9298f66317fb5515d2152fa9795b8e78528239a2c8
U1,BetaShapley,rq4pl_dbb38a3a562ab8c02a421b313352132a8954e8fe1fde0b346b91b568714e22b5,0.036831938937198404,53,1,PRIMARY_BUDGET_FIVE_SEED_MEAN,0.0053312417589661161,0.0059605094887668925,RQ4_U1_CROSSFIT_FLOW_PREDICTIVE_v1.0,BetaShapley,BetaShapley,False,2000,0.036831938937198404,"{'population_ddof0': 0.005331241758966116, 'sample_ddof1': 0.0059605094887668925}",1,COMPLETE,2a93d7b6a937ad9de8d0ac9298f66317fb5515d2152fa9795b8e78528239a2c8
U1,BetaShapley,rq4pl_dd9c02a4f48d8522951eca749bbc246b9ba10de171f1f6810bf6cdbd5db9ba96,0.026074268548471762,80,1,PRIMARY_BUDGET_FIVE_SEED_MEAN,0.0058810047016428918,0.0065751631444346875,RQ4_U1_CROSSFIT_FLOW_PREDICTIVE_v1.0,BetaShapley,BetaShapley,False,2000,0.026074268548471762,"{'population_ddof0': 0.005881004701642892, 'sample_ddof1': 0.0065751631444346875}",1,COMPLETE,2a93d7b6a937ad9de8d0ac9298f66317fb5515d2152fa9795b8e78528239a2c8
U1,BetaShapley,rq4pl_ddded89f25c263e646c6de652144e12a3a857b99f36ea28a4e48059f0d3feedd,0.019373014199888249,81,1,PRIMARY_BUDGET_FIVE_SEED_MEAN,0.00334990924037456,0.0037453123899660995,RQ4_U1_CROSSFIT_FLOW_PREDICTIVE_v1.0,BetaShapley,BetaShapley,False,2000,0.019373014199888249,"{'population_ddof0': 0.00334990924037456, 'sample_ddof1': 0.0037453123899660995}",1,COMPLETE,2a93d7b6a937ad9de8d0ac9298f66317fb5515d2152fa9795b8e78528239a2c8
U1,BetaShapley,rq4pl_e05ca12594d92d5ffa238e73d9c4d2d58648d44595cc4b742e4987827e6005ec,0.012179873180173804,85,1,PRIMARY_BUDGET_FIVE_SEED_MEAN,0.002420039174796349,0.0027056860515285663,RQ4_U1_CROSSFIT_FLOW_PREDICTIVE_v1.0,BetaShapley,BetaShapley,False,2000,0.012179873180173804,"{'population_ddof0': 0.002420039174796349, 'sample_ddof1': 0.0027056860515285663}",1,COMPLETE,2a93d7b6a937ad9de8d0ac9298f66317fb5515d2152fa9795b8e78528239a2c8
U1,BetaShapley,rq4pl_e4bd54fcbb4fa282dda7e8b52bd3f36cabb08cbbb872585c2cfde9ab6fb52bc3,0.043853215628226909,11,1,PRIMARY_BUDGET_FIVE_SEED_MEAN,0.0065488996742172432,0.0073218924246879914,RQ4_U1_CROSSFIT_FLOW_PREDICTIVE_v1.0,BetaShapley,BetaShapley,False,2000,0.043853215628226909,"{'population_ddof0': 0.006548899674217243, 'sample_ddof1': 0.007321892424687991}",1,COMPLETE,2a93d7b6a937ad9de8d0ac9298f66317fb5515d2152fa9795b8e78528239a2c8
U1,BetaShapley,rq4pl_ec4768bbd656fe4efb8d2ea314eb11fe6a2ab4f58c0075100553b6cdaa76dc40,0.044240336903027616,8,1,PRIMARY_BUDGET_FIVE_SEED_MEAN,0.0046764504057865012,0.0052284305003725464,RQ4_U1_CROSSFIT_FLOW_PREDICTIVE_v1.0,BetaShapley,BetaShapley,False,2000,0.044240336903027616,"{'population_ddof0': 0.004676450405786501, 'sample_ddof1': 0.005228430500372546}",1,COMPLETE,2a93d7b6a937ad9de8d0ac9298f66317fb5515d2152fa9795b8e78528239a2c8
U1,BetaShapley,rq4pl_f06a3f01fb3c07b5ede9269d49c7052b89b2a70e6ebeb1c9a9490a8445c53c66,0.038581023761535625,42,1,PRIMARY_BUDGET_FIVE_SEED_MEAN,0.0058475737152127363,0.0065377861653283372,RQ4_U1_CROSSFIT_FLOW_PREDICTIVE_v1.0,BetaShapley,BetaShapley,False,2000,0.038581023761535625,"{'population_ddof0': 0.005847573715212736, 'sample_ddof1': 0.006537786165328337}",1,COMPLETE,2a93d7b6a937ad9de8d0ac9298f66317fb5515d2152fa9795b8e78528239a2c8
U1,BetaShapley,rq4pl_f283062986cf5795c7e0e29998d378d3595c96b782e6a134e7bc7955513b7bda,0.035528754041747768,61,1,PRIMARY_BUDGET_FIVE_SEED_MEAN,0.0071478413112437906,0.0079915295321611735,RQ4_U1_CROSSFIT_FLOW_PREDICTIVE_v1.0,BetaShapley,BetaShapley,False,2000,0.035528754041747768,"{'population_ddof0': 0.0071478413112437906, 'sample_ddof1': 0.007991529532161173}",1,COMPLETE,2a93d7b6a937ad9de8d0ac9298f66317fb5515d2152fa9795b8e78528239a2c8
U1,BetaShapley,rq4pl_f5199056462868814f42843c579cdd76cde8a2c78ce0473ab4111070b99d79ae,0.037218770017791766,50,1,PRIMARY_BUDGET_FIVE_SEED_MEAN,0.005384865044701914,0.0060204621448079624,RQ4_U1_CROSSFIT_FLOW_PREDICTIVE_v1.0,BetaShapley,BetaShapley,False,2000,0.037218770017791766,"{'population_ddof0': 0.005384865044701914, 'sample_ddof1': 0.006020462144807962}",1,COMPLETE,2a93d7b6a937ad9de8d0ac9298f66317fb5515d2152fa9795b8e78528239a2c8
U1,BetaShapley,rq4pl_f7a890ef24f1a183fda1bc7b51c391847589dc2ba49cbdc108238cd7c3f5de69,0.037122341828670732,51,1,PRIMARY_BUDGET_FIVE_SEED_MEAN,0.0049372595584168781,0.0055200239975903669,RQ4_U1_CROSSFIT_FLOW_PREDICTIVE_v1.0,BetaShapley,BetaShapley,False,2000,0.037122341828670732,"{'population_ddof0': 0.004937259558416878, 'sample_ddof1': 0.005520023997590367}",1,COMPLETE,2a93d7b6a937ad9de8d0ac9298f66317fb5515d2152fa9795b8e78528239a2c8
U1,BetaShapley,rq4pl_f96533b8d21a3e2fdc49eee8d6249c15c50d1169ec3cbf289a9b206512db5095,0.044612862324490597,7,1,PRIMARY_BUDGET_FIVE_SEED_MEAN,0.0058918268644619328,0.0065872626902981606,RQ4_U1_CROSSFIT_FLOW_PREDICTIVE_v1.0,BetaShapley,BetaShapley,False,2000,0.044612862324490597,"{'population_ddof0': 0.005891826864461933, 'sample_ddof1': 0.006587262690298161}",1,COMPLETE,2a93d7b6a937ad9de8d0ac9298f66317fb5515d2152fa9795b8e78528239a2c8
U1,BetaShapley,rq4pl_fb1bfc39fd90c2e580b66654de71236ee19ebcbd49a84453055e3de655354d7a,0.039428233826364019,34,1,PRIMARY_BUDGET_FIVE_SEED_MEAN,0.00543381280036074,0.0060751873993075542,RQ4_U1_CROSSFIT_FLOW_PREDICTIVE_v1.0,BetaShapley,BetaShapley,False,2000,0.039428233826364019,"{'population_ddof0': 0.00543381280036074, 'sample_ddof1': 0.006075187399307554}",1,COMPLETE,2a93d7b6a937ad9de8d0ac9298f66317fb5515d2152fa9795b8e78528239a2c8
U1,Banzhaf,rq4pl_0532a4cb6907f03e27619a0515bb2e6743c95c10734472fdf9b78259d4b7de0d,0.00052391896324142093,15,1,PRIMARY_BUDGET_FIVE_SEED_MEAN,3.2382363314060432e-05,3.6204582821167251e-05,RQ4_U1_CROSSFIT_FLOW_PREDICTIVE_v1.0,Banzhaf,DataBanzhaf,False,5000,0.00052391896324142093,"{'population_ddof0': 3.238236331406043e-05, 'sample_ddof1': 3.620458282116725e-05}",1,COMPLETE,2a93d7b6a937ad9de8d0ac9298f66317fb5515d2152fa9795b8e78528239a2c8
U1,Banzhaf,rq4pl_09be7cd9da11fbfb20ba616d65fb61ae0935d8c47abad11a95638192b4ab78a0,0.0001530272217962647,44,1,PRIMARY_BUDGET_FIVE_SEED_MEAN,0.000154549177804232,0.00017279123371848222,RQ4_U1_CROSSFIT_FLOW_PREDICTIVE_v1.0,Banzhaf,DataBanzhaf,False,5000,0.0001530272217962647,"{'population_ddof0': 0.000154549177804232, 'sample_ddof1': 0.00017279123371848222}",0.80000000000000004,COMPLETE,2a93d7b6a937ad9de8d0ac9298f66317fb5515d2152fa9795b8e78528239a2c8
U1,Banzhaf,rq4pl_1a5ade7ebe21d184c51a0987dde4ae0f770fe7723ce0cbcc92a96f9caa08b59c,6.57070431294482e-05,52,1,PRIMARY_BUDGET_FIVE_SEED_MEAN,0.00010759660290960721,0.00012029665912696669,RQ4_U1_CROSSFIT_FLOW_PREDICTIVE_v1.0,Banzhaf,DataBanzhaf,False,5000,6.57070431294482e-05,"{'population_ddof0': 0.00010759660290960721, 'sample_ddof1': 0.00012029665912696669}",0.59999999999999998,COMPLETE,2a93d7b6a937ad9de8d0ac9298f66317fb5515d2152fa9795b8e78528239a2c8
U1,Banzhaf,rq4pl_1c77b9285da3e18e2c9d13b01da8a49b4cbd86cce0d8c763e1f8a0ca9cef0d5e,0.00028496340234567262,34,1,PRIMARY_BUDGET_FIVE_SEED_MEAN,0.00013107595346548709,0.00014654737108221413,RQ4_U1_CROSSFIT_FLOW_PREDICTIVE_v1.0,Banzhaf,DataBanzhaf,False,5000,0.00028496340234567262,"{'population_ddof0': 0.0001310759534654871, 'sample_ddof1': 0.00014654737108221413}",1,COMPLETE,2a93d7b6a937ad9de8d0ac9298f66317fb5515d2152fa9795b8e78528239a2c8
U1,Banzhaf,rq4pl_1d855e88db60ee7025904aa8a525479548a77e0d19058f0c53427d2ec1bb6f3c,-0.00013469837980704114,66,-1,PRIMARY_BUDGET_FIVE_SEED_MEAN,6.2494680917047005e-05,6.9871177381337994e-05,RQ4_U1_CROSSFIT_FLOW_PREDICTIVE_v1.0,Banzhaf,DataBanzhaf,False,5000,-0.00013469837980704114,"{'population_ddof0': 6.2494680917047e-05, 'sample_ddof1': 6.9871177381338e-05}",1,COMPLETE,2a93d7b6a937ad9de8d0ac9298f66317fb5515d2152fa9795b8e78528239a2c8
U1,Banzhaf,rq4pl_1f2b5330032d1122ed72a49f4c7e06d2316e19613ae92835c3fe7ce66f84ab95,8.8659228202092605e-05,46,1,PRIMARY_BUDGET_FIVE_SEED_MEAN,5.6659444842919588e-05,6.3347185118084044e-05,RQ4_U1_CROSSFIT_FLOW_PREDICTIVE_v1.0,Banzhaf,DataBanzhaf,False,5000,8.8659228202092605e-05,"{'population_ddof0': 5.665944484291959e-05, 'sample_ddof1': 6.334718511808404e-05}",0.80000000000000004,COMPLETE,2a93d7b6a937ad9de8d0ac9298f66317fb5515d2152fa9795b8e78528239a2c8
U1,Banzhaf,rq4pl_1f86fa31dfb5e650fec3539a3b633361c0ebda9e1dc7bd7e87c23b6f17736f50,0.00049355988661434755,19,1,PRIMARY_BUDGET_FIVE_SEED_MEAN,0.00015093804883061383,0.00016875386878821758,RQ4_U1_CROSSFIT_FLOW_PREDICTIVE_v1.0,Banzhaf,DataBanzhaf,False,5000,0.00049355988661434755,"{'population_ddof0': 0.00015093804883061383, 'sample_ddof1': 0.00016875386878821758}",1,COMPLETE,2a93d7b6a937ad9de8d0ac9298f66317fb5515d2152fa9795b8e78528239a2c8
U1,Banzhaf,rq4pl_22b714056fe11fe49d00762cbf5773eb347e2123ce6d7c7d1d4ca39a52741230,-1.8233264349487578e-05,60,-1,PRIMARY_BUDGET_FIVE_SEED_MEAN,0.00018436716214953293,0.00020612875369254094,RQ4_U1_CROSSFIT_FLOW_PREDICTIVE_v1.0,Banzhaf,DataBanzhaf,False,5000,-1.8233264349487578e-05,"{'population_ddof0': 0.00018436716214953293, 'sample_ddof1': 0.00020612875369254094}",0.20000000000000001,COMPLETE,2a93d7b6a937ad9de8d0ac9298f66317fb5515d2152fa9795b8e78528239a2c8
U1,Banzhaf,rq4pl_23ffb5c653f6ba9ac74f29404ba77e8845182799e69694089a03d53c723437af,-7.2211087008677841e-05,64,-1,PRIMARY_BUDGET_FIVE_SEED_MEAN,7.7479671744655162e-05,8.6624906447709335e-05,RQ4_U1_CROSSFIT_FLOW_PREDICTIVE_v1.0,Banzhaf,DataBanzhaf,False,5000,-7.2211087008677841e-05,"{'population_ddof0': 7.747967174465516e-05, 'sample_ddof1': 8.662490644770933e-05}",0.80000000000000004,COMPLETE,2a93d7b6a937ad9de8d0ac9298f66317fb5515d2152fa9795b8e78528239a2c8
U1,Banzhaf,rq4pl_27dcd03e1448e916a58694d8ccf2c59e967462e922b5a9649173125124677da2,-1.4762962467829155e-05,58,-1,PRIMARY_BUDGET_FIVE_SEED_MEAN,9.6272275384484289e-05,0.00010763567605414327,RQ4_U1_CROSSFIT_FLOW_PREDICTIVE_v1.0,Banzhaf,DataBanzhaf,False,5000,-1.4762962467829155e-05,"{'population_ddof0': 9.627227538448429e-05, 'sample_ddof1': 0.00010763567605414327}",0.59999999999999998,COMPLETE,2a93d7b6a937ad9de8d0ac9298f66317fb5515d2152fa9795b8e78528239a2c8
U1,Banzhaf,rq4pl_28057b23871b792d5ccae17cf7598818485d47433583896088c62b56a9e852b7,0.00052096342192438079,16,1,PRIMARY_BUDGET_FIVE_SEED_MEAN,0.00010011405641764368,0.00011193091782655018,RQ4_U1_CROSSFIT_FLOW_PREDICTIVE_v1.0,Banzhaf,DataBanzhaf,False,5000,0.00052096342192438079,"{'population_ddof0': 0.00010011405641764368, 'sample_ddof1': 0.00011193091782655018}",1,COMPLETE,2a93d7b6a937ad9de8d0ac9298f66317fb5515d2152fa9795b8e78528239a2c8
U1,Banzhaf,rq4pl_288ab04cc797e99e073777b2a2124b8734f384c4794cf8e4f20a68d6326a2997,0.00045126317690020735,24,1,PRIMARY_BUDGET_FIVE_SEED_MEAN,0.00012364773346005721,0.0001382423686402316,RQ4_U1_CROSSFIT_FLOW_PREDICTIVE_v1.0,Banzhaf,DataBanzhaf,False,5000,0.00045126317690020735,"{'population_ddof0': 0.0001236477334600572, 'sample_ddof1': 0.0001382423686402316}",1,COMPLETE,2a93d7b6a937ad9de8d0ac9298f66317fb5515d2152fa9795b8e78528239a2c8
U1,Banzhaf,rq4pl_2a3723e60ab1bcdd4b2d572f38d5508552f6451ef1c1856cddf4cd922cba0cfe,0.00037919969979374193,26,1,PRIMARY_BUDGET_FIVE_SEED_MEAN,0.00013037938494760864,0.00014576858380373287,RQ4_U1_CROSSFIT_FLOW_PREDICTIVE_v1.0,Banzhaf,DataBanzhaf,False,5000,0.00037919969979374193,"{'population_ddof0': 0.00013037938494760864, 'sample_ddof1': 0.00014576858380373287}",1,COMPLETE,2a93d7b6a937ad9de8d0ac9298f66317fb5515d2152fa9795b8e78528239a2c8
U1,Banzhaf,rq4pl_2cb5c1217ab2b40aff5a474651095e3574ed7d53da1422b5ca6bc3a002543c50,0.00028496499562407073,33,1,PRIMARY_BUDGET_FIVE_SEED_MEAN,9.3958676832495334e-05,0.00010504899423669708,RQ4_U1_CROSSFIT_FLOW_PREDICTIVE_v1.0,Banzhaf,DataBanzhaf,False,5000,0.00028496499562407073,"{'population_ddof0': 9.395867683249533e-05, 'sample_ddof1': 0.00010504899423669708}",1,COMPLETE,2a93d7b6a937ad9de8d0ac9298f66317fb5515d2152fa9795b8e78528239a2c8
U1,Banzhaf,rq4pl_2d8a206efdf69f46f6c09e1ca360dd0d276a4994d838e7c8089a6d654b88ffcb,-6.7058633064331907e-05,62,-1,PRIMARY_BUDGET_FIVE_SEED_MEAN,0.00017240638627049243,0.00019275619972795375,RQ4_U1_CROSSFIT_FLOW_PREDICTIVE_v1.0,Banzhaf,DataBanzhaf,False,5000,-6.7058633064331907e-05,"{'population_ddof0': 0.00017240638627049243, 'sample_ddof1': 0.00019275619972795375}",0.80000000000000004,COMPLETE,2a93d7b6a937ad9de8d0ac9298f66317fb5515d2152fa9795b8e78528239a2c8
U1,Banzhaf,rq4pl_2e80f039f040a45eb52235ab80a0277dbfffc4ed7ccbe651ee5041205d6d9761,0.001649740666958488,8,1,PRIMARY_BUDGET_FIVE_SEED_MEAN,7.7870299031207698e-05,8.7061641031008208e-05,RQ4_U1_CROSSFIT_FLOW_PREDICTIVE_v1.0,Banzhaf,DataBanzhaf,False,5000,0.001649740666958488,"{'population_ddof0': 7.78702990312077e-05, 'sample_ddof1': 8.706164103100821e-05}",1,COMPLETE,2a93d7b6a937ad9de8d0ac9298f66317fb5515d2152fa9795b8e78528239a2c8
U1,Banzhaf,rq4pl_3dd18371f820e26ab096783ac0736dc77d4623cbe21c9f5f82fee13254f040ca,0.00062180432703131674,12,1,PRIMARY_BUDGET_FIVE_SEED_MEAN,0.00017933630578669571,0.00020050408528637025,RQ4_U1_CROSSFIT_FLOW_PREDICTIVE_v1.0,Banzhaf,DataBanzhaf,False,5000,0.00062180432703131674,"{'population_ddof0': 0.0001793363057866957, 'sample_ddof1': 0.00020050408528637025}",1,COMPLETE,2a93d7b6a937ad9de8d0ac9298f66317fb5515d2152fa9795b8e78528239a2c8
U1,Banzhaf,rq4pl_3f9e12a328d8b46d330804866e951e97191cfa133ea3142d9ea9e5f8caf78255,2.797819604172247e-05,57,1,PRIMARY_BUDGET_FIVE_SEED_MEAN,0.00019687834205352764,0.00022011667806457166,RQ4_U1_CROSSFIT_FLOW_PREDICTIVE_v1.0,Banzhaf,DataBanzhaf,False,5000,2.797819604172247e-05,"{'population_ddof0': 0.00019687834205352764, 'sample_ddof1': 0.00022011667806457166}",0.40000000000000002,COMPLETE,2a93d7b6a937ad9de8d0ac9298f66317fb5515d2152fa9795b8e78528239a2c8
U1,Banzhaf,rq4pl_4526181cef1978791c1b852517c9f484a85dc65e3d1a0ebcee60be0c6fcb4daa,0.00019511357320858291,40,1,PRIMARY_BUDGET_FIVE_SEED_MEAN,0.00012040381888752774,0.00013461556189154258,RQ4_U1_CROSSFIT_FLOW_PREDICTIVE_v1.0,Banzhaf,DataBanzhaf,False,5000,0.00019511357320858291,"{'population_ddof0': 0.00012040381888752774, 'sample_ddof1': 0.00013461556189154258}",0.80000000000000004,COMPLETE,2a93d7b6a937ad9de8d0ac9298f66317fb5515d2152fa9795b8e78528239a2c8
U1,Banzhaf,rq4pl_49a0fe00384016bb5def3279c2c707dca67b361547be80fc15389ac9c17f494d,0.00024817818134383887,36,1,PRIMARY_BUDGET_FIVE_SEED_MEAN,0.00014815988286427515,0.00016564778481146275,RQ4_U1_CROSSFIT_FLOW_PREDICTIVE_v1.0,Banzhaf,DataBanzhaf,False,5000,0.00024817818134383887,"{'population_ddof0': 0.00014815988286427515, 'sample_ddof1': 0.00016564778481146275}",1,COMPLETE,2a93d7b6a937ad9de8d0ac9298f66317fb5515d2152fa9795b8e78528239a2c8
U1,Banzhaf,rq4pl_4e692c97ba95b2144be502eed69d3407185830e46bbcd157da519620b01d828a,0.0011306437619653885,9,1,PRIMARY_BUDGET_FIVE_SEED_MEAN,0.00014995531197563495,0.00016765513558235403,RQ4_U1_CROSSFIT_FLOW_PREDICTIVE_v1.0,Banzhaf,DataBanzhaf,False,5000,0.0011306437619653885,"{'population_ddof0': 0.00014995531197563495, 'sample_ddof1': 0.00016765513558235403}",1,COMPLETE,2a93d7b6a937ad9de8d0ac9298f66317fb5515d2152fa9795b8e78528239a2c8
U1,Banzhaf,rq4pl_5037fd384d5294abdbe4ffce392704458d08fb0bae3ab918a40d9910c7afaf76,0.00019070107914740398,41,1,PRIMARY_BUDGET_FIVE_SEED_MEAN,0.0001535940183097614,0.00017172333293898691,RQ4_U1_CROSSFIT_FLOW_PREDICTIVE_v1.0,Banzhaf,DataBanzhaf,False,5000,0.00019070107914740398,"{'population_ddof0': 0.0001535940183097614, 'sample_ddof1': 0.0001717233329389869}",1,COMPLETE,2a93d7b6a937ad9de8d0ac9298f66317fb5515d2152fa9795b8e78528239a2c8
U1,Banzhaf,rq4pl_50b52f48539311562de5f2c4511a487f16b741151bdafdf9aea7e9ce3acd2edf,0.0017466163587928074,7,1,PRIMARY_BUDGET_FIVE_SEED_MEAN,0.00011468095866248813,0.00012821720964708341,RQ4_U1_CROSSFIT_FLOW_PREDICTIVE_v1.0,Banzhaf,DataBanzhaf,False,5000,0.0017466163587928074,"{'population_ddof0': 0.00011468095866248813, 'sample_ddof1': 0.0001282172096470834}",1,COMPLETE,2a93d7b6a937ad9de8d0ac9298f66317fb5515d2152fa9795b8e78528239a2c8
U1,Banzhaf,rq4pl_5184388a6f4710019ba3de190fa81206bc33d73d5cf9bdb1fb5ff0ab7aa78ce3,6.7455041010822109e-05,51,1,PRIMARY_BUDGET_FIVE_SEED_MEAN,0.00012433107734688322,0.00013900637033170755,RQ4_U1_CROSSFIT_FLOW_PREDICTIVE_v1.0,Banzhaf,DataBanzhaf,False,5000,6.7455041010822109e-05,"{'population_ddof0': 0.00012433107734688322, 'sample_ddof1': 0.00013900637033170755}",0.80000000000000004,COMPLETE,2a93d7b6a937ad9de8d0ac9298f66317fb5515d2152fa9795b8e78528239a2c8
U1,Banzhaf,rq4pl_528faab818aea81377a588b69617c8879424b2b7442ec09bcb9ed017ec4d6d3f,0.0019828835598039384,6,1,PRIMARY_BUDGET_FIVE_SEED_MEAN,0.00011489864533411863,0.00012846059074486416,RQ4_U1_CROSSFIT_FLOW_PREDICTIVE_v1.0,Banzhaf,DataBanzhaf,False,5000,0.0019828835598039384,"{'population_ddof0': 0.00011489864533411863, 'sample_ddof1': 0.00012846059074486416}",1,COMPLETE,2a93d7b6a937ad9de8d0ac9298f66317fb5515d2152fa9795b8e78528239a2c8
U1,Banzhaf,rq4pl_531b9c0c619e4db6be919435fa31a4d082f65428f9aad61ca94aa5ea33f9e56d,0.0030983794293931942,3,1,PRIMARY_BUDGET_FIVE_SEED_MEAN,0.00016064643845718527,0.00017960817836675135,RQ4_U1_CROSSFIT_FLOW_PREDICTIVE_v1.0,Banzhaf,DataBanzhaf,False,5000,0.0030983794293931942,"{'population_ddof0': 0.00016064643845718527, 'sample_ddof1': 0.00017960817836675135}",1,COMPLETE,2a93d7b6a937ad9de8d0ac9298f66317fb5515d2152fa9795b8e78528239a2c8
U1,Banzhaf,rq4pl_53e992688a427d676f535b232d898de29ce10d56c38aa1dee766e4ae5bddcaa9,-0.0012333142701765666,75,-1,PRIMARY_BUDGET_FIVE_SEED_MEAN,5.4302873961367993e-05,6.0712458775611065e-05,RQ4_U1_CROSSFIT_FLOW_PREDICTIVE_v1.0,Banzhaf,DataBanzhaf,False,5000,-0.0012333142701765666,"{'population_ddof0': 5.430287396136799e-05, 'sample_ddof1': 6.0712458775611065e-05}",1,COMPLETE,2a93d7b6a937ad9de8d0ac9298f66317fb5515d2152fa9795b8e78528239a2c8
U1,Banzhaf,rq4pl_57ceee7a7bef5403fac868dcc505d822058df3cc9480a2a7d1878aed23af10b0,7.4737155443660439e-05,50,1,PRIMARY_BUDGET_FIVE_SEED_MEAN,6.9721075169175713e-05,7.7950531771324766e-05,RQ4_U1_CROSSFIT_FLOW_PREDICTIVE_v1.0,Banzhaf,DataBanzhaf,False,5000,7.4737155443660439e-05,"{'population_ddof0': 6.972107516917571e-05, 'sample_ddof1': 7.795053177132477e-05}",0.80000000000000004,COMPLETE,2a93d7b6a937ad9de8d0ac9298f66317fb5515d2152fa9795b8e78528239a2c8
U1,Banzhaf,rq4pl_5a2258b978ff34e7af144229f99d6c44cb7181831e348fc5629dcc0d2355dedf,0.00036880266037355727,27,1,PRIMARY_BUDGET_FIVE_SEED_MEAN,0.00014816613371103555,0.00016565477347059933,RQ4_U1_CROSSFIT_FLOW_PREDICTIVE_v1.0,Banzhaf,DataBanzhaf,False,5000,0.00036880266037355727,"{'population_ddof0': 0.00014816613371103555, 'sample_ddof1': 0.00016565477347059933}",1,COMPLETE,2a93d7b6a937ad9de8d0ac9298f66317fb5515d2152fa9795b8e78528239a2c8
U1,Banzhaf,rq4pl_5ce73c4684c24f08ee44c4a4b831aa3856cf226ede09c76a2fa3b1f295805d90,7.6867617513620703e-05,49,1,PRIMARY_BUDGET_FIVE_SEED_MEAN,0.00014911774597079194,0.00016671870832111807,RQ4_U1_CROSSFIT_FLOW_PREDICTIVE_v1.0,Banzhaf,DataBanzhaf,False,5000,7.6867617513620703e-05,"{'population_ddof0': 0.00014911774597079194, 'sample_ddof1': 0.00016671870832111807}",0.59999999999999998,COMPLETE,2a93d7b6a937ad9de8d0ac9298f66317fb5515d2152fa9795b8e78528239a2c8
U1,Banzhaf,rq4pl_5e6791ad491883687a106c94a0b9e41c52aabc86cfcfa05a9493431e840b60d0,0.0004759860644604208,21,1,PRIMARY_BUDGET_FIVE_SEED_MEAN,0.00014850911772119026,0.00016603824125155004,RQ4_U1_CROSSFIT_FLOW_PREDICTIVE_v1.0,Banzhaf,DataBanzhaf,False,5000,0.0004759860644604208,"{'population_ddof0': 0.00014850911772119026, 'sample_ddof1': 0.00016603824125155004}",1,COMPLETE,2a93d7b6a937ad9de8d0ac9298f66317fb5515d2152fa9795b8e78528239a2c8
U1,Banzhaf,rq4pl_5ed0bb4c8d3c870a714d77e2173f6576e6fdb37d1b4aeb30a571a4f3358d0209,-0.0022236065096755018,84,-1,PRIMARY_BUDGET_FIVE_SEED_MEAN,8.4088260649084048e-05,9.4013533460536266e-05,RQ4_U1_CROSSFIT_FLOW_PREDICTIVE_v1.0,Banzhaf,DataBanzhaf,False,5000,-0.0022236065096755018,"{'population_ddof0': 8.408826064908405e-05, 'sample_ddof1': 9.401353346053627e-05}",1,COMPLETE,2a93d7b6a937ad9de8d0ac9298f66317fb5515d2152fa9795b8e78528239a2c8
U1,Banzhaf,rq4pl_6214d02fd058209dcc56d1ae78ebd1fbb4e4cece516947fc2f4e8a164ee7ca01,0.00016141932522970582,42,1,PRIMARY_BUDGET_FIVE_SEED_MEAN,0.0001493275054457942,0.00016695322654363293,RQ4_U1_CROSSFIT_FLOW_PREDICTIVE_v1.0,Banzhaf,DataBanzhaf,False,5000,0.00016141932522970582,"{'population_ddof0': 0.0001493275054457942, 'sample_ddof1': 0.00016695322654363293}",0.80000000000000004,COMPLETE,2a93d7b6a937ad9de8d0ac9298f66317fb5515d2152fa9795b8e78528239a2c8
U1,Banzhaf,rq4pl_66bed34f45b4b3060987b79b022e3235a654f463837eee2d7269ac7e4626729b,-0.00015219052289692226,68,-1,PRIMARY_BUDGET_FIVE_SEED_MEAN,0.00019965222285092031,0.00022321797107679734,RQ4_U1_CROSSFIT_FLOW_PREDICTIVE_v1.0,Banzhaf,DataBanzhaf,False,5000,-0.00015219052289692226,"{'population_ddof0': 0.0001996522228509203, 'sample_ddof1': 0.00022321797107679734}",0.80000000000000004,COMPLETE,2a93d7b6a937ad9de8d0ac9298f66317fb5515d2152fa9795b8e78528239a2c8
U1,Banzhaf,rq4pl_6885d49a65f7468a688cb02159a3cd7b0b97e7bd82fdbd711c96b370284cd669,-0.00054696612106412972,70,-1,PRIMARY_BUDGET_FIVE_SEED_MEAN,0.00018786386763270182,0.00021003818927137189,RQ4_U1_CROSSFIT_FLOW_PREDICTIVE_v1.0,Banzhaf,DataBanzhaf,False,5000,-0.00054696612106412972,"{'population_ddof0': 0.00018786386763270182, 'sample_ddof1': 0.0002100381892713719}",1,COMPLETE,2a93d7b6a937ad9de8d0ac9298f66317fb5515d2152fa9795b8e78528239a2c8
U1,Banzhaf,rq4pl_6d050112c2bb5784fe247e301c0e63d0f5b9d3b1b8fd618851ca9e9c2b78b867,6.2049780486428391e-05,54,1,PRIMARY_BUDGET_FIVE_SEED_MEAN,0.00010341780395772676,0.00011562461986661191,RQ4_U1_CROSSFIT_FLOW_PREDICTIVE_v1.0,Banzhaf,DataBanzhaf,False,5000,6.2049780486428391e-05,"{'population_ddof0': 0.00010341780395772676, 'sample_ddof1': 0.00011562461986661191}",0.59999999999999998,COMPLETE,2a93d7b6a937ad9de8d0ac9298f66317fb5515d2152fa9795b8e78528239a2c8
U1,Banzhaf,rq4pl_6e3dc67c674d01023007eb26f49f8c58bff8b7e8b7bea62d5909611192d8e970,-6.8282642919648137e-05,63,-1,PRIMARY_BUDGET_FIVE_SEED_MEAN,0.00016497460292360939,0.00018444721334911308,RQ4_U1_CROSSFIT_FLOW_PREDICTIVE_v1.0,Banzhaf,DataBanzhaf,False,5000,-6.8282642919648137e-05,"{'population_ddof0': 0.0001649746029236094, 'sample_ddof1': 0.00018444721334911308}",0.80000000000000004,COMPLETE,2a93d7b6a937ad9de8d0ac9298f66317fb5515d2152fa9795b8e78528239a2c8
U1,Banzhaf,rq4pl_704732b7282cac1f404ca502930d30fda9625a2af72f54afdac7dae6d25c7c54,-0.0025333571948055189,85,-1,PRIMARY_BUDGET_FIVE_SEED_MEAN,0.00013891377733975886,0.00015531032457148536,RQ4_U1_CROSSFIT_FLOW_PREDICTIVE_v1.0,Banzhaf,DataBanzhaf,False,5000,-0.0025333571948055189,"{'population_ddof0': 0.00013891377733975886, 'sample_ddof1': 0.00015531032457148536}",1,COMPLETE,2a93d7b6a937ad9de8d0ac9298f66317fb5515d2152fa9795b8e78528239a2c8
U1,Banzhaf,rq4pl_72dbce4ede6a34ce4cea21bd1569cc93f5bc5ec1ebf84e08d809d24bd83d3fb9,0.0001294430619975584,45,1,PRIMARY_BUDGET_FIVE_SEED_MEAN,0.00016108702377303885,0.00018010076772481974,RQ4_U1_CROSSFIT_FLOW_PREDICTIVE_v1.0,Banzhaf,DataBanzhaf,False,5000,0.0001294430619975584,"{'population_ddof0': 0.00016108702377303885, 'sample_ddof1': 0.00018010076772481974}",0.59999999999999998,COMPLETE,2a93d7b6a937ad9de8d0ac9298f66317fb5515d2152fa9795b8e78528239a2c8
U1,Banzhaf,rq4pl_737f80c3dfd06ade34ad2149c1577883c219fbfba517f469b0a93f44cece88a5,0.00015762355727559906,43,1,PRIMARY_BUDGET_FIVE_SEED_MEAN,5.292220411582724e-05,5.9168822961054426e-05,RQ4_U1_CROSSFIT_FLOW_PREDICTIVE_v1.0,Banzhaf,DataBanzhaf,False,5000,0.00015762355727559906,"{'population_ddof0': 5.292220411582724e-05, 'sample_ddof1': 5.9168822961054426e-05}",1,COMPLETE,2a93d7b6a937ad9de8d0ac9298f66317fb5515d2152fa9795b8e78528239a2c8
U1,Banzhaf,rq4pl_74622e5219312fc5296f8223c2d0d0885f85bd2a8d8ba7ec66a80fa237016b97,-0.00065506913700799088,73,-1,PRIMARY_BUDGET_FIVE_SEED_MEAN,0.00014035981209192829,0.00015692704057332433,RQ4_U1_CROSSFIT_FLOW_PREDICTIVE_v1.0,Banzhaf,DataBanzhaf,False,5000,-0.00065506913700799088,"{'population_ddof0': 0.0001403598120919283, 'sample_ddof1': 0.00015692704057332433}",1,COMPLETE,2a93d7b6a937ad9de8d0ac9298f66317fb5515d2152fa9795b8e78528239a2c8
U1,Banzhaf,rq4pl_751c80984b9439db6d959a253ef28d8ac8887109b64117f9e8ea128454eb21a9,-1.6031731590726574e-05,59,-1,PRIMARY_BUDGET_FIVE_SEED_MEAN,8.565827909409614e-05,9.5768867445024023e-05,RQ4_U1_CROSSFIT_FLOW_PREDICTIVE_v1.0,Banzhaf,DataBanzhaf,False,5000,-1.6031731590726574e-05,"{'population_ddof0': 8.565827909409614e-05, 'sample_ddof1': 9.576886744502402e-05}",0.40000000000000002,COMPLETE,2a93d7b6a937ad9de8d0ac9298f66317fb5515d2152fa9795b8e78528239a2c8
U1,Banzhaf,rq4pl_75cc85bb6c5b8925d272e917cc4dff9931194d33bba9d181181b84422284945c,-0.00085707934607224254,74,-1,PRIMARY_BUDGET_FIVE_SEED_MEAN,0.0001259343165908485,0.00014079884629855839,RQ4_U1_CROSSFIT_FLOW_PREDICTIVE_v1.0,Banzhaf,DataBanzhaf,False,5000,-0.00085707934607224254,"{'population_ddof0': 0.0001259343165908485, 'sample_ddof1': 0.0001407988462985584}",1,COMPLETE,2a93d7b6a937ad9de8d0ac9298f66317fb5515d2152fa9795b8e78528239a2c8
U1,Banzhaf,rq4pl_7f11a95cb3c782a07423244f0559dc07990186de3f2c3433ca7c031a299e1ed6,0.0031298067468776168,2,1,PRIMARY_BUDGET_FIVE_SEED_MEAN,6.0869868720209283e-05,6.8054582119938037e-05,RQ4_U1_CROSSFIT_FLOW_PREDICTIVE_v1.0,Banzhaf,DataBanzhaf,False,5000,0.0031298067468776168,"{'population_ddof0': 6.086986872020928e-05, 'sample_ddof1': 6.805458211993804e-05}",1,COMPLETE,2a93d7b6a937ad9de8d0ac9298f66317fb5515d2152fa9795b8e78528239a2c8
U1,Banzhaf,rq4pl_81944e8b070b792bee63c694afa6df24ae334bcec84fb750323b7010e5b89f0c,-0.0017592382845856847,79,-1,PRIMARY_BUDGET_FIVE_SEED_MEAN,0.00017038258060640918,0.00019049351620888412,RQ4_U1_CROSSFIT_FLOW_PREDICTIVE_v1.0,Banzhaf,DataBanzhaf,False,5000,-0.0017592382845856847,"{'population_ddof0': 0.00017038258060640918, 'sample_ddof1': 0.00019049351620888412}",1,COMPLETE,2a93d7b6a937ad9de8d0ac9298f66317fb5515d2152fa9795b8e78528239a2c8
U1,Banzhaf,rq4pl_8418af3a52c899314f8cee1f68ef67042c14e244ec96f1651d6cf90adaf976e9,2.8601388804960771e-05,56,1,PRIMARY_BUDGET_FIVE_SEED_MEAN,6.4558690949498721e-05,7.217881075073979e-05,RQ4_U1_CROSSFIT_FLOW_PREDICTIVE_v1.0,Banzhaf,DataBanzhaf,False,5000,2.8601388804960771e-05,"{'population_ddof0': 6.455869094949872e-05, 'sample_ddof1': 7.217881075073979e-05}",0.80000000000000004,COMPLETE,2a93d7b6a937ad9de8d0ac9298f66317fb5515d2152fa9795b8e78528239a2c8
U1,Banzhaf,rq4pl_873015599e1a61eaf581849d8f379b6279fe67f30b567aa06cb5672f7d93bb5b,0.00020773100383713049,39,1,PRIMARY_BUDGET_FIVE_SEED_MEAN,0.00019859846973053658,0.00022203983927245708,RQ4_U1_CROSSFIT_FLOW_PREDICTIVE_v1.0,Banzhaf,DataBanzhaf,False,5000,0.00020773100383713049,"{'population_ddof0': 0.00019859846973053658, 'sample_ddof1': 0.00022203983927245708}",0.80000000000000004,COMPLETE,2a93d7b6a937ad9de8d0ac9298f66317fb5515d2152fa9795b8e78528239a2c8
U1,Banzhaf,rq4pl_8856b5958742c42b6b8b3285816039d964d4aa58cfbb750974ed3865743975d2,0.00030840414514554659,31,1,PRIMARY_BUDGET_FIVE_SEED_MEAN,0.00018224843195937556,0.00020375994132695445,RQ4_U1_CROSSFIT_FLOW_PREDICTIVE_v1.0,Banzhaf,DataBanzhaf,False,5000,0.00030840414514554659,"{'population_ddof0': 0.00018224843195937556, 'sample_ddof1': 0.00020375994132695445}",1,COMPLETE,2a93d7b6a937ad9de8d0ac9298f66317fb5515d2152fa9795b8e78528239a2c8
U1,Banzhaf,rq4pl_8bfd3ead1ec4a765b15f2943774d78b22d2b5775e679545109e954a7ee722859,-0.00052066553536209701,69,-1,PRIMARY_BUDGET_FIVE_SEED_MEAN,0.000133586633072101,0.00014935439621726972,RQ4_U1_CROSSFIT_FLOW_PREDICTIVE_v1.0,Banzhaf,DataBanzhaf,False,5000,-0.00052066553536209701,"{'population_ddof0': 0.000133586633072101, 'sample_ddof1': 0.00014935439621726972}",1,COMPLETE,2a93d7b6a937ad9de8d0ac9298f66317fb5515d2152fa9795b8e78528239a2c8
U1,Banzhaf,rq4pl_8f9e3c929255cb478c6971057add1a066e4d207215ff914c925dbac0a0764b2e,-3.2191093298283843e-05,61,-1,PRIMARY_BUDGET_FIVE_SEED_MEAN,0.00020200894249732332,0.00022585286374343053,RQ4_U1_CROSSFIT_FLOW_PREDICTIVE_v1.0,Banzhaf,DataBanzhaf,False,5000,-3.2191093298283843e-05,"{'population_ddof0': 0.00020200894249732332, 'sample_ddof1': 0.00022585286374343053}",0.59999999999999998,COMPLETE,2a93d7b6a937ad9de8d0ac9298f66317fb5515d2152fa9795b8e78528239a2c8
U1,Banzhaf,rq4pl_91b95ed1e9b13d6acbb09a43677fd72ded41f866d90394cda2a5ddb957e36d36,0.004822738876680277,1,1,PRIMARY_BUDGET_FIVE_SEED_MEAN,0.00011003324836056945,0.00012302091155967529,RQ4_U1_CROSSFIT_FLOW_PREDICTIVE_v1.0,Banzhaf,DataBanzhaf,False,5000,0.004822738876680277,"{'population_ddof0': 0.00011003324836056945, 'sample_ddof1': 0.0001230209115596753}",1,COMPLETE,2a93d7b6a937ad9de8d0ac9298f66317fb5515d2152fa9795b8e78528239a2c8
U1,Banzhaf,rq4pl_9716a8135adaa7ff5e78cd7aecee78cc286787b70d5f21f713826ded4b790aaa,0.00047920141463761998,20,1,PRIMARY_BUDGET_FIVE_SEED_MEAN,0.00020986314708693079,0.00023463413142920712,RQ4_U1_CROSSFIT_FLOW_PREDICTIVE_v1.0,Banzhaf,DataBanzhaf,False,5000,0.00047920141463761998,"{'population_ddof0': 0.0002098631470869308, 'sample_ddof1': 0.00023463413142920712}",1,COMPLETE,2a93d7b6a937ad9de8d0ac9298f66317fb5515d2152fa9795b8e78528239a2c8
U1,Banzhaf,rq4pl_9768f8f32c61c8a69c5c8756077724eeeef5d2cf4841e2d12e6d8181c2910438,-0.0005580798611026117,72,-1,PRIMARY_BUDGET_FIVE_SEED_MEAN,0.00014705138780066654,0.00016440844965398684,RQ4_U1_CROSSFIT_FLOW_PREDICTIVE_v1.0,Banzhaf,DataBanzhaf,False,5000,-0.0005580798611026117,"{'population_ddof0': 0.00014705138780066654, 'sample_ddof1': 0.00016440844965398684}",1,COMPLETE,2a93d7b6a937ad9de8d0ac9298f66317fb5515d2152fa9795b8e78528239a2c8
U1,Banzhaf,rq4pl_99654ddaf213d54232ef4d4124775aa57c181595de1c34c3e29845e83aa37d49,-0.0019513178792911257,82,-1,PRIMARY_BUDGET_FIVE_SEED_MEAN,8.6302783657301297e-05,9.6489445452591809e-05,RQ4_U1_CROSSFIT_FLOW_PREDICTIVE_v1.0,Banzhaf,DataBanzhaf,False,5000,-0.0019513178792911257,"{'population_ddof0': 8.63027836573013e-05, 'sample_ddof1': 9.648944545259181e-05}",1,COMPLETE,2a93d7b6a937ad9de8d0ac9298f66317fb5515d2152fa9795b8e78528239a2c8
U1,Banzhaf,rq4pl_9d8d55b7ecd42bdf2bc5a4fa61d1e462b8d284af7c42aba26406dd2ddf39d05c,7.9131683119437751e-05,48,1,PRIMARY_BUDGET_FIVE_SEED_MEAN,5.995317213008708e-05,6.7029684174810283e-05,RQ4_U1_CROSSFIT_FLOW_PREDICTIVE_v1.0,Banzhaf,DataBanzhaf,False,5000,7.9131683119437751e-05,"{'population_ddof0': 5.995317213008708e-05, 'sample_ddof1': 6.702968417481028e-05}",0.80000000000000004,COMPLETE,2a93d7b6a937ad9de8d0ac9298f66317fb5515d2152fa9795b8e78528239a2c8
U1,Banzhaf,rq4pl_a1074f330e6553f0cefe25f45b2c70ebcbbea3786546914da7ddefc7e5e39d49,0.00041949731834747264,25,1,PRIMARY_BUDGET_FIVE_SEED_MEAN,7.4151990471737548e-05,8.2904445680860928e-05,RQ4_U1_CROSSFIT_FLOW_PREDICTIVE_v1.0,Banzhaf,DataBanzhaf,False,5000,0.00041949731834747264,"{'population_ddof0': 7.415199047173755e-05, 'sample_ddof1': 8.290444568086093e-05}",1,COMPLETE,2a93d7b6a937ad9de8d0ac9298f66317fb5515d2152fa9795b8e78528239a2c8
U1,Banzhaf,rq4pl_a9793baa644855553e8015d6a1b3d02070efe245762ffae94df09bd769cdcba2,-0.0017635022291109914,80,-1,PRIMARY_BUDGET_FIVE_SEED_MEAN,5.6677886808347784e-05,6.3367803862252118e-05,RQ4_U1_CROSSFIT_FLOW_PREDICTIVE_v1.0,Banzhaf,DataBanzhaf,False,5000,-0.0017635022291109914,"{'population_ddof0': 5.6677886808347784e-05, 'sample_ddof1': 6.336780386225212e-05}",1,COMPLETE,2a93d7b6a937ad9de8d0ac9298f66317fb5515d2152fa9795b8e78528239a2c8
U1,Banzhaf,rq4pl_a9a9f8752e77fd422a9e11996f9c6ef7383c98dbd9fbbdefdd9ee2826a145f87,0.002026008162105586,5,1,PRIMARY_BUDGET_FIVE_SEED_MEAN,0.00028033446551312358,0.00031342346066170741,RQ4_U1_CROSSFIT_FLOW_PREDICTIVE_v1.0,Banzhaf,DataBanzhaf,False,5000,0.002026008162105586,"{'population_ddof0': 0.0002803344655131236, 'sample_ddof1': 0.0003134234606617074}",1,COMPLETE,2a93d7b6a937ad9de8d0ac9298f66317fb5515d2152fa9795b8e78528239a2c8
U1,Banzhaf,rq4pl_aafeaa0e17d1a236ab3d2a50b7c6ae0b1fad2ca480ec38ae3abc02cf28f07e57,0.00030586963942422771,32,1,PRIMARY_BUDGET_FIVE_SEED_MEAN,0.00018442267189312594,0.0002061908154725847,RQ4_U1_CROSSFIT_FLOW_PREDICTIVE_v1.0,Banzhaf,DataBanzhaf,False,5000,0.00030586963942422771,"{'population_ddof0': 0.00018442267189312594, 'sample_ddof1': 0.0002061908154725847}",1,COMPLETE,2a93d7b6a937ad9de8d0ac9298f66317fb5515d2152fa9795b8e78528239a2c8
U1,Banzhaf,rq4pl_abccb2a01a9363ea2b127868d79a3d4d232a900f8b9c11f011fb7d0f3e58f6f5,8.2568910612268451e-05,47,1,PRIMARY_BUDGET_FIVE_SEED_MEAN,0.00010876958729537446,0.00012160809553852738,RQ4_U1_CROSSFIT_FLOW_PREDICTIVE_v1.0,Banzhaf,DataBanzhaf,False,5000,8.2568910612268451e-05,"{'population_ddof0': 0.00010876958729537446, 'sample_ddof1': 0.00012160809553852738}",0.80000000000000004,COMPLETE,2a93d7b6a937ad9de8d0ac9298f66317fb5515d2152fa9795b8e78528239a2c8
U1,Banzhaf,rq4pl_b453f91fa98c6b4bc6d049117656e8fe296ede0f009a6abfb6bf826a10c7b69f,0.00051211413975704723,17,1,PRIMARY_BUDGET_FIVE_SEED_MEAN,0.00020113695835931823,0.00022487795583949006,RQ4_U1_CROSSFIT_FLOW_PREDICTIVE_v1.0,Banzhaf,DataBanzhaf,False,5000,0.00051211413975704723,"{'population_ddof0': 0.00020113695835931823, 'sample_ddof1': 0.00022487795583949006}",1,COMPLETE,2a93d7b6a937ad9de8d0ac9298f66317fb5515d2152fa9795b8e78528239a2c8
U1,Banzhaf,rq4pl_b594945677d01537de1189aa78917fab2bd6dabba146cd05a66184ddbd4b6d69,0.00051076477821756507,18,1,PRIMARY_BUDGET_FIVE_SEED_MEAN,0.00013692793781248962,0.00015309008848379534,RQ4_U1_CROSSFIT_FLOW_PREDICTIVE_v1.0,Banzhaf,DataBanzhaf,False,5000,0.00051076477821756507,"{'population_ddof0': 0.00013692793781248962, 'sample_ddof1': 0.00015309008848379534}",1,COMPLETE,2a93d7b6a937ad9de8d0ac9298f66317fb5515d2152fa9795b8e78528239a2c8
U1,Banzhaf,rq4pl_b65281ddda280d90e9154f2cd65dc9f053001b6c6ee2440b3874b357418202a7,-0.00014721411267595296,67,-1,PRIMARY_BUDGET_FIVE_SEED_MEAN,0.0001254910021751427,0.00014030320571409654,RQ4_U1_CROSSFIT_FLOW_PREDICTIVE_v1.0,Banzhaf,DataBanzhaf,False,5000,-0.00014721411267595296,"{'population_ddof0': 0.0001254910021751427, 'sample_ddof1': 0.00014030320571409654}",1,COMPLETE,2a93d7b6a937ad9de8d0ac9298f66317fb5515d2152fa9795b8e78528239a2c8
U1,Banzhaf,rq4pl_bcfb0a9fdadc4fe473ea2d864a7d932ae5a2336b39487c0be1a3b3d5694bbe35,0.0004517220696424795,23,1,PRIMARY_BUDGET_FIVE_SEED_MEAN,0.0001363758416562844,0.00015247282621609973,RQ4_U1_CROSSFIT_FLOW_PREDICTIVE_v1.0,Banzhaf,DataBanzhaf,False,5000,0.0004517220696424795,"{'population_ddof0': 0.0001363758416562844, 'sample_ddof1': 0.00015247282621609973}",1,COMPLETE,2a93d7b6a937ad9de8d0ac9298f66317fb5515d2152fa9795b8e78528239a2c8
U1,Banzhaf,rq4pl_bf99a403b1c9dfee592b4f101a1cc64d37e474df5c0ef6e34633edb95dace400,-9.2024480087360422e-05,65,-1,PRIMARY_BUDGET_FIVE_SEED_MEAN,7.0464531234254172e-05,7.878174092122474e-05,RQ4_U1_CROSSFIT_FLOW_PREDICTIVE_v1.0,Banzhaf,DataBanzhaf,False,5000,-9.2024480087360422e-05,"{'population_ddof0': 7.046453123425417e-05, 'sample_ddof1': 7.878174092122474e-05}",0.80000000000000004,COMPLETE,2a93d7b6a937ad9de8d0ac9298f66317fb5515d2152fa9795b8e78528239a2c8
U1,Banzhaf,rq4pl_c1d8a9bfead19c50780def1c687d02f094e1ba4b78f034cf5f3af37ad6c6aa83,0.00075100071800429105,10,1,PRIMARY_BUDGET_FIVE_SEED_MEAN,0.00018532756431428112,0.00020720251595559839,RQ4_U1_CROSSFIT_FLOW_PREDICTIVE_v1.0,Banzhaf,DataBanzhaf,False,5000,0.00075100071800429105,"{'population_ddof0': 0.00018532756431428112, 'sample_ddof1': 0.0002072025159555984}",1,COMPLETE,2a93d7b6a937ad9de8d0ac9298f66317fb5515d2152fa9795b8e78528239a2c8
U1,Banzhaf,rq4pl_c44c57063c4095d7c5cba9f266f89308c3187577332638e14a2ac9352a3bcedc,-0.0015318434200688237,78,-1,PRIMARY_BUDGET_FIVE_SEED_MEAN,0.00015673703522535649,0.00017523733267783809,RQ4_U1_CROSSFIT_FLOW_PREDICTIVE_v1.0,Banzhaf,DataBanzhaf,False,5000,-0.0015318434200688237,"{'population_ddof0': 0.00015673703522535649, 'sample_ddof1': 0.0001752373326778381}",1,COMPLETE,2a93d7b6a937ad9de8d0ac9298f66317fb5515d2152fa9795b8e78528239a2c8
U1,Banzhaf,rq4pl_c50df2d0f34dccd5c6fd4c04df2554296de0951cfae153caf66c3d1b28edf2a5,0.0002722385024010343,35,1,PRIMARY_BUDGET_FIVE_SEED_MEAN,0.00015052758434472337,0.00016829495554181731,RQ4_U1_CROSSFIT_FLOW_PREDICTIVE_v1.0,Banzhaf,DataBanzhaf,False,5000,0.0002722385024010343,"{'population_ddof0': 0.00015052758434472337, 'sample_ddof1': 0.00016829495554181731}",1,COMPLETE,2a93d7b6a937ad9de8d0ac9298f66317fb5515d2152fa9795b8e78528239a2c8
U1,Banzhaf,rq4pl_cd34281667eacd7ba152507c2c178706fcec3377ca5e4e7a03e57d0afe4039cf,5.1093641068145068e-05,55,1,PRIMARY_BUDGET_FIVE_SEED_MEAN,5.5628352616412953e-05,6.2194388963313823e-05,RQ4_U1_CROSSFIT_FLOW_PREDICTIVE_v1.0,Banzhaf,DataBanzhaf,False,5000,5.1093641068145068e-05,"{'population_ddof0': 5.562835261641295e-05, 'sample_ddof1': 6.219438896331382e-05}",0.80000000000000004,COMPLETE,2a93d7b6a937ad9de8d0ac9298f66317fb5515d2152fa9795b8e78528239a2c8
U1,Banzhaf,rq4pl_d187d2566ae800dc511414b0bf0029f8d2abefaf8094e2056437ec93373a1302,0.00032578424640536949,30,1,PRIMARY_BUDGET_FIVE_SEED_MEAN,0.00013392141395292454,0.00014972869262081404,RQ4_U1_CROSSFIT_FLOW_PREDICTIVE_v1.0,Banzhaf,DataBanzhaf,False,5000,0.00032578424640536949,"{'population_ddof0': 0.00013392141395292454, 'sample_ddof1': 0.00014972869262081404}",1,COMPLETE,2a93d7b6a937ad9de8d0ac9298f66317fb5515d2152fa9795b8e78528239a2c8
U1,Banzhaf,rq4pl_d1f9fd6e3cdcde1fa8756288e24a1963811e664635bfe1c22e95c370eed88648,0.00058947527041333105,13,1,PRIMARY_BUDGET_FIVE_SEED_MEAN,9.0715916581390866e-05,0.00010142347805859516,RQ4_U1_CROSSFIT_FLOW_PREDICTIVE_v1.0,Banzhaf,DataBanzhaf,False,5000,0.00058947527041333105,"{'population_ddof0': 9.071591658139087e-05, 'sample_ddof1': 0.00010142347805859516}",1,COMPLETE,2a93d7b6a937ad9de8d0ac9298f66317fb5515d2152fa9795b8e78528239a2c8
U1,Banzhaf,rq4pl_d4000a9d56e3e14c3e7e40a365bd148cb599b417a3a3cf16b73585515a81e23b,0.00022816235918825533,37,1,PRIMARY_BUDGET_FIVE_SEED_MEAN,0.0001563965065523896,0.00017485661004731722,RQ4_U1_CROSSFIT_FLOW_PREDICTIVE_v1.0,Banzhaf,DataBanzhaf,False,5000,0.00022816235918825533,"{'population_ddof0': 0.0001563965065523896, 'sample_ddof1': 0.00017485661004731722}",1,COMPLETE,2a93d7b6a937ad9de8d0ac9298f66317fb5515d2152fa9795b8e78528239a2c8
U1,Banzhaf,rq4pl_d66b087b0e4957bdf0aafee5f81fa592b12fa633b7dc393d329e0222672b944b,0.00035869811393149929,28,1,PRIMARY_BUDGET_FIVE_SEED_MEAN,0.00013866164873691108,0.00015502843622396551,RQ4_U1_CROSSFIT_FLOW_PREDICTIVE_v1.0,Banzhaf,DataBanzhaf,False,5000,0.00035869811393149929,"{'population_ddof0': 0.00013866164873691108, 'sample_ddof1': 0.0001550284362239655}",1,COMPLETE,2a93d7b6a937ad9de8d0ac9298f66317fb5515d2152fa9795b8e78528239a2c8
U1,Banzhaf,rq4pl_dbb38a3a562ab8c02a421b313352132a8954e8fe1fde0b346b91b568714e22b5,0.0004753434397960721,22,1,PRIMARY_BUDGET_FIVE_SEED_MEAN,0.00018472125208472605,0.00020652463827516111,RQ4_U1_CROSSFIT_FLOW_PREDICTIVE_v1.0,Banzhaf,DataBanzhaf,False,5000,0.0004753434397960721,"{'population_ddof0': 0.00018472125208472605, 'sample_ddof1': 0.0002065246382751611}",1,COMPLETE,2a93d7b6a937ad9de8d0ac9298f66317fb5515d2152fa9795b8e78528239a2c8
U1,Banzhaf,rq4pl_dd9c02a4f48d8522951eca749bbc246b9ba10de171f1f6810bf6cdbd5db9ba96,-0.0018993843675463528,81,-1,PRIMARY_BUDGET_FIVE_SEED_MEAN,0.00012039808829654905,0.00013460915489605277,RQ4_U1_CROSSFIT_FLOW_PREDICTIVE_v1.0,Banzhaf,DataBanzhaf,False,5000,-0.0018993843675463528,"{'population_ddof0': 0.00012039808829654905, 'sample_ddof1': 0.00013460915489605277}",1,COMPLETE,2a93d7b6a937ad9de8d0ac9298f66317fb5515d2152fa9795b8e78528239a2c8
U1,Banzhaf,rq4pl_ddded89f25c263e646c6de652144e12a3a857b99f36ea28a4e48059f0d3feedd,-0.0014686485761582491,77,-1,PRIMARY_BUDGET_FIVE_SEED_MEAN,0.00013332997107740846,0.00014906743938358311,RQ4_U1_CROSSFIT_FLOW_PREDICTIVE_v1.0,Banzhaf,DataBanzhaf,False,5000,-0.0014686485761582491,"{'population_ddof0': 0.00013332997107740846, 'sample_ddof1': 0.0001490674393835831}",1,COMPLETE,2a93d7b6a937ad9de8d0ac9298f66317fb5515d2152fa9795b8e78528239a2c8
U1,Banzhaf,rq4pl_e05ca12594d92d5ffa238e73d9c4d2d58648d44595cc4b742e4987827e6005ec,-0.0021230792841181899,83,-1,PRIMARY_BUDGET_FIVE_SEED_MEAN,0.00011432897710192172,0.00012782368229895692,RQ4_U1_CROSSFIT_FLOW_PREDICTIVE_v1.0,Banzhaf,DataBanzhaf,False,5000,-0.0021230792841181899,"{'population_ddof0': 0.00011432897710192172, 'sample_ddof1': 0.00012782368229895692}",1,COMPLETE,2a93d7b6a937ad9de8d0ac9298f66317fb5515d2152fa9795b8e78528239a2c8
U1,Banzhaf,rq4pl_e4bd54fcbb4fa282dda7e8b52bd3f36cabb08cbbb872585c2cfde9ab6fb52bc3,-0.00054893710017052118,71,-1,PRIMARY_BUDGET_FIVE_SEED_MEAN,0.0001975985814615999,0.00022092193020283355,RQ4_U1_CROSSFIT_FLOW_PREDICTIVE_v1.0,Banzhaf,DataBanzhaf,False,5000,-0.00054893710017052118,"{'population_ddof0': 0.0001975985814615999, 'sample_ddof1': 0.00022092193020283355}",1,COMPLETE,2a93d7b6a937ad9de8d0ac9298f66317fb5515d2152fa9795b8e78528239a2c8
U1,Banzhaf,rq4pl_ec4768bbd656fe4efb8d2ea314eb11fe6a2ab4f58c0075100553b6cdaa76dc40,0.0028150428109171566,4,1,PRIMARY_BUDGET_FIVE_SEED_MEAN,0.00017904143242428066,0.00020017440684481328,RQ4_U1_CROSSFIT_FLOW_PREDICTIVE_v1.0,Banzhaf,DataBanzhaf,False,5000,0.0028150428109171566,"{'population_ddof0': 0.00017904143242428066, 'sample_ddof1': 0.00020017440684481328}",1,COMPLETE,2a93d7b6a937ad9de8d0ac9298f66317fb5515d2152fa9795b8e78528239a2c8
U1,Banzhaf,rq4pl_f06a3f01fb3c07b5ede9269d49c7052b89b2a70e6ebeb1c9a9490a8445c53c66,0.00072433051199352063,11,1,PRIMARY_BUDGET_FIVE_SEED_MEAN,0.00010125543583128044,0.00011320701880505548,RQ4_U1_CROSSFIT_FLOW_PREDICTIVE_v1.0,Banzhaf,DataBanzhaf,False,5000,0.00072433051199352063,"{'population_ddof0': 0.00010125543583128044, 'sample_ddof1': 0.00011320701880505548}",1,COMPLETE,2a93d7b6a937ad9de8d0ac9298f66317fb5515d2152fa9795b8e78528239a2c8
U1,Banzhaf,rq4pl_f283062986cf5795c7e0e29998d378d3595c96b782e6a134e7bc7955513b7bda,0.00053243469601316207,14,1,PRIMARY_BUDGET_FIVE_SEED_MEAN,0.00015114583684631446,0.00016898618285222578,RQ4_U1_CROSSFIT_FLOW_PREDICTIVE_v1.0,Banzhaf,DataBanzhaf,False,5000,0.00053243469601316207,"{'population_ddof0': 0.00015114583684631446, 'sample_ddof1': 0.00016898618285222578}",1,COMPLETE,2a93d7b6a937ad9de8d0ac9298f66317fb5515d2152fa9795b8e78528239a2c8
U1,Banzhaf,rq4pl_f5199056462868814f42843c579cdd76cde8a2c78ce0473ab4111070b99d79ae,6.490002341108525e-05,53,1,PRIMARY_BUDGET_FIVE_SEED_MEAN,8.1342926783771913e-05,9.0944156888651161e-05,RQ4_U1_CROSSFIT_FLOW_PREDICTIVE_v1.0,Banzhaf,DataBanzhaf,False,5000,6.490002341108525e-05,"{'population_ddof0': 8.134292678377191e-05, 'sample_ddof1': 9.094415688865116e-05}",0.59999999999999998,COMPLETE,2a93d7b6a937ad9de8d0ac9298f66317fb5515d2152fa9795b8e78528239a2c8
U1,Banzhaf,rq4pl_f7a890ef24f1a183fda1bc7b51c391847589dc2ba49cbdc108238cd7c3f5de69,-0.0013803501073618829,76,-1,PRIMARY_BUDGET_FIVE_SEED_MEAN,0.00017557199865792243,0.0001962954619723082,RQ4_U1_CROSSFIT_FLOW_PREDICTIVE_v1.0,Banzhaf,DataBanzhaf,False,5000,-0.0013803501073618829,"{'population_ddof0': 0.00017557199865792243, 'sample_ddof1': 0.0001962954619723082}",1,COMPLETE,2a93d7b6a937ad9de8d0ac9298f66317fb5515d2152fa9795b8e78528239a2c8
U1,Banzhaf,rq4pl_f96533b8d21a3e2fdc49eee8d6249c15c50d1169ec3cbf289a9b206512db5095,0.00033962570835497361,29,1,PRIMARY_BUDGET_FIVE_SEED_MEAN,0.00012102845402397413,0.00013531392520465705,RQ4_U1_CROSSFIT_FLOW_PREDICTIVE_v1.0,Banzhaf,DataBanzhaf,False,5000,0.00033962570835497361,"{'population_ddof0': 0.00012102845402397413, 'sample_ddof1': 0.00013531392520465705}",1,COMPLETE,2a93d7b6a937ad9de8d0ac9298f66317fb5515d2152fa9795b8e78528239a2c8
U1,Banzhaf,rq4pl_fb1bfc39fd90c2e580b66654de71236ee19ebcbd49a84453055e3de655354d7a,0.00022096134068454453,38,1,PRIMARY_BUDGET_FIVE_SEED_MEAN,0.00011765262935601709,0.00013153963848582076,RQ4_U1_CROSSFIT_FLOW_PREDICTIVE_v1.0,Banzhaf,DataBanzhaf,False,5000,0.00022096134068454453,"{'population_ddof0': 0.0001176526293560171, 'sample_ddof1': 0.00013153963848582076}",1,COMPLETE,2a93d7b6a937ad9de8d0ac9298f66317fb5515d2152fa9795b8e78528239a2c8
U1,AME,rq4pl_0532a4cb6907f03e27619a0515bb2e6743c95c10734472fdf9b78259d4b7de0d,0.00014795482346492618,16,1,PRIMARY_BUDGET_FIVE_SEED_MEAN,5.8710450558493196e-05,6.5640279219215635e-05,RQ4_U1_CROSSFIT_FLOW_PREDICTIVE_v1.0,AME,AME,False,1000,0.00014795482346492618,"{'population_ddof0': 5.8710450558493196e-05, 'sample_ddof1': 6.564027921921564e-05}",1,COMPLETE,2a93d7b6a937ad9de8d0ac9298f66317fb5515d2152fa9795b8e78528239a2c8
U1,AME,rq4pl_09be7cd9da11fbfb20ba616d65fb61ae0935d8c47abad11a95638192b4ab78a0,3.8368717741385008e-06,42,1,PRIMARY_BUDGET_FIVE_SEED_MEAN,1.0469703854405413e-05,1.1705484761371031e-05,RQ4_U1_CROSSFIT_FLOW_PREDICTIVE_v1.0,AME,AME,False,1000,3.8368717741385008e-06,"{'population_ddof0': 1.0469703854405413e-05, 'sample_ddof1': 1.1705484761371031e-05}",0.20000000000000001,COMPLETE,2a93d7b6a937ad9de8d0ac9298f66317fb5515d2152fa9795b8e78528239a2c8
U1,AME,rq4pl_1a5ade7ebe21d184c51a0987dde4ae0f770fe7723ce0cbcc92a96f9caa08b59c,-7.2308662670047402e-05,61,-1,PRIMARY_BUDGET_FIVE_SEED_MEAN,8.2218010030985257e-05,9.1922529702021305e-05,RQ4_U1_CROSSFIT_FLOW_PREDICTIVE_v1.0,AME,AME,False,1000,-7.2308662670047402e-05,"{'population_ddof0': 8.221801003098526e-05, 'sample_ddof1': 9.19225297020213e-05}",0.59999999999999998,COMPLETE,2a93d7b6a937ad9de8d0ac9298f66317fb5515d2152fa9795b8e78528239a2c8
U1,AME,rq4pl_1c77b9285da3e18e2c9d13b01da8a49b4cbd86cce0d8c763e1f8a0ca9cef0d5e,4.0599951291891596e-05,33,1,PRIMARY_BUDGET_FIVE_SEED_MEAN,5.0104596043264373e-05,5.6018641368953062e-05,RQ4_U1_CROSSFIT_FLOW_PREDICTIVE_v1.0,AME,AME,False,1000,4.0599951291891596e-05,"{'population_ddof0': 5.010459604326437e-05, 'sample_ddof1': 5.601864136895306e-05}",0.40000000000000002,COMPLETE,2a93d7b6a937ad9de8d0ac9298f66317fb5515d2152fa9795b8e78528239a2c8
U1,AME,rq4pl_1d855e88db60ee7025904aa8a525479548a77e0d19058f0c53427d2ec1bb6f3c,-0.00032513911591868324,70,-1,PRIMARY_BUDGET_FIVE_SEED_MEAN,0.00011339343437940882,0.0001267777137372599,RQ4_U1_CROSSFIT_FLOW_PREDICTIVE_v1.0,AME,AME,False,1000,-0.00032513911591868324,"{'population_ddof0': 0.00011339343437940882, 'sample_ddof1': 0.0001267777137372599}",1,COMPLETE,2a93d7b6a937ad9de8d0ac9298f66317fb5515d2152fa9795b8e78528239a2c8
U1,AME,rq4pl_1f2b5330032d1122ed72a49f4c7e06d2316e19613ae92835c3fe7ce66f84ab95,-3.1523182655692007e-05,56,-1,PRIMARY_BUDGET_FIVE_SEED_MEAN,8.4805101833294427e-05,9.481498626901919e-05,RQ4_U1_CROSSFIT_FLOW_PREDICTIVE_v1.0,AME,AME,False,1000,-3.1523182655692007e-05,"{'population_ddof0': 8.480510183329443e-05, 'sample_ddof1': 9.481498626901919e-05}",0.40000000000000002,COMPLETE,2a93d7b6a937ad9de8d0ac9298f66317fb5515d2152fa9795b8e78528239a2c8
U1,AME,rq4pl_1f86fa31dfb5e650fec3539a3b633361c0ebda9e1dc7bd7e87c23b6f17736f50,0.00015150202356480205,15,1,PRIMARY_BUDGET_FIVE_SEED_MEAN,0.00016176269004062444,0.00018085618557703225,RQ4_U1_CROSSFIT_FLOW_PREDICTIVE_v1.0,AME,AME,False,1000,0.00015150202356480205,"{'population_ddof0': 0.00016176269004062444, 'sample_ddof1': 0.00018085618557703225}",0.59999999999999998,COMPLETE,2a93d7b6a937ad9de8d0ac9298f66317fb5515d2152fa9795b8e78528239a2c8
U1,AME,rq4pl_22b714056fe11fe49d00762cbf5773eb347e2123ce6d7c7d1d4ca39a52741230,-3.3932822511025861e-05,57,-1,PRIMARY_BUDGET_FIVE_SEED_MEAN,4.7021381390336504e-05,5.2571502592367994e-05,RQ4_U1_CROSSFIT_FLOW_PREDICTIVE_v1.0,AME,AME,False,1000,-3.3932822511025861e-05,"{'population_ddof0': 4.7021381390336504e-05, 'sample_ddof1': 5.2571502592367994e-05}",0.40000000000000002,COMPLETE,2a93d7b6a937ad9de8d0ac9298f66317fb5515d2152fa9795b8e78528239a2c8
U1,AME,rq4pl_23ffb5c653f6ba9ac74f29404ba77e8845182799e69694089a03d53c723437af,-2.0497457530431209e-05,51,-1,PRIMARY_BUDGET_FIVE_SEED_MEAN,6.7415588336289765e-05,7.5372919131542926e-05,RQ4_U1_CROSSFIT_FLOW_PREDICTIVE_v1.0,AME,AME,False,1000,-2.0497457530431209e-05,"{'population_ddof0': 6.741558833628977e-05, 'sample_ddof1': 7.537291913154293e-05}",0.80000000000000004,COMPLETE,2a93d7b6a937ad9de8d0ac9298f66317fb5515d2152fa9795b8e78528239a2c8
U1,AME,rq4pl_27dcd03e1448e916a58694d8ccf2c59e967462e922b5a9649173125124677da2,-8.686563413519294e-05,64,-1,PRIMARY_BUDGET_FIVE_SEED_MEAN,9.5550926950229334e-05,0.00010682918398691474,RQ4_U1_CROSSFIT_FLOW_PREDICTIVE_v1.0,AME,AME,False,1000,-8.686563413519294e-05,"{'population_ddof0': 9.555092695022933e-05, 'sample_ddof1': 0.00010682918398691474}",0.59999999999999998,COMPLETE,2a93d7b6a937ad9de8d0ac9298f66317fb5515d2152fa9795b8e78528239a2c8
U1,AME,rq4pl_28057b23871b792d5ccae17cf7598818485d47433583896088c62b56a9e852b7,0.00011103508873563491,25,1,PRIMARY_BUDGET_FIVE_SEED_MEAN,7.3201133802425824e-05,8.1841355606140906e-05,RQ4_U1_CROSSFIT_FLOW_PREDICTIVE_v1.0,AME,AME,False,1000,0.00011103508873563491,"{'population_ddof0': 7.320113380242582e-05, 'sample_ddof1': 8.18413556061409e-05}",0.80000000000000004,COMPLETE,2a93d7b6a937ad9de8d0ac9298f66317fb5515d2152fa9795b8e78528239a2c8
U1,AME,rq4pl_288ab04cc797e99e073777b2a2124b8734f384c4794cf8e4f20a68d6326a2997,5.4057604911523203e-05,31,1,PRIMARY_BUDGET_FIVE_SEED_MEAN,3.9505329532131436e-05,4.4168301153687926e-05,RQ4_U1_CROSSFIT_FLOW_PREDICTIVE_v1.0,AME,AME,False,1000,5.4057604911523203e-05,"{'population_ddof0': 3.9505329532131436e-05, 'sample_ddof1': 4.4168301153687926e-05}",0.80000000000000004,COMPLETE,2a93d7b6a937ad9de8d0ac9298f66317fb5515d2152fa9795b8e78528239a2c8
U1,AME,rq4pl_2a3723e60ab1bcdd4b2d572f38d5508552f6451ef1c1856cddf4cd922cba0cfe,1.1754475341814875e-05,39,1,PRIMARY_BUDGET_FIVE_SEED_MEAN,8.3171022902441479e-05,9.2988030484025512e-05,RQ4_U1_CROSSFIT_FLOW_PREDICTIVE_v1.0,AME,AME,False,1000,1.1754475341814875e-05,"{'population_ddof0': 8.317102290244148e-05, 'sample_ddof1': 9.298803048402551e-05}",0.59999999999999998,COMPLETE,2a93d7b6a937ad9de8d0ac9298f66317fb5515d2152fa9795b8e78528239a2c8
U1,AME,rq4pl_2cb5c1217ab2b40aff5a474651095e3574ed7d53da1422b5ca6bc3a002543c50,-5.2502769570788491e-06,46,-1,PRIMARY_BUDGET_FIVE_SEED_MEAN,6.0118526903111206e-05,6.7214556431253284e-05,RQ4_U1_CROSSFIT_FLOW_PREDICTIVE_v1.0,AME,AME,False,1000,-5.2502769570788491e-06,"{'population_ddof0': 6.0118526903111206e-05, 'sample_ddof1': 6.721455643125328e-05}",0.40000000000000002,COMPLETE,2a93d7b6a937ad9de8d0ac9298f66317fb5515d2152fa9795b8e78528239a2c8
U1,AME,rq4pl_2d8a206efdf69f46f6c09e1ca360dd0d276a4994d838e7c8089a6d654b88ffcb,-5.2293180388439465e-05,59,-1,PRIMARY_BUDGET_FIVE_SEED_MEAN,7.0071126976133208e-05,7.8341901589326553e-05,RQ4_U1_CROSSFIT_FLOW_PREDICTIVE_v1.0,AME,AME,False,1000,-5.2293180388439465e-05,"{'population_ddof0': 7.007112697613321e-05, 'sample_ddof1': 7.834190158932655e-05}",0.59999999999999998,COMPLETE,2a93d7b6a937ad9de8d0ac9298f66317fb5515d2152fa9795b8e78528239a2c8
U1,AME,rq4pl_2e80f039f040a45eb52235ab80a0277dbfffc4ed7ccbe651ee5041205d6d9761,0.00081933161536913864,6,1,PRIMARY_BUDGET_FIVE_SEED_MEAN,5.9051417643572823e-05,6.6021492009379646e-05,RQ4_U1_CROSSFIT_FLOW_PREDICTIVE_v1.0,AME,AME,False,1000,0.00081933161536913864,"{'population_ddof0': 5.905141764357282e-05, 'sample_ddof1': 6.602149200937965e-05}",1,COMPLETE,2a93d7b6a937ad9de8d0ac9298f66317fb5515d2152fa9795b8e78528239a2c8
U1,AME,rq4pl_3dd18371f820e26ab096783ac0736dc77d4623cbe21c9f5f82fee13254f040ca,0.00011092299764066645,26,1,PRIMARY_BUDGET_FIVE_SEED_MEAN,7.5574967912331141e-05,8.4495382824668907e-05,RQ4_U1_CROSSFIT_FLOW_PREDICTIVE_v1.0,AME,AME,False,1000,0.00011092299764066645,"{'population_ddof0': 7.557496791233114e-05, 'sample_ddof1': 8.449538282466891e-05}",1,COMPLETE,2a93d7b6a937ad9de8d0ac9298f66317fb5515d2152fa9795b8e78528239a2c8
U1,AME,rq4pl_3f9e12a328d8b46d330804866e951e97191cfa133ea3142d9ea9e5f8caf78255,-2.5021813504601725e-05,53,-1,PRIMARY_BUDGET_FIVE_SEED_MEAN,4.3917183181815101e-05,4.9100903487424538e-05,RQ4_U1_CROSSFIT_FLOW_PREDICTIVE_v1.0,AME,AME,False,1000,-2.5021813504601725e-05,"{'population_ddof0': 4.39171831818151e-05, 'sample_ddof1': 4.910090348742454e-05}",0.40000000000000002,COMPLETE,2a93d7b6a937ad9de8d0ac9298f66317fb5515d2152fa9795b8e78528239a2c8
U1,AME,rq4pl_4526181cef1978791c1b852517c9f484a85dc65e3d1a0ebcee60be0c6fcb4daa,4.024875222609396e-05,34,1,PRIMARY_BUDGET_FIVE_SEED_MEAN,0.00013960086539556237,0.00015607851237113776,RQ4_U1_CROSSFIT_FLOW_PREDICTIVE_v1.0,AME,AME,False,1000,4.024875222609396e-05,"{'population_ddof0': 0.00013960086539556237, 'sample_ddof1': 0.00015607851237113776}",0.40000000000000002,COMPLETE,2a93d7b6a937ad9de8d0ac9298f66317fb5515d2152fa9795b8e78528239a2c8
U1,AME,rq4pl_49a0fe00384016bb5def3279c2c707dca67b361547be80fc15389ac9c17f494d,-0.00041997656703925942,73,-1,PRIMARY_BUDGET_FIVE_SEED_MEAN,0.00020305160579007451,0.00022701859674354827,RQ4_U1_CROSSFIT_FLOW_PREDICTIVE_v1.0,AME,AME,False,1000,-0.00041997656703925942,"{'population_ddof0': 0.0002030516057900745, 'sample_ddof1': 0.00022701859674354827}",1,COMPLETE,2a93d7b6a937ad9de8d0ac9298f66317fb5515d2152fa9795b8e78528239a2c8
U1,AME,rq4pl_4e692c97ba95b2144be502eed69d3407185830e46bbcd157da519620b01d828a,0.00028221966512303597,11,1,PRIMARY_BUDGET_FIVE_SEED_MEAN,0.00013610088547186594,0.00015216541585650288,RQ4_U1_CROSSFIT_FLOW_PREDICTIVE_v1.0,AME,AME,False,1000,0.00028221966512303597,"{'population_ddof0': 0.00013610088547186594, 'sample_ddof1': 0.00015216541585650288}",1,COMPLETE,2a93d7b6a937ad9de8d0ac9298f66317fb5515d2152fa9795b8e78528239a2c8
U1,AME,rq4pl_5037fd384d5294abdbe4ffce392704458d08fb0bae3ab918a40d9910c7afaf76,1.8174633614537986e-05,38,1,PRIMARY_BUDGET_FIVE_SEED_MEAN,5.4877543158013687e-05,6.1354958469748538e-05,RQ4_U1_CROSSFIT_FLOW_PREDICTIVE_v1.0,AME,AME,False,1000,1.8174633614537986e-05,"{'population_ddof0': 5.4877543158013687e-05, 'sample_ddof1': 6.135495846974854e-05}",0.40000000000000002,COMPLETE,2a93d7b6a937ad9de8d0ac9298f66317fb5515d2152fa9795b8e78528239a2c8
U1,AME,rq4pl_50b52f48539311562de5f2c4511a487f16b741151bdafdf9aea7e9ce3acd2edf,0.00075649336009606181,8,1,PRIMARY_BUDGET_FIVE_SEED_MEAN,6.7520112330462143e-05,7.548978050966754e-05,RQ4_U1_CROSSFIT_FLOW_PREDICTIVE_v1.0,AME,AME,False,1000,0.00075649336009606181,"{'population_ddof0': 6.752011233046214e-05, 'sample_ddof1': 7.548978050966754e-05}",1,COMPLETE,2a93d7b6a937ad9de8d0ac9298f66317fb5515d2152fa9795b8e78528239a2c8
U1,AME,rq4pl_5184388a6f4710019ba3de190fa81206bc33d73d5cf9bdb1fb5ff0ab7aa78ce3,5.6129638143785492e-05,30,1,PRIMARY_BUDGET_FIVE_SEED_MEAN,5.7778114427151959e-05,6.4597895735436553e-05,RQ4_U1_CROSSFIT_FLOW_PREDICTIVE_v1.0,AME,AME,False,1000,5.6129638143785492e-05,"{'population_ddof0': 5.777811442715196e-05, 'sample_ddof1': 6.459789573543655e-05}",0.59999999999999998,COMPLETE,2a93d7b6a937ad9de8d0ac9298f66317fb5515d2152fa9795b8e78528239a2c8
U1,AME,rq4pl_528faab818aea81377a588b69617c8879424b2b7442ec09bcb9ed017ec4d6d3f,0.00096907949253777182,5,1,PRIMARY_BUDGET_FIVE_SEED_MEAN,0.0001040699928702329,0.0001163537892378796,RQ4_U1_CROSSFIT_FLOW_PREDICTIVE_v1.0,AME,AME,False,1000,0.00096907949253777182,"{'population_ddof0': 0.0001040699928702329, 'sample_ddof1': 0.0001163537892378796}",1,COMPLETE,2a93d7b6a937ad9de8d0ac9298f66317fb5515d2152fa9795b8e78528239a2c8
U1,AME,rq4pl_531b9c0c619e4db6be919435fa31a4d082f65428f9aad61ca94aa5ea33f9e56d,0.0014423816060673612,3,1,PRIMARY_BUDGET_FIVE_SEED_MEAN,9.2333793919621747e-05,0.0001032323199123655,RQ4_U1_CROSSFIT_FLOW_PREDICTIVE_v1.0,AME,AME,False,1000,0.0014423816060673612,"{'population_ddof0': 9.233379391962175e-05, 'sample_ddof1': 0.0001032323199123655}",1,COMPLETE,2a93d7b6a937ad9de8d0ac9298f66317fb5515d2152fa9795b8e78528239a2c8
U1,AME,rq4pl_53e992688a427d676f535b232d898de29ce10d56c38aa1dee766e4ae5bddcaa9,-0.0006671550209360102,75,-1,PRIMARY_BUDGET_FIVE_SEED_MEAN,5.8402908279221475e-05,6.5296436498012248e-05,RQ4_U1_CROSSFIT_FLOW_PREDICTIVE_v1.0,AME,AME,False,1000,-0.0006671550209360102,"{'population_ddof0': 5.8402908279221475e-05, 'sample_ddof1': 6.529643649801225e-05}",1,COMPLETE,2a93d7b6a937ad9de8d0ac9298f66317fb5515d2152fa9795b8e78528239a2c8
U1,AME,rq4pl_57ceee7a7bef5403fac868dcc505d822058df3cc9480a2a7d1878aed23af10b0,2.7425712771242177e-05,36,1,PRIMARY_BUDGET_FIVE_SEED_MEAN,4.3312518963359138e-05,4.842486833940988e-05,RQ4_U1_CROSSFIT_FLOW_PREDICTIVE_v1.0,AME,AME,False,1000,2.7425712771242177e-05,"{'population_ddof0': 4.331251896335914e-05, 'sample_ddof1': 4.842486833940988e-05}",0.40000000000000002,COMPLETE,2a93d7b6a937ad9de8d0ac9298f66317fb5515d2152fa9795b8e78528239a2c8
U1,AME,rq4pl_5a2258b978ff34e7af144229f99d6c44cb7181831e348fc5629dcc0d2355dedf,0.00013540326037539933,17,1,PRIMARY_BUDGET_FIVE_SEED_MEAN,7.5439633696367753e-05,8.4344074571381003e-05,RQ4_U1_CROSSFIT_FLOW_PREDICTIVE_v1.0,AME,AME,False,1000,0.00013540326037539933,"{'population_ddof0': 7.543963369636775e-05, 'sample_ddof1': 8.4344074571381e-05}",0.80000000000000004,COMPLETE,2a93d7b6a937ad9de8d0ac9298f66317fb5515d2152fa9795b8e78528239a2c8
U1,AME,rq4pl_5ce73c4684c24f08ee44c4a4b831aa3856cf226ede09c76a2fa3b1f295805d90,-3.6777877943328941e-05,58,-1,PRIMARY_BUDGET_FIVE_SEED_MEAN,5.3111388733227608e-05,5.9380337793456683e-05,RQ4_U1_CROSSFIT_FLOW_PREDICTIVE_v1.0,AME,AME,False,1000,-3.6777877943328941e-05,"{'population_ddof0': 5.311138873322761e-05, 'sample_ddof1': 5.938033779345668e-05}",0.59999999999999998,COMPLETE,2a93d7b6a937ad9de8d0ac9298f66317fb5515d2152fa9795b8e78528239a2c8
U1,AME,rq4pl_5e6791ad491883687a106c94a0b9e41c52aabc86cfcfa05a9493431e840b60d0,0.0001202036263830611,20,1,PRIMARY_BUDGET_FIVE_SEED_MEAN,9.5310090128153415e-05,0.00010655992023409134,RQ4_U1_CROSSFIT_FLOW_PREDICTIVE_v1.0,AME,AME,False,1000,0.0001202036263830611,"{'population_ddof0': 9.531009012815342e-05, 'sample_ddof1': 0.00010655992023409134}",0.80000000000000004,COMPLETE,2a93d7b6a937ad9de8d0ac9298f66317fb5515d2152fa9795b8e78528239a2c8
U1,AME,rq4pl_5ed0bb4c8d3c870a714d77e2173f6576e6fdb37d1b4aeb30a571a4f3358d0209,-0.0013329202596077613,84,-1,PRIMARY_BUDGET_FIVE_SEED_MEAN,8.7939388223543996e-05,9.8319224983794431e-05,RQ4_U1_CROSSFIT_FLOW_PREDICTIVE_v1.0,AME,AME,False,1000,-0.0013329202596077613,"{'population_ddof0': 8.7939388223544e-05, 'sample_ddof1': 9.831922498379443e-05}",1,COMPLETE,2a93d7b6a937ad9de8d0ac9298f66317fb5515d2152fa9795b8e78528239a2c8
U1,AME,rq4pl_6214d02fd058209dcc56d1ae78ebd1fbb4e4cece516947fc2f4e8a164ee7ca01,0.00010575083111942999,27,1,PRIMARY_BUDGET_FIVE_SEED_MEAN,7.9140559194536451e-05,8.8481835068164746e-05,RQ4_U1_CROSSFIT_FLOW_PREDICTIVE_v1.0,AME,AME,False,1000,0.00010575083111942999,"{'population_ddof0': 7.914055919453645e-05, 'sample_ddof1': 8.848183506816475e-05}",0.80000000000000004,COMPLETE,2a93d7b6a937ad9de8d0ac9298f66317fb5515d2152fa9795b8e78528239a2c8
U1,AME,rq4pl_66bed34f45b4b3060987b79b022e3235a654f463837eee2d7269ac7e4626729b,-0.00012506727615317639,66,-1,PRIMARY_BUDGET_FIVE_SEED_MEAN,8.3891328803224448e-05,9.3793356963397983e-05,RQ4_U1_CROSSFIT_FLOW_PREDICTIVE_v1.0,AME,AME,False,1000,-0.00012506727615317639,"{'population_ddof0': 8.389132880322445e-05, 'sample_ddof1': 9.379335696339798e-05}",0.80000000000000004,COMPLETE,2a93d7b6a937ad9de8d0ac9298f66317fb5515d2152fa9795b8e78528239a2c8
U1,AME,rq4pl_6885d49a65f7468a688cb02159a3cd7b0b97e7bd82fdbd711c96b370284cd669,-0.00023143720870520603,68,-1,PRIMARY_BUDGET_FIVE_SEED_MEAN,8.8726632446954742e-05,9.9199390783014655e-05,RQ4_U1_CROSSFIT_FLOW_PREDICTIVE_v1.0,AME,AME,False,1000,-0.00023143720870520603,"{'population_ddof0': 8.872663244695474e-05, 'sample_ddof1': 9.919939078301465e-05}",1,COMPLETE,2a93d7b6a937ad9de8d0ac9298f66317fb5515d2152fa9795b8e78528239a2c8
U1,AME,rq4pl_6d050112c2bb5784fe247e301c0e63d0f5b9d3b1b8fd618851ca9e9c2b78b867,-2.8291925222098701e-05,54,-1,PRIMARY_BUDGET_FIVE_SEED_MEAN,6.3263087775993716e-05,7.073028236682897e-05,RQ4_U1_CROSSFIT_FLOW_PREDICTIVE_v1.0,AME,AME,False,1000,-2.8291925222098701e-05,"{'population_ddof0': 6.326308777599372e-05, 'sample_ddof1': 7.073028236682897e-05}",0.59999999999999998,COMPLETE,2a93d7b6a937ad9de8d0ac9298f66317fb5515d2152fa9795b8e78528239a2c8
U1,AME,rq4pl_6e3dc67c674d01023007eb26f49f8c58bff8b7e8b7bea62d5909611192d8e970,-0.00010507454247173228,65,-1,PRIMARY_BUDGET_FIVE_SEED_MEAN,6.4869455971931726e-05,7.2526256608334506e-05,RQ4_U1_CROSSFIT_FLOW_PREDICTIVE_v1.0,AME,AME,False,1000,-0.00010507454247173228,"{'population_ddof0': 6.486945597193173e-05, 'sample_ddof1': 7.25262566083345e-05}",1,COMPLETE,2a93d7b6a937ad9de8d0ac9298f66317fb5515d2152fa9795b8e78528239a2c8
U1,AME,rq4pl_704732b7282cac1f404ca502930d30fda9625a2af72f54afdac7dae6d25c7c54,-0.0013755406003090988,85,-1,PRIMARY_BUDGET_FIVE_SEED_MEAN,0.00011062307667581208,0.00012368035966364363,RQ4_U1_CROSSFIT_FLOW_PREDICTIVE_v1.0,AME,AME,False,1000,-0.0013755406003090988,"{'population_ddof0': 0.00011062307667581208, 'sample_ddof1': 0.00012368035966364363}",1,COMPLETE,2a93d7b6a937ad9de8d0ac9298f66317fb5515d2152fa9795b8e78528239a2c8
U1,AME,rq4pl_72dbce4ede6a34ce4cea21bd1569cc93f5bc5ec1ebf84e08d809d24bd83d3fb9,0,44,0,PRIMARY_BUDGET_FIVE_SEED_MEAN,0,0,RQ4_U1_CROSSFIT_FLOW_PREDICTIVE_v1.0,AME,AME,False,1000,0,"{'population_ddof0': 0.0, 'sample_ddof1': 0.0}",1,COMPLETE,2a93d7b6a937ad9de8d0ac9298f66317fb5515d2152fa9795b8e78528239a2c8
U1,AME,rq4pl_737f80c3dfd06ade34ad2149c1577883c219fbfba517f469b0a93f44cece88a5,0.00013045972248199372,18,1,PRIMARY_BUDGET_FIVE_SEED_MEAN,0.00011259559012654305,0.0001258856967448272,RQ4_U1_CROSSFIT_FLOW_PREDICTIVE_v1.0,AME,AME,False,1000,0.00013045972248199372,"{'population_ddof0': 0.00011259559012654305, 'sample_ddof1': 0.0001258856967448272}",0.80000000000000004,COMPLETE,2a93d7b6a937ad9de8d0ac9298f66317fb5515d2152fa9795b8e78528239a2c8
U1,AME,rq4pl_74622e5219312fc5296f8223c2d0d0885f85bd2a8d8ba7ec66a80fa237016b97,-0.00033239938091843854,71,-1,PRIMARY_BUDGET_FIVE_SEED_MEAN,7.4999354641468269e-05,8.3851827623468707e-05,RQ4_U1_CROSSFIT_FLOW_PREDICTIVE_v1.0,AME,AME,False,1000,-0.00033239938091843854,"{'population_ddof0': 7.499935464146827e-05, 'sample_ddof1': 8.385182762346871e-05}",1,COMPLETE,2a93d7b6a937ad9de8d0ac9298f66317fb5515d2152fa9795b8e78528239a2c8
U1,AME,rq4pl_751c80984b9439db6d959a253ef28d8ac8887109b64117f9e8ea128454eb21a9,-2.9646921348031425e-05,55,-1,PRIMARY_BUDGET_FIVE_SEED_MEAN,5.9293842696062849e-05,6.629253145778797e-05,RQ4_U1_CROSSFIT_FLOW_PREDICTIVE_v1.0,AME,AME,False,1000,-2.9646921348031425e-05,"{'population_ddof0': 5.929384269606285e-05, 'sample_ddof1': 6.629253145778797e-05}",0.20000000000000001,COMPLETE,2a93d7b6a937ad9de8d0ac9298f66317fb5515d2152fa9795b8e78528239a2c8
U1,AME,rq4pl_75cc85bb6c5b8925d272e917cc4dff9931194d33bba9d181181b84422284945c,-0.00052089599483274912,74,-1,PRIMARY_BUDGET_FIVE_SEED_MEAN,5.0871106813106023e-05,5.687562646237888e-05,RQ4_U1_CROSSFIT_FLOW_PREDICTIVE_v1.0,AME,AME,False,1000,-0.00052089599483274912,"{'population_ddof0': 5.087110681310602e-05, 'sample_ddof1': 5.687562646237888e-05}",1,COMPLETE,2a93d7b6a937ad9de8d0ac9298f66317fb5515d2152fa9795b8e78528239a2c8
U1,AME,rq4pl_7f11a95cb3c782a07423244f0559dc07990186de3f2c3433ca7c031a299e1ed6,0.0015903891296782401,2,1,PRIMARY_BUDGET_FIVE_SEED_MEAN,0.00012294843519189096,0.0001374605294081478,RQ4_U1_CROSSFIT_FLOW_PREDICTIVE_v1.0,AME,AME,False,1000,0.0015903891296782401,"{'population_ddof0': 0.00012294843519189096, 'sample_ddof1': 0.0001374605294081478}",1,COMPLETE,2a93d7b6a937ad9de8d0ac9298f66317fb5515d2152fa9795b8e78528239a2c8
U1,AME,rq4pl_81944e8b070b792bee63c694afa6df24ae334bcec84fb750323b7010e5b89f0c,-0.0011166582924172826,82,-1,PRIMARY_BUDGET_FIVE_SEED_MEAN,0.00012349184683124417,0.00013806808209082698,RQ4_U1_CROSSFIT_FLOW_PREDICTIVE_v1.0,AME,AME,False,1000,-0.0011166582924172826,"{'population_ddof0': 0.00012349184683124417, 'sample_ddof1': 0.00013806808209082698}",1,COMPLETE,2a93d7b6a937ad9de8d0ac9298f66317fb5515d2152fa9795b8e78528239a2c8
U1,AME,rq4pl_8418af3a52c899314f8cee1f68ef67042c14e244ec96f1651d6cf90adaf976e9,-7.5608322288923236e-05,62,-1,PRIMARY_BUDGET_FIVE_SEED_MEAN,8.0629242269685491e-05,9.014623334465809e-05,RQ4_U1_CROSSFIT_FLOW_PREDICTIVE_v1.0,AME,AME,False,1000,-7.5608322288923236e-05,"{'population_ddof0': 8.062924226968549e-05, 'sample_ddof1': 9.014623334465809e-05}",0.59999999999999998,COMPLETE,2a93d7b6a937ad9de8d0ac9298f66317fb5515d2152fa9795b8e78528239a2c8
U1,AME,rq4pl_873015599e1a61eaf581849d8f379b6279fe67f30b567aa06cb5672f7d93bb5b,1.0508242777034296e-05,40,1,PRIMARY_BUDGET_FIVE_SEED_MEAN,5.9779483041067341e-05,6.683549386981121e-05,RQ4_U1_CROSSFIT_FLOW_PREDICTIVE_v1.0,AME,AME,False,1000,1.0508242777034296e-05,"{'population_ddof0': 5.977948304106734e-05, 'sample_ddof1': 6.683549386981121e-05}",0.20000000000000001,COMPLETE,2a93d7b6a937ad9de8d0ac9298f66317fb5515d2152fa9795b8e78528239a2c8
U1,AME,rq4pl_8856b5958742c42b6b8b3285816039d964d4aa58cfbb750974ed3865743975d2,4.2879099802437521e-05,32,1,PRIMARY_BUDGET_FIVE_SEED_MEAN,8.5758199604875042e-05,9.5880581972248099e-05,RQ4_U1_CROSSFIT_FLOW_PREDICTIVE_v1.0,AME,AME,False,1000,4.2879099802437521e-05,"{'population_ddof0': 8.575819960487504e-05, 'sample_ddof1': 9.58805819722481e-05}",0.20000000000000001,COMPLETE,2a93d7b6a937ad9de8d0ac9298f66317fb5515d2152fa9795b8e78528239a2c8
U1,AME,rq4pl_8bfd3ead1ec4a765b15f2943774d78b22d2b5775e679545109e954a7ee722859,-0.00029739876358610671,69,-1,PRIMARY_BUDGET_FIVE_SEED_MEAN,7.2201359387697697e-05,8.0723573829392321e-05,RQ4_U1_CROSSFIT_FLOW_PREDICTIVE_v1.0,AME,AME,False,1000,-0.00029739876358610671,"{'population_ddof0': 7.22013593876977e-05, 'sample_ddof1': 8.072357382939232e-05}",1,COMPLETE,2a93d7b6a937ad9de8d0ac9298f66317fb5515d2152fa9795b8e78528239a2c8
U1,AME,rq4pl_8f9e3c929255cb478c6971057add1a066e4d207215ff914c925dbac0a0764b2e,-0.00014921373224953318,67,-1,PRIMARY_BUDGET_FIVE_SEED_MEAN,8.4276734136357368e-05,9.4224253225286061e-05,RQ4_U1_CROSSFIT_FLOW_PREDICTIVE_v1.0,AME,AME,False,1000,-0.00014921373224953318,"{'population_ddof0': 8.427673413635737e-05, 'sample_ddof1': 9.422425322528606e-05}",0.80000000000000004,COMPLETE,2a93d7b6a937ad9de8d0ac9298f66317fb5515d2152fa9795b8e78528239a2c8
U1,AME,rq4pl_91b95ed1e9b13d6acbb09a43677fd72ded41f866d90394cda2a5ddb957e36d36,0.0022968110225196304,1,1,PRIMARY_BUDGET_FIVE_SEED_MEAN,5.8519203761556164e-05,6.542645880000048e-05,RQ4_U1_CROSSFIT_FLOW_PREDICTIVE_v1.0,AME,AME,False,1000,0.0022968110225196304,"{'population_ddof0': 5.8519203761556164e-05, 'sample_ddof1': 6.542645880000048e-05}",1,COMPLETE,2a93d7b6a937ad9de8d0ac9298f66317fb5515d2152fa9795b8e78528239a2c8
U1,AME,rq4pl_9716a8135adaa7ff5e78cd7aecee78cc286787b70d5f21f713826ded4b790aaa,0.00011866458409690458,21,1,PRIMARY_BUDGET_FIVE_SEED_MEAN,0.00011395653208383881,0.00012740727610979966,RQ4_U1_CROSSFIT_FLOW_PREDICTIVE_v1.0,AME,AME,False,1000,0.00011866458409690458,"{'population_ddof0': 0.00011395653208383881, 'sample_ddof1': 0.00012740727610979966}",0.80000000000000004,COMPLETE,2a93d7b6a937ad9de8d0ac9298f66317fb5515d2152fa9795b8e78528239a2c8
U1,AME,rq4pl_9768f8f32c61c8a69c5c8756077724eeeef5d2cf4841e2d12e6d8181c2910438,-0.00036662449636533704,72,-1,PRIMARY_BUDGET_FIVE_SEED_MEAN,0.0001341744453636414,0.00015001159033821681,RQ4_U1_CROSSFIT_FLOW_PREDICTIVE_v1.0,AME,AME,False,1000,-0.00036662449636533704,"{'population_ddof0': 0.0001341744453636414, 'sample_ddof1': 0.0001500115903382168}",1,COMPLETE,2a93d7b6a937ad9de8d0ac9298f66317fb5515d2152fa9795b8e78528239a2c8
U1,AME,rq4pl_99654ddaf213d54232ef4d4124775aa57c181595de1c34c3e29845e83aa37d49,-0.00089291459183771064,78,-1,PRIMARY_BUDGET_FIVE_SEED_MEAN,4.764644818525506e-05,5.3270348514325902e-05,RQ4_U1_CROSSFIT_FLOW_PREDICTIVE_v1.0,AME,AME,False,1000,-0.00089291459183771064,"{'population_ddof0': 4.764644818525506e-05, 'sample_ddof1': 5.32703485143259e-05}",1,COMPLETE,2a93d7b6a937ad9de8d0ac9298f66317fb5515d2152fa9795b8e78528239a2c8
U1,AME,rq4pl_9d8d55b7ecd42bdf2bc5a4fa61d1e462b8d284af7c42aba26406dd2ddf39d05c,-1.0852642349577746e-05,49,-1,PRIMARY_BUDGET_FIVE_SEED_MEAN,9.3646408558525655e-06,1.0469986769279073e-05,RQ4_U1_CROSSFIT_FLOW_PREDICTIVE_v1.0,AME,AME,False,1000,-1.0852642349577746e-05,"{'population_ddof0': 9.364640855852566e-06, 'sample_ddof1': 1.0469986769279073e-05}",0.59999999999999998,COMPLETE,2a93d7b6a937ad9de8d0ac9298f66317fb5515d2152fa9795b8e78528239a2c8
U1,AME,rq4pl_a1074f330e6553f0cefe25f45b2c70ebcbbea3786546914da7ddefc7e5e39d49,0.00011604643896315282,22,1,PRIMARY_BUDGET_FIVE_SEED_MEAN,0.00011409524138417774,0.00012756235782213432,RQ4_U1_CROSSFIT_FLOW_PREDICTIVE_v1.0,AME,AME,False,1000,0.00011604643896315282,"{'population_ddof0': 0.00011409524138417774, 'sample_ddof1': 0.00012756235782213432}",0.59999999999999998,COMPLETE,2a93d7b6a937ad9de8d0ac9298f66317fb5515d2152fa9795b8e78528239a2c8
U1,AME,rq4pl_a9793baa644855553e8015d6a1b3d02070efe245762ffae94df09bd769cdcba2,-0.0011039930917378735,81,-1,PRIMARY_BUDGET_FIVE_SEED_MEAN,0.00017258984161571992,0.00019296130903933594,RQ4_U1_CROSSFIT_FLOW_PREDICTIVE_v1.0,AME,AME,False,1000,-0.0011039930917378735,"{'population_ddof0': 0.00017258984161571992, 'sample_ddof1': 0.00019296130903933594}",1,COMPLETE,2a93d7b6a937ad9de8d0ac9298f66317fb5515d2152fa9795b8e78528239a2c8
U1,AME,rq4pl_a9a9f8752e77fd422a9e11996f9c6ef7383c98dbd9fbbdefdd9ee2826a145f87,0.00078315604417559354,7,1,PRIMARY_BUDGET_FIVE_SEED_MEAN,0.00011785954182817515,0.00013177097366238972,RQ4_U1_CROSSFIT_FLOW_PREDICTIVE_v1.0,AME,AME,False,1000,0.00078315604417559354,"{'population_ddof0': 0.00011785954182817515, 'sample_ddof1': 0.00013177097366238972}",1,COMPLETE,2a93d7b6a937ad9de8d0ac9298f66317fb5515d2152fa9795b8e78528239a2c8
U1,AME,rq4pl_aafeaa0e17d1a236ab3d2a50b7c6ae0b1fad2ca480ec38ae3abc02cf28f07e57,9.6803321425074814e-06,41,1,PRIMARY_BUDGET_FIVE_SEED_MEAN,1.9186743563491929e-05,2.1451431437412253e-05,RQ4_U1_CROSSFIT_FLOW_PREDICTIVE_v1.0,AME,AME,False,1000,9.6803321425074814e-06,"{'population_ddof0': 1.918674356349193e-05, 'sample_ddof1': 2.1451431437412253e-05}",0.40000000000000002,COMPLETE,2a93d7b6a937ad9de8d0ac9298f66317fb5515d2152fa9795b8e78528239a2c8
U1,AME,rq4pl_abccb2a01a9363ea2b127868d79a3d4d232a900f8b9c11f011fb7d0f3e58f6f5,-5.5137241963292878e-08,45,-1,PRIMARY_BUDGET_FIVE_SEED_MEAN,1.6338112730967805e-05,1.8266565345249372e-05,RQ4_U1_CROSSFIT_FLOW_PREDICTIVE_v1.0,AME,AME,False,1000,-5.5137241963292878e-08,"{'population_ddof0': 1.6338112730967805e-05, 'sample_ddof1': 1.8266565345249372e-05}",0.40000000000000002,COMPLETE,2a93d7b6a937ad9de8d0ac9298f66317fb5515d2152fa9795b8e78528239a2c8
U1,AME,rq4pl_b453f91fa98c6b4bc6d049117656e8fe296ede0f009a6abfb6bf826a10c7b69f,0.00028163882869845471,12,1,PRIMARY_BUDGET_FIVE_SEED_MEAN,7.4409135065987351e-05,8.3191942077255504e-05,RQ4_U1_CROSSFIT_FLOW_PREDICTIVE_v1.0,AME,AME,False,1000,0.00028163882869845471,"{'population_ddof0': 7.440913506598735e-05, 'sample_ddof1': 8.31919420772555e-05}",1,COMPLETE,2a93d7b6a937ad9de8d0ac9298f66317fb5515d2152fa9795b8e78528239a2c8
U1,AME,rq4pl_b594945677d01537de1189aa78917fab2bd6dabba146cd05a66184ddbd4b6d69,8.6694731151256218e-05,29,1,PRIMARY_BUDGET_FIVE_SEED_MEAN,7.2126259755934556e-05,8.0639609888538542e-05,RQ4_U1_CROSSFIT_FLOW_PREDICTIVE_v1.0,AME,AME,False,1000,8.6694731151256218e-05,"{'population_ddof0': 7.212625975593456e-05, 'sample_ddof1': 8.063960988853854e-05}",0.59999999999999998,COMPLETE,2a93d7b6a937ad9de8d0ac9298f66317fb5515d2152fa9795b8e78528239a2c8
U1,AME,rq4pl_b65281ddda280d90e9154f2cd65dc9f053001b6c6ee2440b3874b357418202a7,-8.159505537521046e-05,63,-1,PRIMARY_BUDGET_FIVE_SEED_MEAN,4.2042721887732203e-05,4.700519205004375e-05,RQ4_U1_CROSSFIT_FLOW_PREDICTIVE_v1.0,AME,AME,False,1000,-8.159505537521046e-05,"{'population_ddof0': 4.20427218877322e-05, 'sample_ddof1': 4.700519205004375e-05}",0.80000000000000004,COMPLETE,2a93d7b6a937ad9de8d0ac9298f66317fb5515d2152fa9795b8e78528239a2c8
U1,AME,rq4pl_bcfb0a9fdadc4fe473ea2d864a7d932ae5a2336b39487c0be1a3b3d5694bbe35,0.00028918485835313635,10,1,PRIMARY_BUDGET_FIVE_SEED_MEAN,6.0540620142829605e-05,6.7686471019680008e-05,RQ4_U1_CROSSFIT_FLOW_PREDICTIVE_v1.0,AME,AME,False,1000,0.00028918485835313635,"{'population_ddof0': 6.0540620142829605e-05, 'sample_ddof1': 6.768647101968001e-05}",1,COMPLETE,2a93d7b6a937ad9de8d0ac9298f66317fb5515d2152fa9795b8e78528239a2c8
U1,AME,rq4pl_bf99a403b1c9dfee592b4f101a1cc64d37e474df5c0ef6e34633edb95dace400,-1.7948017137715317e-05,50,-1,PRIMARY_BUDGET_FIVE_SEED_MEAN,3.6809317860511925e-05,4.1154068470750892e-05,RQ4_U1_CROSSFIT_FLOW_PREDICTIVE_v1.0,AME,AME,False,1000,-1.7948017137715317e-05,"{'population_ddof0': 3.6809317860511925e-05, 'sample_ddof1': 4.115406847075089e-05}",0.40000000000000002,COMPLETE,2a93d7b6a937ad9de8d0ac9298f66317fb5515d2152fa9795b8e78528239a2c8
U1,AME,rq4pl_c1d8a9bfead19c50780def1c687d02f094e1ba4b78f034cf5f3af37ad6c6aa83,0.00024485321961918249,13,1,PRIMARY_BUDGET_FIVE_SEED_MEAN,4.6361067697096049e-05,5.183324944008819e-05,RQ4_U1_CROSSFIT_FLOW_PREDICTIVE_v1.0,AME,AME,False,1000,0.00024485321961918249,"{'population_ddof0': 4.636106769709605e-05, 'sample_ddof1': 5.183324944008819e-05}",1,COMPLETE,2a93d7b6a937ad9de8d0ac9298f66317fb5515d2152fa9795b8e78528239a2c8
U1,AME,rq4pl_c44c57063c4095d7c5cba9f266f89308c3187577332638e14a2ac9352a3bcedc,-0.00074199621472992739,76,-1,PRIMARY_BUDGET_FIVE_SEED_MEAN,8.6494282117507201e-05,9.6703547239895271e-05,RQ4_U1_CROSSFIT_FLOW_PREDICTIVE_v1.0,AME,AME,False,1000,-0.00074199621472992739,"{'population_ddof0': 8.64942821175072e-05, 'sample_ddof1': 9.670354723989527e-05}",1,COMPLETE,2a93d7b6a937ad9de8d0ac9298f66317fb5515d2152fa9795b8e78528239a2c8
U1,AME,rq4pl_c50df2d0f34dccd5c6fd4c04df2554296de0951cfae153caf66c3d1b28edf2a5,0.0001142218124719226,24,1,PRIMARY_BUDGET_FIVE_SEED_MEAN,9.9595629620665118e-05,0.00011135129904684939,RQ4_U1_CROSSFIT_FLOW_PREDICTIVE_v1.0,AME,AME,False,1000,0.0001142218124719226,"{'population_ddof0': 9.959562962066512e-05, 'sample_ddof1': 0.00011135129904684939}",0.80000000000000004,COMPLETE,2a93d7b6a937ad9de8d0ac9298f66317fb5515d2152fa9795b8e78528239a2c8
U1,AME,rq4pl_cd34281667eacd7ba152507c2c178706fcec3377ca5e4e7a03e57d0afe4039cf,-6.6175940127309683e-05,60,-1,PRIMARY_BUDGET_FIVE_SEED_MEAN,0.00011873086523926515,0.00013274514285118184,RQ4_U1_CROSSFIT_FLOW_PREDICTIVE_v1.0,AME,AME,False,1000,-6.6175940127309683e-05,"{'population_ddof0': 0.00011873086523926515, 'sample_ddof1': 0.00013274514285118184}",0.40000000000000002,COMPLETE,2a93d7b6a937ad9de8d0ac9298f66317fb5515d2152fa9795b8e78528239a2c8
U1,AME,rq4pl_d187d2566ae800dc511414b0bf0029f8d2abefaf8094e2056437ec93373a1302,3.4375960477156964e-05,35,1,PRIMARY_BUDGET_FIVE_SEED_MEAN,6.2894203176770097e-05,7.0317856846970585e-05,RQ4_U1_CROSSFIT_FLOW_PREDICTIVE_v1.0,AME,AME,False,1000,3.4375960477156964e-05,"{'population_ddof0': 6.28942031767701e-05, 'sample_ddof1': 7.031785684697058e-05}",0.40000000000000002,COMPLETE,2a93d7b6a937ad9de8d0ac9298f66317fb5515d2152fa9795b8e78528239a2c8
U1,AME,rq4pl_d1f9fd6e3cdcde1fa8756288e24a1963811e664635bfe1c22e95c370eed88648,0.00015669257640432346,14,1,PRIMARY_BUDGET_FIVE_SEED_MEAN,8.8632527802995917e-05,9.9094178592569482e-05,RQ4_U1_CROSSFIT_FLOW_PREDICTIVE_v1.0,AME,AME,False,1000,0.00015669257640432346,"{'population_ddof0': 8.863252780299592e-05, 'sample_ddof1': 9.909417859256948e-05}",1,COMPLETE,2a93d7b6a937ad9de8d0ac9298f66317fb5515d2152fa9795b8e78528239a2c8
U1,AME,rq4pl_d4000a9d56e3e14c3e7e40a365bd148cb599b417a3a3cf16b73585515a81e23b,1.4866525669229951e-06,43,1,PRIMARY_BUDGET_FIVE_SEED_MEAN,7.689232896346989e-05,8.5968237255297319e-05,RQ4_U1_CROSSFIT_FLOW_PREDICTIVE_v1.0,AME,AME,False,1000,1.4866525669229951e-06,"{'population_ddof0': 7.689232896346989e-05, 'sample_ddof1': 8.596823725529732e-05}",0.40000000000000002,COMPLETE,2a93d7b6a937ad9de8d0ac9298f66317fb5515d2152fa9795b8e78528239a2c8
U1,AME,rq4pl_d66b087b0e4957bdf0aafee5f81fa592b12fa633b7dc393d329e0222672b944b,0.00012780963424797288,19,1,PRIMARY_BUDGET_FIVE_SEED_MEAN,0.00012362273376659253,0.00013821441813322978,RQ4_U1_CROSSFIT_FLOW_PREDICTIVE_v1.0,AME,AME,False,1000,0.00012780963424797288,"{'population_ddof0': 0.00012362273376659253, 'sample_ddof1': 0.00013821441813322978}",0.80000000000000004,COMPLETE,2a93d7b6a937ad9de8d0ac9298f66317fb5515d2152fa9795b8e78528239a2c8
U1,AME,rq4pl_dbb38a3a562ab8c02a421b313352132a8954e8fe1fde0b346b91b568714e22b5,0.00011505215243846033,23,1,PRIMARY_BUDGET_FIVE_SEED_MEAN,2.2983980226201721e-05,2.569687108964902e-05,RQ4_U1_CROSSFIT_FLOW_PREDICTIVE_v1.0,AME,AME,False,1000,0.00011505215243846033,"{'population_ddof0': 2.298398022620172e-05, 'sample_ddof1': 2.569687108964902e-05}",1,COMPLETE,2a93d7b6a937ad9de8d0ac9298f66317fb5515d2152fa9795b8e78528239a2c8
U1,AME,rq4pl_dd9c02a4f48d8522951eca749bbc246b9ba10de171f1f6810bf6cdbd5db9ba96,-0.00095452825585609776,80,-1,PRIMARY_BUDGET_FIVE_SEED_MEAN,0.00020115304584973601,0.00022489594220057084,RQ4_U1_CROSSFIT_FLOW_PREDICTIVE_v1.0,AME,AME,False,1000,-0.00095452825585609776,"{'population_ddof0': 0.000201153045849736, 'sample_ddof1': 0.00022489594220057084}",1,COMPLETE,2a93d7b6a937ad9de8d0ac9298f66317fb5515d2152fa9795b8e78528239a2c8
U1,AME,rq4pl_ddded89f25c263e646c6de652144e12a3a857b99f36ea28a4e48059f0d3feedd,-0.0007830522042023226,77,-1,PRIMARY_BUDGET_FIVE_SEED_MEAN,0.00010905852718043873,0.00012193114015073474,RQ4_U1_CROSSFIT_FLOW_PREDICTIVE_v1.0,AME,AME,False,1000,-0.0007830522042023226,"{'population_ddof0': 0.00010905852718043873, 'sample_ddof1': 0.00012193114015073474}",1,COMPLETE,2a93d7b6a937ad9de8d0ac9298f66317fb5515d2152fa9795b8e78528239a2c8
U1,AME,rq4pl_e05ca12594d92d5ffa238e73d9c4d2d58648d44595cc4b742e4987827e6005ec,-0.0012315579510608068,83,-1,PRIMARY_BUDGET_FIVE_SEED_MEAN,8.5254213495629657e-05,9.5317108372253929e-05,RQ4_U1_CROSSFIT_FLOW_PREDICTIVE_v1.0,AME,AME,False,1000,-0.0012315579510608068,"{'population_ddof0': 8.525421349562966e-05, 'sample_ddof1': 9.531710837225393e-05}",1,COMPLETE,2a93d7b6a937ad9de8d0ac9298f66317fb5515d2152fa9795b8e78528239a2c8
U1,AME,rq4pl_e4bd54fcbb4fa282dda7e8b52bd3f36cabb08cbbb872585c2cfde9ab6fb52bc3,-9.3982307389821597e-06,48,-1,PRIMARY_BUDGET_FIVE_SEED_MEAN,1.8796461477964319e-05,2.1015082800592193e-05,RQ4_U1_CROSSFIT_FLOW_PREDICTIVE_v1.0,AME,AME,False,1000,-9.3982307389821597e-06,"{'population_ddof0': 1.879646147796432e-05, 'sample_ddof1': 2.1015082800592193e-05}",0.20000000000000001,COMPLETE,2a93d7b6a937ad9de8d0ac9298f66317fb5515d2152fa9795b8e78528239a2c8
U1,AME,rq4pl_ec4768bbd656fe4efb8d2ea314eb11fe6a2ab4f58c0075100553b6cdaa76dc40,0.0013390373483890094,4,1,PRIMARY_BUDGET_FIVE_SEED_MEAN,0.00011414083191262128,0.00012761332958249926,RQ4_U1_CROSSFIT_FLOW_PREDICTIVE_v1.0,AME,AME,False,1000,0.0013390373483890094,"{'population_ddof0': 0.00011414083191262128, 'sample_ddof1': 0.00012761332958249926}",1,COMPLETE,2a93d7b6a937ad9de8d0ac9298f66317fb5515d2152fa9795b8e78528239a2c8
U1,AME,rq4pl_f06a3f01fb3c07b5ede9269d49c7052b89b2a70e6ebeb1c9a9490a8445c53c66,0.00035544390731104389,9,1,PRIMARY_BUDGET_FIVE_SEED_MEAN,0.0001417896195876886,0.00015852561395095373,RQ4_U1_CROSSFIT_FLOW_PREDICTIVE_v1.0,AME,AME,False,1000,0.00035544390731104389,"{'population_ddof0': 0.0001417896195876886, 'sample_ddof1': 0.00015852561395095373}",1,COMPLETE,2a93d7b6a937ad9de8d0ac9298f66317fb5515d2152fa9795b8e78528239a2c8
U1,AME,rq4pl_f283062986cf5795c7e0e29998d378d3595c96b782e6a134e7bc7955513b7bda,9.7717327860909821e-05,28,1,PRIMARY_BUDGET_FIVE_SEED_MEAN,7.3088817659698699e-05,8.1715782341086688e-05,RQ4_U1_CROSSFIT_FLOW_PREDICTIVE_v1.0,AME,AME,False,1000,9.7717327860909821e-05,"{'population_ddof0': 7.30888176596987e-05, 'sample_ddof1': 8.171578234108669e-05}",1,COMPLETE,2a93d7b6a937ad9de8d0ac9298f66317fb5515d2152fa9795b8e78528239a2c8
U1,AME,rq4pl_f5199056462868814f42843c579cdd76cde8a2c78ce0473ab4111070b99d79ae,-2.2461461314864022e-05,52,-1,PRIMARY_BUDGET_FIVE_SEED_MEAN,2.764963202602623e-05,3.0913228381524941e-05,RQ4_U1_CROSSFIT_FLOW_PREDICTIVE_v1.0,AME,AME,False,1000,-2.2461461314864022e-05,"{'population_ddof0': 2.764963202602623e-05, 'sample_ddof1': 3.091322838152494e-05}",0.40000000000000002,COMPLETE,2a93d7b6a937ad9de8d0ac9298f66317fb5515d2152fa9795b8e78528239a2c8
U1,AME,rq4pl_f7a890ef24f1a183fda1bc7b51c391847589dc2ba49cbdc108238cd7c3f5de69,-0.00089399451344888622,79,-1,PRIMARY_BUDGET_FIVE_SEED_MEAN,6.074039793508204e-05,6.7909829381615649e-05,RQ4_U1_CROSSFIT_FLOW_PREDICTIVE_v1.0,AME,AME,False,1000,-0.00089399451344888622,"{'population_ddof0': 6.074039793508204e-05, 'sample_ddof1': 6.790982938161565e-05}",1,COMPLETE,2a93d7b6a937ad9de8d0ac9298f66317fb5515d2152fa9795b8e78528239a2c8
U1,AME,rq4pl_f96533b8d21a3e2fdc49eee8d6249c15c50d1169ec3cbf289a9b206512db5095,-6.7882532034167712e-06,47,-1,PRIMARY_BUDGET_FIVE_SEED_MEAN,6.5007105317283563e-05,7.2680153254967041e-05,RQ4_U1_CROSSFIT_FLOW_PREDICTIVE_v1.0,AME,AME,False,1000,-6.7882532034167712e-06,"{'population_ddof0': 6.500710531728356e-05, 'sample_ddof1': 7.268015325496704e-05}",0.20000000000000001,COMPLETE,2a93d7b6a937ad9de8d0ac9298f66317fb5515d2152fa9795b8e78528239a2c8
U1,AME,rq4pl_fb1bfc39fd90c2e580b66654de71236ee19ebcbd49a84453055e3de655354d7a,2.6334134437246182e-05,37,1,PRIMARY_BUDGET_FIVE_SEED_MEAN,7.3813282141228423e-05,8.2525758255078992e-05,RQ4_U1_CROSSFIT_FLOW_PREDICTIVE_v1.0,AME,AME,False,1000,2.6334134437246182e-05,"{'population_ddof0': 7.381328214122842e-05, 'sample_ddof1': 8.252575825507899e-05}",0.80000000000000004,COMPLETE,2a93d7b6a937ad9de8d0ac9298f66317fb5515d2152fa9795b8e78528239a2c8
